incident_id,attack_vector_primary,downtime_hours,data_compromised_records,data_type,systems_affected,attack_vector_secondary,attack_chain,company_revenue_usd,employee_count,market_cap_at_disclosure,is_public_company,total_loss_usd,direct_loss_usd,recovery_cost_usd,legal_fees_usd,regulatory_fine_usd,insurance_payout_usd,abnormal_return_1d,abnormal_return_7d,abnormal_return_30d,days_to_price_recovery,volume_ratio_disclosure,p_value_1d,quality_score,quality_grade,confidence_tier,company_name,country_hq,industry_primary,industry_secondary,stock_ticker_x,incident_date,incident_date_estimated,discovery_date,disclosure_date,attributed_group,attribution_confidence,data_source_primary,data_source_secondary,data_source_type,review_flag,notes_x,created_at_x,updated_at_x,direct_loss_method,ransom_demanded_usd,ransom_paid_usd,ransom_source,total_loss_method,total_loss_lower_bound,total_loss_upper_bound,inflation_adjusted_usd,cpi_index_used,notes_y,created_at_y,updated_at_y,stock_ticker_y,price_7d_before,price_disclosure_day,price_1d_after,price_7d_after,price_30d_after,volume_avg_30d_baseline,volume_disclosure_day,sector_index,sector_return_same_period,car_neg1_to_pos1,car_0_to_7,car_0_to_30,car_0_to_90,t_statistic_1d,t_statistic_30d,p_value_30d,earnings_announcement_within_7d,pre_incident_volatility_30d,post_incident_volatility_30d,notes,created_at,updated_at
2021-0111-001,phishing,,221745,financial,"SCADA,website,HR_systems",backdoor,Spear-phishing campaign targeting finance team ? credential harvesting through cloned SSO portal ? email account compromise ? BEC wire transfer or data exfiltration,1024750621.53,1835,3861498370.06,TRUE,2591410.87,1600000,584549.71,406861.16,,564566.39,-0.008545,-0.028599,-0.019019,49,2.3269,1,92.08,Gold,2,Chandra Electric Group Inc.,US,22,,CHAN,2021-01-11,FALSE,2021-01-23,2021-03-15,,,https://www.chandra-electric-group-in.com/newsroom/2021/10/security-update,,company_pr,,Multiple subsidiaries affected across 7 jurisdictions,2026-02-12T10:00:00Z,2026-02-12T10:00:00Z,calculated,,,,disclosed,2032977.68,3348117.87,3074652.53,CPI-U 2021 (270.97),Recovery includes infrastructure rebuild; company migrated to new cloud provider,2026-02-12T10:00:00Z,2026-02-12T10:00:00Z,CHAN,13.77,13.03,12.92,12.66,12.78,347698,809044,S&P 500 Utilities,0.012865,-0.007215,-0.028599,-0.019019,0.003527,-0.6066,-0.6717,1,FALSE,0.020707,0.031208,,2026-02-12T10:00:00Z,2026-02-12T10:00:00Z
2021-0117-001,ransomware,40.54,20656,health,"backup_systems,email,active_directory,customer_database,cloud_infrastructure",,Phishing email with weaponized attachment ? credential theft via Mimikatz ? lateral movement via RDP/SMB ? Active Directory compromise ? ransomware deployment across domain-joined hosts,326937106.57,1233,1378665829.57,TRUE,7428284.68,2827335.54,2387941.53,474124.37,,,-0.046761,-0.089411,-0.056139,325,2.7503,0.77025,94.86,Gold,1,TrustCommerce Financial Co. Ltd.,JP,52,,TRUS.T,2021-01-17,FALSE,2021-01-27,2021-03-17,,,https://www.sec.gov/cgi-bin/browse-edgar?action=getcompany&CIK=0001250779&type=8-K&dateb=20210802&owner=include&count=10,,sec_filing,,,2026-02-12T10:00:00Z,2026-02-12T10:00:00Z,calculated,2193976.56,1738883.24,blockchain analysis,disclosed,5571388.5,10679676.14,8813497.9,CPI-U 2021 (270.97),Insurance claim partially denied; payout reflects negotiated settlement at 26% of claim,2026-02-12T10:00:00Z,2026-02-12T10:00:00Z,TRUS.T,6.7,6.63,6.32,6.04,6.26,9909525,27253960,S&P 500 Financials,-0.002252,-0.044471,-0.089411,-0.056139,-0.03465,-2.4595,-2.2843,0.85785,FALSE,0.030143,0.03448,Elevated options activity detected 10 days before public disclosure,2026-02-12T10:00:00Z,2026-02-12T10:00:00Z
2021-0204-001,apt,68.75,6942211,PII,"active_directory,HR_systems,backup_systems,payment_systems",,,6361471497.37,22441,12021652069.56,TRUE,15103657.3,8051455.62,6536705.14,515496.54,,2790140.78,-0.077538,-0.038794,-0.058621,287,2.6328,0.0002,71.59,Silver,2,Frankfurt Holdings GmbH,DE,52,,FRAN.DE,2021-02-04,FALSE,2021-02-06,2021-03-30,BlackBasta,suspected,https://www.frankfurt-holdings-gmbh.com/newsroom/2021/03/security-update,,company_pr,,,2026-02-12T10:00:00Z,2026-02-12T10:00:00Z,disclosed,,,,estimated,11850123.76,25971974.79,17920160.25,CPI-U 2021 (270.97),Direct costs confirmed via SEC 8-K filing on 2021-04-05,2026-02-12T10:00:00Z,2026-02-12T10:00:00Z,FRAN.DE,52.66,48.15,44.42,46.28,45.33,2490790,6557805,S&P 500 Financials,0.002711,-0.082641,-0.038794,-0.058621,-0.060073,-7.48,-2.5619,0.71905,FALSE,0.014828,0.024426,,2026-02-12T10:00:00Z,2026-02-12T10:00:00Z
2021-0205-001,ransomware,118.21,2956,health,"ERP,active_directory",phishing,,10701624581.02,61054,42570712101.88,TRUE,127339068.77,71193597.51,33276403.61,22869067.65,,,-0.063785,-0.043933,-0.017833,25,2.8056,0.2632,77.33,Silver,1,Chicago Logistics Inc.,US,48-49,,CHIC,2021-02-05,FALSE,2021-08-07,2021-09-12,Hunters_International,suspected,https://www.sec.gov/cgi-bin/browse-edgar?action=getcompany&CIK=0001877654&type=8-K&dateb=20210107&owner=include&count=10,https://www.chicago-logistics-inc.com/newsroom/2021/11/security-update,sec_filing,,,2026-02-12T10:00:00Z,2026-02-12T10:00:00Z,disclosed,2273003.75,,,estimated,105251174.74,180888671.15,151085030.11,CPI-U 2021 (270.97),,2026-02-12T10:00:00Z,2026-02-12T10:00:00Z,CHIC,143.27,139.92,131,133.77,137.42,2511252,7045652,S&P 500 Industrials,-0.018564,-0.061826,-0.043933,-0.017833,-0.019445,-3.4736,-1.3222,1,FALSE,0.02752,0.052844,,2026-02-12T10:00:00Z,2026-02-12T10:00:00Z
2021-0212-001,phishing,,1426,PII,SSO,,,2062558088.07,20810,11685123769.37,TRUE,27280419.94,12824044.42,12254989.62,2201385.9,,15915041.55,0.006216,-0.010496,-0.00957,43,3.109,1,81.05,Silver,1,Atlas Quartz Group Co.,US,72,,ATLA,2021-02-12,FALSE,2021-02-14,2021-03-22,,,https://www.edpb.europa.eu/decisions/2021/02/INQ-2021-00388,https://www.crowdstrike.com/blog/atlas-quartz-group-c-intrusion-analysis-2021/,gdpr_notification,,Third-party managed service provider was initial entry point,2026-02-12T10:00:00Z,2026-02-12T10:00:00Z,disclosed,,,,calculated,19840279.51,39861209.88,32367623.76,CPI-U 2021 (270.97),Business interruption losses estimated from quarterly revenue delta,2026-02-12T10:00:00Z,2026-02-12T10:00:00Z,ATLA,29.24,26.62,26.79,26.34,26.37,2273119,7067021,S&P 500 Consumer Discretionary,0.005736,0.005239,-0.010496,-0.00957,0.007163,0.3662,-0.3839,1,TRUE,0.030279,0.052768,,2026-02-12T10:00:00Z,2026-02-12T10:00:00Z
2021-0213-001,data_breach,,321215,credentials,payment_systems,,Misconfigured cloud storage bucket discovered by automated scanner ? bulk data download over 72 hours ? data posted to dark web marketplace,733412842.38,8169,2984412393.86,TRUE,7790462.07,4864706.42,1593635.93,1332119.72,,2496437.92,-0.029562,-0.012044,-0.010566,24,2.5748,1,71.71,Silver,3,Stuttgart Distribution SE,DE,44-45,,STUT.DE,2021-02-13,TRUE,2021-02-14,2021-04-05,,,https://www.crowdstrike.com/blog/stuttgart-distributi-intrusion-analysis-2021/,https://www.bleepingcomputer.com/news/security/stuttgart-distribution-se-hit-by-cyberattack-2021/,cybersecurity_firm,,Multiple subsidiaries affected across 8 jurisdictions,2026-02-12T10:00:00Z,2026-02-12T10:00:00Z,estimated,,,,calculated,5394998.39,12613049.29,9243213.48,CPI-U 2021 (270.97),,2026-02-12T10:00:00Z,2026-02-12T10:00:00Z,STUT.DE,5.34,5.43,5.27,5.36,5.37,2521343,6491913,S&P 500 Consumer Discretionary,-0.006342,-0.027836,-0.012044,-0.010566,-0.008723,-1.6203,-0.5624,1,FALSE,0.02798,0.030972,,2026-02-12T10:00:00Z,2026-02-12T10:00:00Z
2021-0224-001,trojan,,19166,IP,"customer_database,manufacturing_OT,payment_systems,file_servers,CRM",apt,,937253476.98,2650,2908116188.19,TRUE,216102119.25,126529219.39,75658734.87,13704801.29,209363.7,,-0.036177,-0.038476,-0.010741,57,3.4436,1,88.5,Gold,3,Trident Wave Robotics Co.,US,51,,TWR,2021-02-24,FALSE,2021-02-27,2021-04-22,Conti,unknown,https://www.theregister.com/2021/06/19/trident-wave-robotic_security_incident/,https://www.crowdstrike.com/blog/trident-wave-robotic-intrusion-analysis-2021/,verified_media,,,2026-02-12T10:00:00Z,2026-02-12T10:00:00Z,estimated,,,,disclosed,142029157.87,331790791.52,256400455.18,CPI-U 2021 (270.97),,2026-02-12T10:00:00Z,2026-02-12T10:00:00Z,TWR,9.23,9.42,9.08,9.06,9.32,402817,1387133,S&P 500 Information Technology,0.01013,-0.043255,-0.038476,-0.010741,-0.019576,-1.9386,-0.4971,1,FALSE,0.028992,0.040429,,2026-02-12T10:00:00Z,2026-02-12T10:00:00Z
2021-0224-002,ransomware,61.32,142080,mixed,"website,backup_systems,SSO",malware,Phishing email with weaponized attachment ? credential theft via Mimikatz ? lateral movement via RDP/SMB ? Active Directory compromise ? ransomware deployment across domain-joined hosts,124051345.28,344,877768344.55,TRUE,347604.06,180000,148877.99,18726.07,,,-0.064848,-0.071511,-0.013981,44,3.8227,0.0002,99.78,Gold,3,LineDirect Group Co.,NO,42,,LINE.OL,2021-02-24,FALSE,2021-03-29,2021-05-13,Hunters_International,unknown,https://unit42.paloaltonetworks.com/threat-brief-linedirect-group-co-2021/,,cybersecurity_firm,,,2026-02-12T10:00:00Z,2026-02-12T10:00:00Z,calculated,6278253.39,,,disclosed,227197.69,486939.74,412424.64,CPI-U 2021 (270.97),,2026-02-12T10:00:00Z,2026-02-12T10:00:00Z,LINE.OL,12.96,13.57,12.69,12.6,13.38,1151372,4401391,S&P 500,-0.006348,-0.058236,-0.071511,-0.013981,-0.009091,-5.6686,-0.5003,1,FALSE,0.039092,0.051572,,2026-02-12T10:00:00Z,2026-02-12T10:00:00Z
2021-0315-001,phishing,,1107796,mixed,"HR_systems,CRM,VPN",,Spear-phishing campaign targeting finance team ? credential harvesting through cloned SSO portal ? email account compromise ? BEC wire transfer or data exfiltration,139825903.53,912,648911379.54,TRUE,9354133.8,4682151.47,3642946.48,1029035.85,,1772460.33,-0.03953,-0.033979,-0.045737,324,3.0973,0.0002,94.51,Gold,2,Sterling Forge Markets Holdings Inc.,US,44-45,,SFM,2021-03-15,FALSE,2021-04-03,2021-07-03,,,https://www.sterling-forge-markets-ho.com/newsroom/2021/10/security-update,https://www.mandiant.com/resources/blog/sterling-forge-marke-incident-response-2021,company_pr,,,2026-02-12T10:00:00Z,2026-02-12T10:00:00Z,disclosed,,,,disclosed,7648967.81,14525208.78,11098475.91,CPI-U 2021 (270.97),,2026-02-12T10:00:00Z,2026-02-12T10:00:00Z,SFM,9.37,9.09,8.73,8.78,8.67,458826,1421143,S&P 500 Consumer Discretionary,0.002086,-0.04001,-0.033979,-0.045737,-0.007916,-5.5269,-2.0352,0.9824,FALSE,0.017116,0.027638,,2026-02-12T10:00:00Z,2026-02-12T10:00:00Z
2021-0317-001,apt,19.97,1000,mixed,"website,email,ERP,backup_systems",ddos,Zero-day exploit in edge device ? fileless implant in memory ? scheduled task persistence ? low-and-slow data staging ? encrypted exfiltration over DNS tunneling,20153961059.2,219647,128872957005.83,TRUE,66687719.84,42445466.2,15890448.89,8351804.75,,10770959.08,-0.065307,-0.080396,0.00437,16,2.7214,0.0002,79.81,Silver,1,Okonkwo Retail Holdings PLC,GB,44-45,,OKON.L,2021-03-17,FALSE,2021-03-27,2021-04-28,Scattered_Spider,suspected,https://www.sec.gov/cgi-bin/browse-edgar?action=getcompany&CIK=0001813537&type=8-K&dateb=20211213&owner=include&count=10,,sec_filing,,,2026-02-12T10:00:00Z,2026-02-12T10:00:00Z,disclosed,,,,disclosed,49565346.16,101512705.18,79123526.33,CPI-U 2021 (270.97),,2026-02-12T10:00:00Z,2026-02-12T10:00:00Z,OKON.L,137.05,135.14,126.31,124.28,135.73,1980745,5390415,S&P 500 Consumer Discretionary,0.019761,-0.06919,-0.080396,0.00437,0.01165,-4.1753,0.2729,1,FALSE,0.03897,0.074349,,2026-02-12T10:00:00Z,2026-02-12T10:00:00Z
2021-0318-001,ransomware,,1000,mixed,"SCADA,website,HR_systems,backup_systems,ERP",,Phishing email with weaponized attachment ? credential theft via Mimikatz ? lateral movement via RDP/SMB ? Active Directory compromise ? ransomware deployment across domain-joined hosts,28044413739.67,186063,211436688351.51,TRUE,137250034.25,61086782.13,55227154.88,20222350.04,,84623673.51,-0.029378,-0.003854,-0.030284,124,2.9139,0.7242,56.47,Bronze,1,Arrow Phoenix Stores Group PLC,GB,44-45,52,APS.L,2021-03-18,FALSE,2021-03-21,2021-03-28,,,https://www.sec.gov/cgi-bin/browse-edgar?action=getcompany&CIK=0001792539&type=8-K&dateb=20211124&owner=include&count=10,,sec_filing,low_quality_score,,2026-02-12T10:00:00Z,2026-02-12T10:00:00Z,estimated,1095151.86,713747.2,blockchain analysis,calculated,102272971.88,162392293.37,162844174.67,CPI-U 2021 (270.97),Ransom negotiated down 34% from initial demand via third-party negotiator,2026-02-12T10:00:00Z,2026-02-12T10:00:00Z,APS.L,287.04,260.26,252.61,259.26,252.38,2739707,7983267,S&P 500 Consumer Discretionary,-0.011103,-0.034091,-0.003854,-0.030284,-0.016519,-2.5516,-1.0831,1,FALSE,0.010521,0.02054,,2026-02-12T10:00:00Z,2026-02-12T10:00:00Z
2021-0318-002,supply_chain,144.06,,,"cloud_infrastructure,customer_database,HR_systems,website,SCADA",ransomware,Compromised third-party software update ? trojanized DLL sideloaded ? C2 beacon established ? persistent access across customer environments,640396276.87,2196,3429037650.48,TRUE,4425406.7,2469959.56,1755889.61,199557.53,,,-0.051165,-0.038259,-0.019079,49,3.2203,0.0002,74.8,Silver,3,Brennan Software N.V.,NL,51,,BREN.AS,2021-03-18,FALSE,2021-06-16,2021-07-06,RansomHub,probable,https://www.mandiant.com/resources/blog/brennan-software-nv-incident-response-2021,,cybersecurity_firm,,Incident scope expanded during investigation; initial disclosure understated impact,2026-02-12T10:00:00Z,2026-02-12T10:00:00Z,estimated,,,,estimated,3188747.43,5220791.65,5250648.61,CPI-U 2021 (270.97),Recovery costs include $14.9M for forensic investigation by Stroz_Friedberg,2026-02-12T10:00:00Z,2026-02-12T10:00:00Z,BREN.AS,6.42,6.28,5.96,6.04,6.16,5239986,16874279,S&P 500 Information Technology,0.021438,-0.063836,-0.038259,-0.019079,-0.030687,-7.7867,-1.0008,1,FALSE,0.034252,0.062589,,2026-02-12T10:00:00Z,2026-02-12T10:00:00Z
2021-0326-001,phishing,,,,"SCADA,email",,Spear-phishing campaign targeting finance team ? credential harvesting through cloned SSO portal ? email account compromise ? BEC wire transfer or data exfiltration,5717804132.62,20475,9138867043.19,TRUE,83485011.28,39433374.43,37554112.84,6497524.01,,37860436.63,-0.009882,-0.023829,0.005594,16,3.4046,1,72.37,Silver,1,GuarantyBond Group Group Inc.,BE,52,,GUAR.BR,2021-03-26,TRUE,2021-05-30,2021-07-15,BianLian,probable,https://www.ico.org.uk/decisions/2021/05/INQ-2021-00695,,gdpr_notification,,,2026-02-12T10:00:00Z,2026-02-12T10:00:00Z,calculated,,,,estimated,57844000.2,139238608.93,99053146.57,CPI-U 2021 (270.97),,2026-02-12T10:00:00Z,2026-02-12T10:00:00Z,GUAR.BR,78.66,74.72,73.98,72.94,75.14,1478844,5034943,S&P 500 Financials,-0.016028,-0.010608,-0.023829,0.005594,-0.008771,-0.7471,0.165,1,FALSE,0.035394,0.049767,,2026-02-12T10:00:00Z,2026-02-12T10:00:00Z
2021-0328-001,ransomware,,,,CRM,data_breach,Phishing email with weaponized attachment ? credential theft via Mimikatz ? lateral movement via RDP/SMB ? Active Directory compromise ? ransomware deployment across domain-joined hosts,522043355.7,2020,1049171833.33,TRUE,8135885.41,3423152.64,3994991.85,717740.92,,3484022.95,-0.027237,-0.00298,-0.021372,111,2.843,1,78.76,Silver,3,Zenith Solar Utilities Holdings Ltd.,IN,22,61,ZSU.NS,2021-03-28,FALSE,2021-09-29,2021-11-20,,,https://blog.talosintelligence.com/2021/05/zenith-solar-utiliti-campaign.html,https://www.zenith-solar-utilities-ho.com/newsroom/2021/10/security-update,cybersecurity_firm,,,2026-02-12T10:00:00Z,2026-02-12T10:00:00Z,estimated,19475737.29,,,estimated,5716719.63,13507050.72,9653050.74,CPI-U 2021 (270.97),Cyber insurance policy sublimit of $24.2M applied; excess borne by company,2026-02-12T10:00:00Z,2026-02-12T10:00:00Z,ZSU.NS,12.51,11.94,11.61,11.9,11.68,2358652,6705763,S&P 500 Utilities,0.008621,-0.032632,-0.00298,-0.021372,-0.020655,-1.5318,-4.2744,0.0002,FALSE,0.012082,0.023908,,2026-02-12T10:00:00Z,2026-02-12T10:00:00Z
2021-0331-002,data_breach,,94805,mixed,"manufacturing_OT,cloud_infrastructure",,Misconfigured cloud storage bucket discovered by automated scanner ? bulk data download over 72 hours ? data posted to dark web marketplace,30844588518.41,117599,230247122602.88,TRUE,89701048.32,53300000,33694812.58,2706235.74,,,-0.032316,-0.043373,-0.028293,282,1.5424,1,87.27,Gold,1,SaoPaulo Bank S.A.,BR,52,44-45,SAOP.SA,2021-03-31,FALSE,2021-04-09,2021-07-18,,,https://www.sec.gov/cgi-bin/browse-edgar?action=getcompany&CIK=0001145127&type=8-K&dateb=20210204&owner=include&count=10,,sec_filing,,,2026-02-12T10:00:00Z,2026-02-12T10:00:00Z,disclosed,,,,calculated,75718719.63,139403603.48,106428339.06,CPI-U 2021 (270.97),,2026-02-12T10:00:00Z,2026-02-12T10:00:00Z,SAOP.SA,302.33,266.96,258.33,255.38,259.41,433613,668788,S&P 500 Financials,0.028346,-0.038841,-0.043373,-0.028293,-0.038974,-1.8232,-1.8482,1,FALSE,0.022489,0.043272,Thinly traded stock (avg volume < 100K); abnormal returns subject to higher noise,2026-02-12T10:00:00Z,2026-02-12T10:00:00Z
2021-0409-001,supply_chain,23.77,,,"backup_systems,website",,Compromised third-party software update ? trojanized DLL sideloaded ? C2 beacon established ? persistent access across customer environments,76762678830.76,254977,378222379757.58,TRUE,154866061.89,93921740.2,37486117.9,23458203.79,,28929196.6,-0.042094,-0.033258,-0.024213,80,2.1593,0.68185,83.96,Silver,4,Bravo Zephyr Engineering Holdings PLC,GB,31-33,72,BZE.L,2021-04-09,FALSE,2021-04-16,2021-06-05,REvil,probable,https://krebsonsecurity.com/2021/01/bravo-zephyr-enginee-breach-exposes-data/,https://www.crowdstrike.com/blog/bravo-zephyr-enginee-intrusion-analysis-2021/,verified_media,,Initially reported as IT maintenance outage; later reclassified as security incident,2026-02-12T10:00:00Z,2026-02-12T10:00:00Z,estimated,,,,calculated,127609140.99,179265130.05,183745207.58,CPI-U 2021 (270.97),,2026-02-12T10:00:00Z,2026-02-12T10:00:00Z,BZE.L,654.62,599.62,574.38,579.68,585.1,915055,1975907,S&P 500 Industrials,0.003592,-0.038722,-0.033258,-0.024213,-0.037282,-2.6363,-0.8895,1,TRUE,0.032713,0.050085,,2026-02-12T10:00:00Z,2026-02-12T10:00:00Z
2021-0410-001,apt,184.36,289471,credentials,"file_servers,customer_database,CRM,payment_systems,cloud_infrastructure",,Zero-day exploit in edge device ? fileless implant in memory ? scheduled task persistence ? low-and-slow data staging ? encrypted exfiltration over DNS tunneling,849956651.61,2065,2386866119.03,TRUE,56727683.13,29445153.67,23046971.31,1596757.73,2638800.42,21055484.22,-0.043404,-0.062105,-0.064081,235,3.8538,0.29875,97.25,Gold,1,Miami Electric Co.,US,22,,MIA1,2021-04-10,FALSE,2021-04-16,2021-05-16,,,https://www.sec.gov/cgi-bin/browse-edgar?action=getcompany&CIK=0001996994&type=8-K&dateb=20210727&owner=include&count=10,https://www.miami-electric-co.com/newsroom/2021/12/security-update,sec_filing,,,2026-02-12T10:00:00Z,2026-02-12T10:00:00Z,estimated,,,,calculated,40534031.39,97225163.7,67306159.82,CPI-U 2021 (270.97),Recovery includes infrastructure rebuild; company migrated to new cloud provider,2026-02-12T10:00:00Z,2026-02-12T10:00:00Z,MIA1,6.41,6.42,6.14,6.02,6.01,1140471,4395107,S&P 500 Utilities,-0.010206,-0.035445,-0.062105,-0.064081,-0.027903,-3.4025,-3.395,0.3025,FALSE,0.030699,0.060395,,2026-02-12T10:00:00Z,2026-02-12T10:00:00Z
2021-0413-001,data_breach,,5376,IP,"website,VPN",,,6162617575.17,13148,14292683145.39,TRUE,36362869.45,14859506.63,17132010.45,4371352.37,,16992182.3,-0.035696,-0.051664,-0.046704,293,2.7651,1,95.48,Gold,3,Vancouver Bancorp Corp.,CA,52,62,VANC.TO,2021-04-13,FALSE,2021-04-15,2021-04-30,Scattered_Spider,probable,https://blog.talosintelligence.com/2021/12/vancouver-bancorp-co-campaign.html,,cybersecurity_firm,,,2026-02-12T10:00:00Z,2026-02-12T10:00:00Z,estimated,,,,estimated,28647358.33,58273008.38,43143752.18,CPI-U 2021 (270.97),Business interruption losses estimated from quarterly revenue delta,2026-02-12T10:00:00Z,2026-02-12T10:00:00Z,VANC.TO,51.38,50.57,48.76,47.96,48.21,429131,1186588,S&P 500 Financials,-0.005542,-0.039218,-0.051664,-0.046704,-0.030005,-1.2772,-9.3408,0.0002,FALSE,0.013134,0.025345,Concurrent dividend announcement partially offset negative price reaction,2026-02-12T10:00:00Z,2026-02-12T10:00:00Z
2021-0421-001,malware,23.59,1000,PII,cloud_infrastructure,,Trojanized installer via SEO-poisoned download ? fileless PowerShell execution ? registry run-key persistence ? credential dumping via LSASS ? data staged for exfil,1432177180.55,12124,2483708091.29,TRUE,22104786.99,13114043.72,5254950.2,3735793.07,,9042647.09,-0.033532,-0.050593,-0.05166,110,1.8898,0.52875,99.68,Gold,3,Paladin Lynx Therapeutics Ltd.,SG,62,,PLT.SI,2021-04-21,FALSE,2021-04-27,2021-06-02,Conti,suspected,https://blog.talosintelligence.com/2021/03/paladin-lynx-therape-campaign.html,,cybersecurity_firm,,,2026-02-12T10:00:00Z,2026-02-12T10:00:00Z,estimated,,,,calculated,15898064.82,26351228.34,26226848.05,CPI-U 2021 (270.97),Customer notification costs include credit monitoring for 6K affected individuals,2026-02-12T10:00:00Z,2026-02-12T10:00:00Z,PLT.SI,9.53,8.91,8.61,8.46,8.45,892885,1687404,S&P 500 Health Care,0.024912,-0.032304,-0.050593,-0.05166,-0.034905,-2.9425,-3.2132,0.3934,FALSE,0.014711,0.019829,Concurrent dividend announcement partially offset negative price reaction,2026-02-12T10:00:00Z,2026-02-12T10:00:00Z
2021-0519-001,ransomware,30.65,45119,mixed,"HR_systems,backup_systems,website,cloud_infrastructure",,,5170052773.78,12163,10103110311.28,TRUE,195932512.72,81640060.77,88413375.68,18953959.94,,,-0.062531,-0.036248,-0.01074,60,1.9523,0.0002,89.81,Gold,1,Baltic Endeavor Bank Pty Ltd.,AU,52,72,BEB.AX,2021-05-19,TRUE,2021-05-20,2021-06-01,Rhysida,probable,https://www.sec.gov/cgi-bin/browse-edgar?action=getcompany&CIK=0001374307&type=8-K&dateb=20210315&owner=include&count=10,,sec_filing,,,2026-02-12T10:00:00Z,2026-02-12T10:00:00Z,disclosed,9868564.59,6925116.33,congressional testimony,estimated,158326635.38,347803272.89,232469656.57,CPI-U 2021 (270.97),,2026-02-12T10:00:00Z,2026-02-12T10:00:00Z,BEB.AX,73.96,67.46,63.24,65.01,66.74,2092063,4084416,S&P 500 Financials,0.028622,-0.05903,-0.036248,-0.01074,-0.019021,-5.0608,-1.9571,1,TRUE,0.013948,0.0262,,2026-02-12T10:00:00Z,2026-02-12T10:00:00Z
2021-0608-001,ransomware,79.88,,,"active_directory,cloud_infrastructure,backup_systems",,Phishing email with weaponized attachment ? credential theft via Mimikatz ? lateral movement via RDP/SMB ? Active Directory compromise ? ransomware deployment across domain-joined hosts,44530914692.85,198010,299744420386.6,TRUE,31973068.81,16786088.08,10846922.12,4340058.61,,,-0.066974,-0.029225,-0.002433,12,3.9882,0.0002,59.73,Bronze,1,Takahashi BioSciences Co.,US,62,,TAKA,2021-06-08,FALSE,2021-06-18,2021-08-09,,,https://www.sec.gov/cgi-bin/browse-edgar?action=getcompany&CIK=0001237587&type=8-K&dateb=20211214&owner=include&count=10,https://therecord.media/2021/04/06/takahashi-biosciences-co-breached,sec_filing,low_quality_score,OT/ICS systems affected; physical operations suspended for 5 days,2026-02-12T10:00:00Z,2026-02-12T10:00:00Z,calculated,154112.07,,,calculated,22632570.5,56150936.42,37935349.38,CPI-U 2021 (270.97),,2026-02-12T10:00:00Z,2026-02-12T10:00:00Z,TAKA,411.01,427.14,398.53,414.66,426.1,548466,2187419,S&P 500 Health Care,-0.009249,-0.060035,-0.029225,-0.002433,-0.007079,-5.8989,-0.2786,1,TRUE,0.032488,0.039915,,2026-02-12T10:00:00Z,2026-02-12T10:00:00Z
2021-0621-001,ransomware,77.37,232826,mixed,"customer_database,manufacturing_OT,email,website,file_servers",data_breach,,511354635.18,2731,2384099768.8,TRUE,285803107.07,138065751.5,138056930.69,9680424.88,,147348432.84,-0.04261,-0.007608,0.015574,30,2.5534,0.7949,97.04,Gold,3,Crimson Genome Diagnostics Inc.,US,62,,CGD,2021-06-21,FALSE,2021-07-03,2021-07-17,,,https://blog.talosintelligence.com/2021/01/crimson-genome-diagn-campaign.html,https://www.sec.gov/cgi-bin/browse-edgar?action=getcompany&CIK=0001685819&type=8-K&dateb=20210419&owner=include&count=10,cybersecurity_firm,,,2026-02-12T10:00:00Z,2026-02-12T10:00:00Z,calculated,5777345.9,,,estimated,223985419.78,486737129.43,339099158.29,CPI-U 2021 (270.97),,2026-02-12T10:00:00Z,2026-02-12T10:00:00Z,CGD,7.3,6.83,6.54,6.78,6.94,4136478,10562280,S&P 500 Health Care,-0.013509,-0.034668,-0.007608,0.015574,0.003289,-2.4102,0.6972,1,FALSE,0.010909,0.015071,,2026-02-12T10:00:00Z,2026-02-12T10:00:00Z
2021-0711-001,supply_chain,21.42,,,manufacturing_OT,apt,,4582351808.51,31015,19783379178.44,TRUE,2244602.68,1324640.16,459512.61,460449.91,,531607.01,-0.038799,-0.047723,-0.003488,35,3.8775,0.74625,73.31,Silver,4,ShopSave Distribution Ltd.,IN,44-45,,SHOP.NS,2021-07-11,FALSE,2021-07-26,2021-08-05,APT29,probable,https://therecord.media/2021/04/28/shopsave-distribution-ltd-breached,https://www.ico.org.uk/decisions/2021/09/INQ-2021-00123,verified_media,,,2026-02-12T10:00:00Z,2026-02-12T10:00:00Z,calculated,,,,disclosed,1654747.53,3741531.6,2663172.17,CPI-U 2021 (270.97),,2026-02-12T10:00:00Z,2026-02-12T10:00:00Z,SHOP.NS,42.82,41.64,40.02,39.65,41.49,7257598,28141575,S&P 500 Consumer Discretionary,-0.00993,-0.038015,-0.047723,-0.003488,-0.00314,-2.5075,-0.3387,1,TRUE,0.014676,0.028741,,2026-02-12T10:00:00Z,2026-02-12T10:00:00Z
2021-0713-001,ransomware,28.59,298173,mixed,"cloud_infrastructure,customer_database,SCADA,HR_systems,email",,Phishing email with weaponized attachment ? credential theft via Mimikatz ? lateral movement via RDP/SMB ? Active Directory compromise ? ransomware deployment across domain-joined hosts,46519235994.21,384763,189750259613.78,TRUE,48540283.33,27139094.5,15036952.68,6364236.15,,24998980.65,-0.057044,-0.056958,-0.023902,206,3.4855,0.31065,71.44,Silver,1,Lindgren BioSciences Corp.,CA,62,,LIND.TO,2021-07-13,FALSE,2021-09-16,2021-10-18,REvil,confirmed,https://www.sec.gov/cgi-bin/browse-edgar?action=getcompany&CIK=0001383341&type=8-K&dateb=20211118&owner=include&count=10,,sec_filing,,,2026-02-12T10:00:00Z,2026-02-12T10:00:00Z,disclosed,13448067.25,,,estimated,32778138.69,78237194.93,57591988.38,CPI-U 2021 (270.97),,2026-02-12T10:00:00Z,2026-02-12T10:00:00Z,LIND.TO,675.9,698.93,659.06,659.12,682.22,9776689,34076523,S&P 500 Health Care,0.017397,-0.073573,-0.056958,-0.023902,-0.002025,-3.3787,-1.6007,1,FALSE,0.010351,0.015865,,2026-02-12T10:00:00Z,2026-02-12T10:00:00Z
2021-0719-001,trojan,,93300,mixed,cloud_infrastructure,,,190618846.06,332,1193520713.71,TRUE,823838.29,347127.22,367369.27,109341.8,,401375.23,-0.02597,-0.034447,0.000226,21,3.604,1,83.45,Silver,3,Fox Link Computing SA,FR,51,62,FLC.PA,2021-07-19,FALSE,2021-08-03,2021-08-10,,,https://www.theregister.com/2021/05/08/fox-link-computing-s_security_incident/,https://www.cnil.fr/decisions/2021/04/INQ-2021-00315,verified_media,,Incident date based on forensic timeline reconstruction (+-2 days),2026-02-12T10:00:00Z,2026-02-12T10:00:00Z,estimated,,,,estimated,580943.22,1282371.4,977466.18,CPI-U 2021 (270.97),Insurance claim partially denied; payout reflects negotiated settlement at 16% of claim,2026-02-12T10:00:00Z,2026-02-12T10:00:00Z,FLC.PA,8.61,8.27,8.06,7.99,8.27,16928414,61009735,S&P 500 Information Technology,-0.004017,-0.022993,-0.034447,0.000226,0.015369,-1.1398,0.0116,1,FALSE,0.03407,0.064611,,2026-02-12T10:00:00Z,2026-02-12T10:00:00Z
2021-0804-002,ransomware,65.08,946485,credentials,"SCADA,active_directory",,Phishing email with weaponized attachment ? credential theft via Mimikatz ? lateral movement via RDP/SMB ? Active Directory compromise ? ransomware deployment across domain-joined hosts,2148030910.02,3589,3749854386.36,TRUE,7676589.57,1949394.53,2060835.46,370622.39,,,-0.075885,-0.055392,-0.041458,197,2.1982,0.0002,94.42,Gold,1,Harrington Computing Corp.,US,51,,HARR,2021-08-04,FALSE,2021-08-20,2021-09-05,,,https://www.sec.gov/cgi-bin/browse-edgar?action=getcompany&CIK=0001397783&type=8-K&dateb=20210105&owner=include&count=10,https://therecord.media/2021/03/03/harrington-computing-corp-breached,sec_filing,,Cross-border incident; primary filing in SEC jurisdiction,2026-02-12T10:00:00Z,2026-02-12T10:00:00Z,disclosed,6467286.86,3295737.19,blockchain analysis,estimated,4808328.49,9477642.03,9108106.24,CPI-U 2021 (270.97),Loss estimate based on Ponemon per-record cost methodology ($7.96/record),2026-02-12T10:00:00Z,2026-02-12T10:00:00Z,HARR,20.01,18.02,16.65,17.02,17.27,2891331,6355699,S&P 500 Information Technology,0.023571,-0.067537,-0.055392,-0.041458,-0.024013,-5.1208,-2.5396,0.7302,FALSE,0.017037,0.019897,,2026-02-12T10:00:00Z,2026-02-12T10:00:00Z
2021-0809-001,phishing,,,,"SSO,payment_systems,backup_systems,CRM,email",,Spear-phishing campaign targeting finance team ? credential harvesting through cloned SSO portal ? email account compromise ? BEC wire transfer or data exfiltration,34641785401.8,101770,247767400573.73,TRUE,959261302.97,553109810.94,271446756.4,134704735.63,,193039221.35,-0.025533,-0.007851,-0.008872,46,2.9946,1,65.53,Bronze,1,Zenith Reserve Holdings Holdings PLC,GB,52,,ZEN1.L,2021-08-09,FALSE,2021-08-24,2021-09-08,,,https://www.sec.gov/cgi-bin/browse-edgar?action=getcompany&CIK=0001005199&type=8-K&dateb=20210518&owner=include&count=10,,sec_filing,,,2026-02-12T10:00:00Z,2026-02-12T10:00:00Z,estimated,,,,disclosed,664423426.37,1534069914.03,1138142631.67,CPI-U 2021 (270.97),,2026-02-12T10:00:00Z,2026-02-12T10:00:00Z,ZEN1.L,521.45,479.24,467,475.48,474.99,4521537,13540311,S&P 500 Financials,-0.007238,-0.027739,-0.007851,-0.008872,-0.011686,-1.9317,-0.9157,1,FALSE,0.029703,0.054869,,2026-02-12T10:00:00Z,2026-02-12T10:00:00Z
2021-0810-003,apt,280.27,1000,PII,active_directory,,Zero-day exploit in edge device ? fileless implant in memory ? scheduled task persistence ? low-and-slow data staging ? encrypted exfiltration over DNS tunneling,17981657375.23,41612,102235825536.89,TRUE,55586095.53,29229860.11,18972618.28,7383617.14,,,-0.022766,-0.037858,-0.049779,70,3.5475,1,84.88,Silver,4,Flint Paragon Holdings Ltd.,IN,52,51,FLIN.NS,2021-08-10,FALSE,2021-08-12,2021-08-21,,,https://www.bleepingcomputer.com/news/security/flint-paragon-holdings-lt-hit-by-cyberattack-2021/,,verified_media,,,2026-02-12T10:00:00Z,2026-02-12T10:00:00Z,calculated,,,,disclosed,41235151.29,84709503.53,65951691.01,CPI-U 2021 (270.97),,2026-02-12T10:00:00Z,2026-02-12T10:00:00Z,FLIN.NS,95.31,89.94,87.89,86.54,85.46,367342,1303145,S&P 500 Financials,-0.002379,-0.026493,-0.037858,-0.049779,-0.05794,-1.5185,-2.7446,0.6277,FALSE,0.027475,0.049702,,2026-02-12T10:00:00Z,2026-02-12T10:00:00Z
2021-0820-001,phishing,,13220,PII,backup_systems,supply_chain,,24704211464.13,53106,137408593107.53,TRUE,2557067.34,1600000,785798.37,171268.97,,,-0.019223,-0.006303,-0.030494,192,1.7912,1,65.07,Bronze,3,AlgoChip Security Technologies Ltd.,IL,51,,AST.TA,2021-08-20,FALSE,2021-08-31,2021-10-23,REvil,probable,https://krebsonsecurity.com/2021/02/algochip-security-te-breach-exposes-data/,https://www.aepd.es/decisions/2021/09/INQ-2021-00230,verified_media,,,2026-02-12T10:00:00Z,2026-02-12T10:00:00Z,calculated,,,,calculated,2012242.17,3051822.46,3033904.68,CPI-U 2021 (270.97),Legal fees reflect engagement of AmLaw 100 firm for class-action defense,2026-02-12T10:00:00Z,2026-02-12T10:00:00Z,AST.TA,383.47,361.96,355,359.68,350.92,2095544,3753611,S&P 500 Information Technology,0.022151,-0.016683,-0.006303,-0.030494,0.000145,-1.3432,-2.3858,0.8071,FALSE,0.010974,0.020321,,2026-02-12T10:00:00Z,2026-02-12T10:00:00Z
2021-0822-001,apt,161.19,,,"payment_systems,customer_database,file_servers,SSO,cloud_infrastructure",,Zero-day exploit in edge device ? fileless implant in memory ? scheduled task persistence ? low-and-slow data staging ? encrypted exfiltration over DNS tunneling,24806189094.88,71369,96327287058.91,TRUE,111489640.66,52922058.82,48824071,9743510.84,,,-0.043218,-0.024624,-0.015541,23,2.4441,1,87.9,Gold,1,BitWire Innovations Corp.,US,51,72,BITW,2021-08-22,FALSE,2021-10-22,2021-11-23,,,https://www.sec.gov/cgi-bin/browse-edgar?action=getcompany&CIK=0001153539&type=8-K&dateb=20210803&owner=include&count=10,https://www.bitwire-innovations-corp.com/newsroom/2021/12/security-update,sec_filing,,,2026-02-12T10:00:00Z,2026-02-12T10:00:00Z,calculated,,,,calculated,90145469,185006702.18,132280029.05,CPI-U 2021 (270.97),,2026-02-12T10:00:00Z,2026-02-12T10:00:00Z,BITW,267.86,257.16,246.05,250.83,253.16,3262281,7973240,S&P 500 Information Technology,-0.0052,-0.053043,-0.024624,-0.015541,0.004378,-1.9759,-0.736,1,FALSE,0.014844,0.027338,,2026-02-12T10:00:00Z,2026-02-12T10:00:00Z
2021-0829-001,malware,14.1,3414242,mixed,email,,,16685815544.26,48934,95422001006.37,TRUE,32423710.87,16915495.31,13157350.86,2350864.7,,,-0.0045,-0.021253,-0.012841,60,3.2622,1,72.07,Silver,4,CompositeWeld Components Corp.,CA,31-33,62,COMP.TO,2021-08-29,FALSE,2021-10-02,2021-10-11,BianLian,probable,https://www.bleepingcomputer.com/news/security/compositeweld-components--hit-by-cyberattack-2021/,,verified_media,,,2026-02-12T10:00:00Z,2026-02-12T10:00:00Z,estimated,,,,disclosed,24419117.28,49410463.45,38470026.37,CPI-U 2021 (270.97),,2026-02-12T10:00:00Z,2026-02-12T10:00:00Z,COMP.TO,145.47,135.46,134.85,132.58,133.72,452743,1476931,S&P 500 Industrials,-0.017956,-0.004862,-0.021253,-0.012841,-0.02527,-0.2879,-0.86,1,FALSE,0.032121,0.057081,Thinly traded stock (avg volume < 100K); abnormal returns subject to higher noise,2026-02-12T10:00:00Z,2026-02-12T10:00:00Z
2021-0902-002,phishing,,4471,health,file_servers,,,5916579982.58,83280,12882687638.64,TRUE,5544412.15,3200000,2072241.72,272170.43,,2667427.9,-0.018904,-0.011574,-0.034326,149,2.6804,1,60.36,Bronze,2,GuestWelcome Hotels Corp.,DK,72,,GUES.CO,2021-09-02,FALSE,2021-10-05,2022-01-07,Royal,suspected,https://blog.talosintelligence.com/2021/10/guestwelcome-hotels--campaign.html,https://www.sec.gov/cgi-bin/browse-edgar?action=getcompany&CIK=0001864984&type=8-K&dateb=20210910&owner=include&count=10,cybersecurity_firm,,,2026-02-12T10:00:00Z,2026-02-12T10:00:00Z,estimated,,,,disclosed,4494438.18,7612001.18,6578324.19,CPI-U 2021 (270.97),,2026-02-12T10:00:00Z,2026-02-12T10:00:00Z,GUES.CO,46.25,46.24,45.37,45.7,44.65,42808,114744,S&P 500 Consumer Discretionary,0.003161,-0.017688,-0.011574,-0.034326,-0.039774,-1.6288,-1.0506,1,FALSE,0.025503,0.038113,,2026-02-12T10:00:00Z,2026-02-12T10:00:00Z
2021-0904-001,apt,68.16,1151,mixed,ERP,,Zero-day exploit in edge device ? fileless implant in memory ? scheduled task persistence ? low-and-slow data staging ? encrypted exfiltration over DNS tunneling,5168249979.23,34661,14926664835.49,TRUE,69182414.59,29572545.05,32234160.55,7375708.99,,18791049.3,-0.075973,-0.095233,-0.046765,139,2.8263,0.0002,57.33,Bronze,2,Pinnacle Crimson Stores Corp.,US,44-45,,PCS,2021-09-04,FALSE,2021-09-18,2021-10-12,APT41,unknown,https://www.pinnacle-crimson-stores-c.com/newsroom/2021/07/security-update,,company_pr,low_quality_score,,2026-02-12T10:00:00Z,2026-02-12T10:00:00Z,disclosed,,,,disclosed,57557481.8,85744181.51,82083427.28,CPI-U 2021 (270.97),Insurance claim partially denied; payout reflects negotiated settlement at 19% of claim,2026-02-12T10:00:00Z,2026-02-12T10:00:00Z,PCS,30.37,29.93,27.66,27.08,28.53,1310738,3704536,S&P 500 Consumer Discretionary,-0.019392,-0.072301,-0.095233,-0.046765,-0.047812,-4.9557,-2.2965,0.85175,TRUE,0.029921,0.045793,,2026-02-12T10:00:00Z,2026-02-12T10:00:00Z
2021-0918-002,phishing,,53527,mixed,"customer_database,email,manufacturing_OT,file_servers,active_directory",,Spear-phishing campaign targeting finance team ? credential harvesting through cloned SSO portal ? email account compromise ? BEC wire transfer or data exfiltration,1199093241.74,2170,5518858775.11,TRUE,5698285.91,2400000,2663201.36,635084.55,,,-0.008097,-0.020567,-0.017181,8,2.0339,1,82.29,Silver,1,Toulouse Capital SA,FR,55,,TOUL.PA,2021-09-18,FALSE,2021-09-24,2021-10-30,Conti,unknown,https://www.ico.org.uk/decisions/2021/01/INQ-2021-00382,https://www.crowdstrike.com/blog/toulouse-capital-sa-intrusion-analysis-2021/,gdpr_notification,,,2026-02-12T10:00:00Z,2026-02-12T10:00:00Z,estimated,,,,calculated,4189512.81,6733732.37,6760892.05,CPI-U 2021 (270.97),,2026-02-12T10:00:00Z,2026-02-12T10:00:00Z,TOUL.PA,15.43,14.3,14.18,14.01,14.05,1233023,2507897,S&P 500,-0.000752,-0.007814,-0.020567,-0.017181,-0.005256,-0.3095,-0.9421,1,FALSE,0.023742,0.033643,,2026-02-12T10:00:00Z,2026-02-12T10:00:00Z
2021-0927-001,apt,64.16,29014,credentials,"file_servers,payment_systems,ERP",malware,,148897991262.01,314341,315924251376.89,TRUE,9069275.83,4400000,3436833,1232442.83,,5617741.72,-0.057207,-0.06434,-0.031954,251,2.1697,0.0002,76.05,Silver,3,Bremen Labs AG,DE,51,,BREM.DE,2021-09-27,FALSE,2021-10-13,2021-11-14,,,https://unit42.paloaltonetworks.com/threat-brief-bremen-labs-ag-2021/,https://www.edpb.europa.eu/decisions/2021/08/INQ-2021-00436,cybersecurity_firm,,,2026-02-12T10:00:00Z,2026-02-12T10:00:00Z,disclosed,,,,calculated,5869270.97,10508641.89,10760498.13,CPI-U 2021 (270.97),,2026-02-12T10:00:00Z,2026-02-12T10:00:00Z,BREM.DE,714.28,660.11,622.35,617.64,639.02,193418,419664,S&P 500 Information Technology,-0.003221,-0.064749,-0.06434,-0.031954,-0.009094,-5.2125,-2.3024,0.8488,FALSE,0.011329,0.013551,,2026-02-12T10:00:00Z,2026-02-12T10:00:00Z
2021-1015-001,ddos,115.53,,,"SCADA,ERP,VPN,customer_database",,Multi-vector botnet activation ? volumetric UDP reflection (900 Gbps peak) ? application-layer HTTP/2 flood ? 18-hour service degradation,4343838652.95,18666,26209294501.95,TRUE,2334508.15,1319326.77,627158.67,388022.71,,,-0.008029,-0.01187,-0.025962,83,3.8715,1,92.52,Gold,3,Keller MedTech AG,DE,62,,KELL.DE,2021-10-15,TRUE,2022-04-14,2022-05-17,FIN11,suspected,https://www.bleepingcomputer.com/news/security/keller-medtech-ag-hit-by-cyberattack-2021/,https://www.edpb.europa.eu/decisions/2021/03/INQ-2021-00561,verified_media,,,2026-02-12T10:00:00Z,2026-02-12T10:00:00Z,disclosed,,,,calculated,1527264.94,2785696.58,2769843.05,CPI-U 2021 (270.97),,2026-02-12T10:00:00Z,2026-02-12T10:00:00Z,KELL.DE,27.7,27.41,27.19,27.08,26.7,16560878,64114623,S&P 500 Health Care,0.011121,-0.006815,-0.01187,-0.025962,-0.022403,-0.7736,-0.728,1,FALSE,0.010412,0.018005,,2026-02-12T10:00:00Z,2026-02-12T10:00:00Z
2021-1020-001,ransomware,77.9,,,website,malware,,9204366431.99,30196,23710490060.29,TRUE,8788165.7,3798042.96,3845502.4,1116455.37,,,-0.065007,-0.093977,-0.057573,151,1.8276,0.0002,94.46,Gold,4,Nakamura Materials Corp.,AT,31-33,92,NAKA.VI,2021-10-20,FALSE,2021-11-21,2021-12-29,,,https://therecord.media/2021/07/14/nakamura-materials-corp-breached,,verified_media,,,2026-02-12T10:00:00Z,2026-02-12T10:00:00Z,estimated,50000,28164.97,congressional testimony,estimated,6896017.98,14021688.74,10426967.09,CPI-U 2021 (270.97),,2026-02-12T10:00:00Z,2026-02-12T10:00:00Z,NAKA.VI,78.24,74.41,69.57,67.42,70.13,199294,364234,S&P 500 Industrials,-0.016142,-0.06425,-0.093977,-0.057573,-0.010557,-4.0121,-10.3365,0.0002,FALSE,0.02313,0.033996,,2026-02-12T10:00:00Z,2026-02-12T10:00:00Z
2021-1025-001,supply_chain,785.05,,,email,,Compromised third-party software update ? trojanized DLL sideloaded ? C2 beacon established ? persistent access across customer environments,65590235.99,479,141001461.97,TRUE,13144900.06,6796252.84,5689173.86,659473.36,,,-0.057774,-0.056357,-0.049691,45,2.848,0.2122,78.55,Silver,3,MartQuick Commerce AG,CH,44-45,,MART.SW,2021-10-25,FALSE,2021-11-10,2021-11-24,,,https://www.crowdstrike.com/blog/martquick-commerce-a-intrusion-analysis-2021/,https://www.edpb.europa.eu/decisions/2021/09/INQ-2021-00656,cybersecurity_firm,,Initially reported as IT maintenance outage; later reclassified as security incident,2026-02-12T10:00:00Z,2026-02-12T10:00:00Z,estimated,,,,estimated,9890367.55,19015694.01,15596137.47,CPI-U 2021 (270.97),Recovery costs include $18.3M for forensic investigation by FTI_Consulting,2026-02-12T10:00:00Z,2026-02-12T10:00:00Z,MART.SW,14.76,13.73,12.94,12.96,13.05,419518,1194772,S&P 500 Consumer Discretionary,-0.01038,-0.072736,-0.056357,-0.049691,-0.021385,-3.5756,-2.247,0.8765,FALSE,0.012107,0.024169,,2026-02-12T10:00:00Z,2026-02-12T10:00:00Z
2021-1102-001,ddos,,,,"CRM,HR_systems,customer_database,ERP,file_servers",ransomware,Multi-vector botnet activation ? volumetric UDP reflection (900 Gbps peak) ? application-layer HTTP/2 flood ? 18-hour service degradation,16673010962.01,121823,35410709841.89,TRUE,5634447.74,2854950.12,2368715.39,410782.23,,,-0.020547,-0.007023,-0.021841,274,3.748,1,78.43,Silver,3,Nexus Harbor Works Corp.,JP,31-33,,NHW.T,2021-11-02,FALSE,2021-11-06,2021-11-14,Hunters_International,probable,https://blog.talosintelligence.com/2021/02/nexus-harbor-works-c-campaign.html,,cybersecurity_firm,,,2026-02-12T10:00:00Z,2026-02-12T10:00:00Z,disclosed,,,,disclosed,4043343.34,9057856.55,6685149.46,CPI-U 2021 (270.97),,2026-02-12T10:00:00Z,2026-02-12T10:00:00Z,NHW.T,96.28,87.54,85.74,86.93,85.63,1267349,4750070,S&P 500 Industrials,0.007374,-0.024694,-0.007023,-0.021841,0.007684,-1.297,-1.149,1,FALSE,0.025417,0.031805,Concurrent dividend announcement partially offset negative price reaction,2026-02-12T10:00:00Z,2026-02-12T10:00:00Z
2021-1104-001,phishing,,41288,mixed,"customer_database,email",,Spear-phishing campaign targeting finance team ? credential harvesting through cloned SSO portal ? email account compromise ? BEC wire transfer or data exfiltration,1987566097.84,15701,5801596933,TRUE,4930337.16,2248316.26,2189576.37,492444.53,,,0.00446,0.012413,-0.015712,,3.7063,1,95.76,Gold,4,Portland Agriculture Holdings Inc.,US,11,53,PORT,2021-11-04,FALSE,2021-11-08,2021-11-25,,,https://therecord.media/2021/11/24/portland-agriculture-hold-breached,,verified_media,,,2026-02-12T10:00:00Z,2026-02-12T10:00:00Z,calculated,,,,calculated,3269901.4,6170817.78,5849737.6,CPI-U 2021 (270.97),,2026-02-12T10:00:00Z,2026-02-12T10:00:00Z,PORT,11.2,10.36,10.41,10.49,10.2,7371631,27321137,S&P 500,0.005431,0.004563,0.012413,-0.015712,-0.003966,0.2468,-0.551,1,TRUE,0.026212,0.037612,Earnings announcement within event window may confound abnormal returns,2026-02-12T10:00:00Z,2026-02-12T10:00:00Z
2021-1111-001,data_breach,,554996,credentials,"backup_systems,cloud_infrastructure",,Misconfigured cloud storage bucket discovered by automated scanner ? bulk data download over 72 hours ? data posted to dark web marketplace,2292482370.66,13422,4618413206.77,TRUE,1532308.05,796262.88,503821.5,232223.67,,,-0.019841,-0.008469,0.003279,7,3.1194,0.68795,91.96,Gold,2,Lynx Everest Medical SE,DE,62,,LEM.DE,2021-11-11,FALSE,2021-11-14,2021-11-23,Killnet,suspected,https://www.lynx-everest-medical-se.com/newsroom/2021/12/security-update,,company_pr,,,2026-02-12T10:00:00Z,2026-02-12T10:00:00Z,estimated,,,,estimated,1128616.47,1984863.92,1818050.11,CPI-U 2021 (270.97),,2026-02-12T10:00:00Z,2026-02-12T10:00:00Z,LEM.DE,30.61,30.66,30.05,30.4,30.76,233238,727551,S&P 500 Health Care,-0.008858,-0.022939,-0.008469,0.003279,0.003317,-2.6241,0.149,1,TRUE,0.039743,0.064153,Cross-listed on multiple exchanges; primary exchange data used for return calculation,2026-02-12T10:00:00Z,2026-02-12T10:00:00Z
2021-1203-001,data_breach,,72028142,PII,"VPN,CRM,SSO",,Misconfigured cloud storage bucket discovered by automated scanner ? bulk data download over 72 hours ? data posted to dark web marketplace,118110131055.27,1136850,688104409153.04,TRUE,157634194.73,90053977.84,41399064.05,26181152.84,,35287361.79,-0.034839,-0.031618,-0.017066,51,2.2932,0.0391,85.57,Gold,2,SaveSave Commerce Corp.,US,44-45,,SAVE,2021-12-03,TRUE,2021-12-14,2022-01-28,,,https://www.savesave-commerce-corp.com/newsroom/2021/12/security-update,https://www.bfdi.bund.de/decisions/2021/10/INQ-2021-00037,company_pr,large_breach_verify,,2026-02-12T10:00:00Z,2026-02-12T10:00:00Z,estimated,,,,disclosed,122351576.93,195793371.33,187029536.87,CPI-U 2021 (270.97),,2026-02-12T10:00:00Z,2026-02-12T10:00:00Z,SAVE,292.13,282.32,272.48,273.39,277.5,2418972,5547207,S&P 500 Consumer Discretionary,0.001843,-0.04019,-0.031618,-0.017066,0.003751,-3.9218,-1.1916,1,FALSE,0.034434,0.049604,Thinly traded stock (avg volume < 100K); abnormal returns subject to higher noise,2026-02-12T10:00:00Z,2026-02-12T10:00:00Z
2021-1204-001,data_breach,,621233,mixed,"SCADA,VPN",,,691697737.03,1662,4735163815.54,TRUE,5466301.48,2684607.92,2574871.33,206822.23,,,-0.020519,-0.005761,-0.01427,19,1.5348,1,79.82,Silver,2,Sierra Quantum Innovations Group Inc.,US,51,,SQI,2021-12-04,FALSE,2021-12-11,2022-01-20,,,https://www.sierra-quantum-innovation.com/newsroom/2021/10/security-update,,company_pr,,,2026-02-12T10:00:00Z,2026-02-12T10:00:00Z,estimated,,,,estimated,3519806.28,6755823.15,6485647.58,CPI-U 2021 (270.97),,2026-02-12T10:00:00Z,2026-02-12T10:00:00Z,SQI,14.6,13.36,13.09,13.28,13.17,230932,354433,S&P 500 Information Technology,-0.014242,-0.02192,-0.005761,-0.01427,-0.001911,-1.7253,-1.3419,1,FALSE,0.038209,0.045756,,2026-02-12T10:00:00Z,2026-02-12T10:00:00Z
2021-1204-002,trojan,,318658,mixed,"backup_systems,payment_systems",,Drive-by download from compromised ad network ? remote access trojan deployment ? keylogger activation ? credential theft ? lateral movement to file servers,1345793728.82,5226,3086419492.12,TRUE,44759368.46,26100000,12004170.49,6655197.97,,18459476.03,-0.021438,-0.010212,-0.017605,41,2.5843,0.7895,74.29,Silver,1,Sullivan Investments Ltd.,GB,52,,SULL.L,2021-12-04,FALSE,2022-02-03,2022-04-04,Sandworm,suspected,https://www.bfdi.bund.de/decisions/2021/01/INQ-2021-00587,,gdpr_notification,,,2026-02-12T10:00:00Z,2026-02-12T10:00:00Z,disclosed,,,,disclosed,29038111.95,59214401.66,53106015.28,CPI-U 2021 (270.97),,2026-02-12T10:00:00Z,2026-02-12T10:00:00Z,SULL.L,17.75,16.13,15.78,15.97,15.85,66889532,172862802,S&P 500 Financials,0.012939,-0.018161,-0.010212,-0.017605,-0.022588,-2.421,-0.8415,1,FALSE,0.032919,0.043758,,2026-02-12T10:00:00Z,2026-02-12T10:00:00Z
2021-1212-001,data_breach,,52490,mixed,HR_systems,,,190193167.67,817,1302040911.55,TRUE,58277169.96,28600000,25083346.43,4593823.53,,26575579.43,-0.038928,-0.010335,-0.033432,173,3.2153,0.8998,77.96,Silver,1,Sullivan Associates Corp.,US,54,48-49,SULL,2021-12-12,FALSE,2021-12-20,2022-01-25,Cuba_Ransomware,probable,https://www.aepd.es/decisions/2021/10/INQ-2021-00542,https://www.sullivan-associates-corp.com/newsroom/2021/07/security-update,gdpr_notification,,,2026-02-12T10:00:00Z,2026-02-12T10:00:00Z,disclosed,,,,calculated,46869815.69,91902549.63,69144592.18,CPI-U 2021 (270.97),Regulatory fine imposed under GDPR Article 83(5)(a) by ICO,2026-02-12T10:00:00Z,2026-02-12T10:00:00Z,SULL,11.71,10.58,10.17,10.47,10.23,1919201,6170834,S&P 500,0.004854,-0.048499,-0.010335,-0.033432,-0.016918,-2.2004,-3.049,0.4755,FALSE,0.037362,0.053141,,2026-02-12T10:00:00Z,2026-02-12T10:00:00Z
2021-1217-001,phishing,,54963,credentials,"ERP,backup_systems,manufacturing_OT",supply_chain,,1206339366.45,5128,2714516876.86,TRUE,22094507.34,9402075.46,8083196.8,922285.74,3686949.34,,-0.013612,-0.006031,-0.007276,31,2.1101,1,52.85,Bronze,2,Polaris Noble Logistics Holdings Inc.,US,48-49,,PNL,2021-12-17,FALSE,2022-01-03,2022-02-02,NoName057,unknown,https://www.polaris-noble-logistics-h.com/newsroom/2021/04/security-update,https://www.mandiant.com/resources/blog/polaris-noble-logist-incident-response-2021,company_pr,low_quality_score,,2026-02-12T10:00:00Z,2026-02-12T10:00:00Z,calculated,,,,estimated,16063713.63,33759660.95,26214651.47,CPI-U 2021 (270.97),"Loss methodology: Monte Carlo simulation with 10,000 iterations (95th percentile)",2026-02-12T10:00:00Z,2026-02-12T10:00:00Z,PNL,11.34,11.13,10.98,11.06,11.05,4086077,8621918,S&P 500 Industrials,-0.006541,-0.012544,-0.006031,-0.007276,-0.011614,-1.9407,-0.3078,1,FALSE,0.017231,0.030318,,2026-02-12T10:00:00Z,2026-02-12T10:00:00Z
2021-1218-001,phishing,,4750,PII,"SSO,manufacturing_OT,payment_systems",,,1015217354.75,3651,4101271805.72,TRUE,8733338.69,4000000,4131529.51,601809.18,,,-0.02393,-0.009245,-0.006923,13,2.4209,0.62575,85.1,Gold,1,TrustFinance Group S.r.l.,IT,52,,TRUS.MI,2021-12-18,FALSE,2022-03-19,2022-05-08,Royal,suspected,https://www.ico.org.uk/decisions/2021/01/INQ-2021-00245,,gdpr_notification,,,2026-02-12T10:00:00Z,2026-02-12T10:00:00Z,estimated,,,,estimated,5344620.21,10419262.4,10361916.04,CPI-U 2021 (270.97),,2026-02-12T10:00:00Z,2026-02-12T10:00:00Z,TRUS.MI,8.14,8.1,7.91,8.03,8.04,1696463,4106971,S&P 500 Financials,0.023592,-0.026772,-0.009245,-0.006923,0.012443,-2.7485,-0.2892,1,FALSE,0.011745,0.022887,,2026-02-12T10:00:00Z,2026-02-12T10:00:00Z
2021-1229-001,ransomware,113.13,90585,mixed,"SCADA,email,cloud_infrastructure,payment_systems,active_directory",,Phishing email with weaponized attachment ? credential theft via Mimikatz ? lateral movement via RDP/SMB ? Active Directory compromise ? ransomware deployment across domain-joined hosts,6510445976.28,12617,35473540419.11,TRUE,64598310.82,28800000,31542321.04,4255989.78,,,-0.043419,-0.020881,0.002733,20,3.9128,0.45915,88.45,Gold,4,Orlando Systems Holdings Inc.,ZA,51,92,ORLA.JO,2021-12-29,FALSE,2022-01-31,2022-03-06,,,https://www.theregister.com/2021/11/09/orlando-systems-hold_security_incident/,https://www.sec.gov/cgi-bin/browse-edgar?action=getcompany&CIK=0001787164&type=8-K&dateb=20210804&owner=include&count=10,verified_media,,,2026-02-12T10:00:00Z,2026-02-12T10:00:00Z,estimated,24457788.98,,,estimated,44891921.74,82974733.93,76644488.06,CPI-U 2021 (270.97),,2026-02-12T10:00:00Z,2026-02-12T10:00:00Z,ORLA.JO,36.93,37.49,35.86,36.71,37.59,12221829,47822038,S&P 500 Information Technology,-0.006599,-0.036298,-0.020881,0.002733,-0.014353,-3.0817,0.2446,1,FALSE,0.029688,0.050563,,2026-02-12T10:00:00Z,2026-02-12T10:00:00Z
2022-0102-001,ddos,,,,"cloud_infrastructure,customer_database,CRM,active_directory",,Multi-vector botnet activation ? volumetric UDP reflection (900 Gbps peak) ? application-layer HTTP/2 flood ? 18-hour service degradation,20153961059.2,219647,114727595501.67,TRUE,28002509.43,13200000,13322271.02,1480238.41,,7683407.79,-0.01191,-0.019453,-0.016404,59,2.0714,1,79.17,Silver,4,Okonkwo Retail Holdings PLC,GB,44-45,,OKON.L,2022-01-02,FALSE,2022-01-11,2022-02-03,,,https://therecord.media/2022/01/18/okonkwo-retail-holdings-p-breached,https://unit42.paloaltonetworks.com/threat-brief-okonkwo-retail-holdi-2022/,verified_media,,,2026-02-12T10:00:00Z,2026-02-12T10:00:00Z,estimated,,,,estimated,18836439.71,36405560.15,30762525.1,CPI-U 2022 (292.655),,2026-02-12T10:00:00Z,2026-02-12T10:00:00Z,OKON.L,281.86,286.3,282.89,280.73,281.6,291298,603392,S&P 500 Consumer Discretionary,0.004548,-0.011711,-0.019453,-0.016404,-0.017229,-0.6015,-0.4871,1,TRUE,0.027973,0.051166,,2026-02-12T10:00:00Z,2026-02-12T10:00:00Z
2022-0108-001,trojan,,12997,credentials,"email,CRM,SCADA",supply_chain,Drive-by download from compromised ad network ? remote access trojan deployment ? keylogger activation ? credential theft ? lateral movement to file servers,756118865.86,4775,3009678508.77,TRUE,1882895.84,819446.01,907560.53,155889.3,,,-0.036956,-0.039884,-0.026865,246,2.9448,0.7884,74.08,Silver,1,Fernandez Sciences Holdings Ltd.,IN,62,,FERN.NS,2022-01-08,FALSE,2022-01-13,2022-01-20,,,https://www.edpb.europa.eu/decisions/2022/07/INQ-2022-00405,https://therecord.media/2022/11/03/fernandez-sciences-holdin-breached,gdpr_notification,,,2026-02-12T10:00:00Z,2026-02-12T10:00:00Z,estimated,,,,calculated,1192925.2,3191886.83,2068479.99,CPI-U 2022 (292.655),,2026-02-12T10:00:00Z,2026-02-12T10:00:00Z,FERN.NS,10.42,9.67,9.31,9.28,9.41,1734375,5107332,S&P 500 Health Care,-0.000833,-0.047859,-0.039884,-0.026865,0.00955,-2.4232,-0.9649,1,FALSE,0.027493,0.053416,,2026-02-12T10:00:00Z,2026-02-12T10:00:00Z
2022-0108-002,data_breach,,,,"ERP,payment_systems,email,website,CRM",,Misconfigured cloud storage bucket discovered by automated scanner ? bulk data download over 72 hours ? data posted to dark web marketplace,65935915028.17,155455,418235863367.66,TRUE,46006850.87,26431600.17,14842689.86,4732560.84,,12842323.96,-0.042578,-0.049218,-0.025266,211,2.472,1,95.83,Gold,1,CloudWave Robotics GmbH,DE,51,,CLOU.DE,2022-01-08,FALSE,2022-01-22,2022-02-13,,,https://www.aepd.es/decisions/2022/06/INQ-2022-00599,,gdpr_notification,,Initially reported as IT maintenance outage; later reclassified as security incident,2026-02-12T10:00:00Z,2026-02-12T10:00:00Z,calculated,,,,estimated,33420758.28,57364611.49,50541431.22,CPI-U 2022 (292.655),,2026-02-12T10:00:00Z,2026-02-12T10:00:00Z,CLOU.DE,674.92,638.24,611.07,606.83,622.11,6353856,15706618,S&P 500 Information Technology,-0.006827,-0.052413,-0.049218,-0.025266,-0.020421,-1.8145,-0.9241,1,FALSE,0.021083,0.041571,,2026-02-12T10:00:00Z,2026-02-12T10:00:00Z
2022-0109-002,data_breach,,243569,PII,"SCADA,customer_database,file_servers,cloud_infrastructure,ERP",supply_chain,Misconfigured cloud storage bucket discovered by automated scanner ? bulk data download over 72 hours ? data posted to dark web marketplace,1263236424.34,5511,9657195005.06,TRUE,19195016.57,9100000,8959241.5,1135775.07,,,-0.069908,-0.028805,-0.046725,185,2.8105,0.31705,69.88,Bronze,1,Glacier Frontier Industrial Ltd.,GB,31-33,,GFI.L,2022-01-09,FALSE,2022-02-11,2022-03-06,Medusa,suspected,https://www.ico.org.uk/decisions/2022/01/INQ-2022-00409,https://www.glacier-frontier-industri.com/newsroom/2022/09/security-update,gdpr_notification,,,2026-02-12T10:00:00Z,2026-02-12T10:00:00Z,estimated,,,,estimated,15158021.12,27154854.66,21086937.96,CPI-U 2022 (292.655),Settlement includes class-action preliminary agreement of $19.4M,2026-02-12T10:00:00Z,2026-02-12T10:00:00Z,GFI.L,7.61,7.27,6.76,7.06,6.93,3240118,9106196,S&P 500 Industrials,0.023411,-0.082456,-0.028805,-0.046725,-0.026963,-3.3659,-2.6117,0.69415,FALSE,0.032421,0.041955,Post-incident volatility spike consistent with uncertainty resolution over 14 trading days,2026-02-12T10:00:00Z,2026-02-12T10:00:00Z
2022-0113-002,phishing,,64202,credentials,"manufacturing_OT,customer_database,ERP,VPN",,,2476725739.24,6223,10977651967.11,TRUE,3592472.17,1536075.31,1643500.01,412896.85,,,-0.016651,0.002115,0.009649,,3.3271,1,57.2,Bronze,3,Lambert Bank Pty Ltd.,AU,52,,LAMB.AX,2022-01-13,FALSE,2022-01-25,2022-03-04,,,https://blog.talosintelligence.com/2022/07/lambert-bank-pty-ltd-campaign.html,https://www.sec.gov/cgi-bin/browse-edgar?action=getcompany&CIK=0001212106&type=8-K&dateb=20220815&owner=include&count=10,cybersecurity_firm,low_quality_score,,2026-02-12T10:00:00Z,2026-02-12T10:00:00Z,estimated,,,,estimated,2568225.73,4790564.9,3946557.56,CPI-U 2022 (292.655),,2026-02-12T10:00:00Z,2026-02-12T10:00:00Z,LAMB.AX,13.49,12.56,12.35,12.59,12.68,1524114,5070814,S&P 500 Financials,-0.010543,-0.017401,0.002115,0.009649,0.006633,-0.8847,0.5436,1,FALSE,0.017163,0.032215,,2026-02-12T10:00:00Z,2026-02-12T10:00:00Z
2022-0114-001,phishing,,150735,financial,"active_directory,website,CRM",,,139193788.5,319,763529823.47,TRUE,3887467.08,2176382.28,1397970.32,313114.48,,,0.009792,0.004857,0.00729,,2.2279,1,67.26,Bronze,1,ProtoCyber Networks Corp.,US,51,,PROT,2022-01-14,FALSE,2022-01-26,2022-03-14,NoName057,probable,https://www.sec.gov/cgi-bin/browse-edgar?action=getcompany&CIK=0001185679&type=8-K&dateb=20220403&owner=include&count=10,,sec_filing,,,2026-02-12T10:00:00Z,2026-02-12T10:00:00Z,estimated,,,,calculated,2909580.37,5797767.8,4270628.1,CPI-U 2022 (292.655),,2026-02-12T10:00:00Z,2026-02-12T10:00:00Z,PROT,9.83,8.8,8.89,8.84,8.86,1712781,3815987,S&P 500 Information Technology,0.005806,0.009782,0.004857,0.00729,0.016846,0.5419,0.6145,1,FALSE,0.011636,0.018214,,2026-02-12T10:00:00Z,2026-02-12T10:00:00Z
2022-0115-002,data_breach,,39880,mixed,"backup_systems,HR_systems",apt,Misconfigured cloud storage bucket discovered by automated scanner ? bulk data download over 72 hours ? data posted to dark web marketplace,12991196393.67,44329,63451804262.29,TRUE,7791320.92,5200000,2238912.07,352408.85,,1268043.1,-0.051372,-0.012819,0.001518,43,1.6018,0.07755,88.51,Gold,2,Obsidian Forge Defense Ltd.,GB,31-33,48-49,OFD.L,2022-01-15,FALSE,2022-01-21,2022-03-10,BianLian,probable,https://www.obsidian-forge-defense-lt.com/newsroom/2022/01/security-update,,company_pr,,Data exfiltration confirmed via dark web monitoring service,2026-02-12T10:00:00Z,2026-02-12T10:00:00Z,estimated,,,,disclosed,5768821.19,12538436.43,8559258.09,CPI-U 2022 (292.655),Direct costs confirmed via SEC 8-K filing on 2022-02-20,2026-02-12T10:00:00Z,2026-02-12T10:00:00Z,OFD.L,74.23,73.21,69.45,72.27,73.32,3989326,6390125,S&P 500 Industrials,0.02621,-0.051699,-0.012819,0.001518,0.006866,-3.8449,0.0953,1,FALSE,0.016109,0.030057,Cross-listed on multiple exchanges; primary exchange data used for return calculation,2026-02-12T10:00:00Z,2026-02-12T10:00:00Z
2022-0117-002,supply_chain,76.85,,,"cloud_infrastructure,website,active_directory,file_servers",phishing,Compromised third-party software update ? trojanized DLL sideloaded ? C2 beacon established ? persistent access across customer environments,45081073096.65,109986,340071174308.72,TRUE,5792320.55,3616351.73,1564726.92,611241.9,,901416.14,-0.020396,-0.001903,-0.000619,6,1.9026,1,88.57,Gold,1,Phoenix Capital Corp.,US,52,11,PHOE,2022-01-17,FALSE,2022-01-29,2022-02-12,Medusa,probable,https://www.sec.gov/cgi-bin/browse-edgar?action=getcompany&CIK=0001412566&type=8-K&dateb=20220725&owner=include&count=10,https://www.phoenix-capital-corp.com/newsroom/2022/10/security-update,sec_filing,,,2026-02-12T10:00:00Z,2026-02-12T10:00:00Z,estimated,,,,estimated,3677937.18,10157914.61,6363229.94,CPI-U 2022 (292.655),,2026-02-12T10:00:00Z,2026-02-12T10:00:00Z,PHOE,538.47,545.02,533.9,543.98,544.68,5968543,11355847,S&P 500 Financials,0.001684,-0.023428,-0.001903,-0.000619,0.011595,-0.9011,-0.0323,1,FALSE,0.011944,0.016012,,2026-02-12T10:00:00Z,2026-02-12T10:00:00Z
2022-0119-001,ransomware,14.44,727216,mixed,"cloud_infrastructure,SSO,customer_database,CRM",,Phishing email with weaponized attachment ? credential theft via Mimikatz ? lateral movement via RDP/SMB ? Active Directory compromise ? ransomware deployment across domain-joined hosts,2434679131.7,7205,13122344451.12,TRUE,6529740.43,3600000,2136409.75,793330.68,,3624794.51,-0.018261,-0.04115,0.001901,56,1.5586,1,93.04,Gold,2,BeloHorizonte Advisory Ltda.,BR,52,,BELO.SA,2022-01-19,FALSE,2022-02-21,2022-03-01,BlackCat/ALPHV,suspected,https://www.belohorizonte-advisory-lt.com/newsroom/2022/12/security-update,,company_pr,,,2026-02-12T10:00:00Z,2026-02-12T10:00:00Z,calculated,4365027.71,,,calculated,4271455.58,7958391,7173332.25,CPI-U 2022 (292.655),,2026-02-12T10:00:00Z,2026-02-12T10:00:00Z,BELO.SA,34.62,34.03,33.41,32.63,34.09,580588,904894,S&P 500 Financials,0.015458,-0.017127,-0.04115,0.001901,-0.016918,-1.6431,0.0833,1,FALSE,0.011799,0.016665,,2026-02-12T10:00:00Z,2026-02-12T10:00:00Z
2022-0124-001,ddos,31.08,,,"file_servers,website",ransomware,Multi-vector botnet activation ? volumetric UDP reflection (900 Gbps peak) ? application-layer HTTP/2 flood ? 18-hour service degradation,246142854.7,955,1104838604.03,TRUE,11048182.04,6000000,3338120.07,1710061.97,,,-0.023532,-0.025659,-0.006068,9,1.8347,1,55.65,Bronze,1,FidelityReserve Bank Co.,US,52,,FIDE,2022-01-24,FALSE,2022-01-25,2022-03-30,BlackSuit,confirmed,https://www.sec.gov/cgi-bin/browse-edgar?action=getcompany&CIK=0001347482&type=8-K&dateb=20221126&owner=include&count=10,https://www.ico.org.uk/decisions/2022/02/INQ-2022-00331,sec_filing,low_quality_score,,2026-02-12T10:00:00Z,2026-02-12T10:00:00Z,calculated,,,,disclosed,7307276.58,18990118.76,12137125.71,CPI-U 2022 (292.655),Recovery includes infrastructure rebuild; company migrated to new cloud provider,2026-02-12T10:00:00Z,2026-02-12T10:00:00Z,FIDE,14.32,13.88,13.55,13.52,13.8,13478087,24728829,S&P 500 Financials,-0.004347,-0.01949,-0.025659,-0.006068,0.016253,-1.7575,-0.2779,1,FALSE,0.02764,0.037316,,2026-02-12T10:00:00Z,2026-02-12T10:00:00Z
2022-0206-001,phishing,,77728,PII,"payment_systems,ERP,active_directory,manufacturing_OT",data_breach,Spear-phishing campaign targeting finance team ? credential harvesting through cloned SSO portal ? email account compromise ? BEC wire transfer or data exfiltration,6696493391.97,13347,29396428406.69,TRUE,248746480.85,110612830.1,116476175.86,21657474.89,,,-0.008597,-0.016055,-0.02256,282,2.6101,1,97.91,Gold,1,Maple Zephyr Energy Group Inc.,US,22,,MZE,2022-02-06,FALSE,2022-04-12,2022-04-27,BlackBasta,probable,https://www.aepd.es/decisions/2022/08/INQ-2022-00424,,gdpr_notification,,,2026-02-12T10:00:00Z,2026-02-12T10:00:00Z,calculated,,,,estimated,171767241.6,367157348.38,273263718.69,CPI-U 2022 (292.655),,2026-02-12T10:00:00Z,2026-02-12T10:00:00Z,MZE,93.9,94.63,93.82,93.11,92.5,9261015,24172165,S&P 500 Utilities,0.016803,-0.00817,-0.016055,-0.02256,-0.024047,-0.4098,-4.0183,0.0002,FALSE,0.03149,0.041851,,2026-02-12T10:00:00Z,2026-02-12T10:00:00Z
2022-0207-001,apt,63.25,,,"HR_systems,cloud_infrastructure",,,38327097466.96,189223,215135488408.31,TRUE,253757332.46,103400000,119813696.49,30543635.97,,,-0.023126,-0.010785,0.000097,17,1.9775,1,83.36,Silver,2,Austin Biotech Corp.,PH,62,,AUST.PH,2022-02-07,FALSE,2022-02-14,2022-03-05,REvil,probable,https://unit42.paloaltonetworks.com/threat-brief-austin-biotech-corp-2022/,https://www.sec.gov/cgi-bin/browse-edgar?action=getcompany&CIK=0001762886&type=8-K&dateb=20220219&owner=include&count=10,cybersecurity_firm,,OT/ICS systems affected; physical operations suspended for 3 days,2026-02-12T10:00:00Z,2026-02-12T10:00:00Z,disclosed,,,,estimated,211572852.29,351021734.46,278768455.64,CPI-U 2022 (292.655),,2026-02-12T10:00:00Z,2026-02-12T10:00:00Z,AUST.PH,536.23,544.28,531.69,538.41,544.33,175444,346941,S&P 500 Health Care,-0.011169,-0.026547,-0.010785,0.000097,0.005315,-1.7443,0.0054,1,TRUE,0.03206,0.039304,,2026-02-12T10:00:00Z,2026-02-12T10:00:00Z
2022-0219-001,ransomware,33.7,356997,credentials,ERP,,,61550130971.46,123675,210499393661.11,TRUE,42685572.85,22214980.08,12952138.1,7518454.67,,,-0.037029,-0.018818,-0.00063,22,2.8826,0.7474,81.69,Silver,3,FundRisk Bank Technologies Ltd.,IL,52,,FBT.TA,2022-02-19,FALSE,2022-03-06,2022-03-21,Hunters_International,probable,https://www.mandiant.com/resources/blog/fundrisk-bank-techno-incident-response-2022,,cybersecurity_firm,,,2026-02-12T10:00:00Z,2026-02-12T10:00:00Z,disclosed,2428507.3,,,disclosed,33216967.31,60139379.74,46892797.56,CPI-U 2022 (292.655),Regulatory fine imposed under GDPR Article 83(5)(a) by PDPC,2026-02-12T10:00:00Z,2026-02-12T10:00:00Z,FBT.TA,350.55,358.94,345.65,352.19,358.71,1019823,2939735,S&P 500 Financials,0.019177,-0.036574,-0.018818,-0.00063,0.003164,-2.5052,-0.0632,1,FALSE,0.017393,0.020283,,2026-02-12T10:00:00Z,2026-02-12T10:00:00Z
2022-0220-001,data_breach,,,,VPN,,Misconfigured cloud storage bucket discovered by automated scanner ? bulk data download over 72 hours ? data posted to dark web marketplace,2226533006.73,7280,12385334562.92,TRUE,17534575.71,11560609.61,3888351.48,2085614.62,,,-0.045689,-0.055142,-0.031449,240,2.4155,0.0002,92.83,Gold,4,LinkData Software Co.,US,51,,LINK,2022-02-20,FALSE,2022-03-10,2022-04-09,,,https://krebsonsecurity.com/2022/05/linkdata-software-co-breach-exposes-data/,https://www.aepd.es/decisions/2022/10/INQ-2022-00238,verified_media,,,2026-02-12T10:00:00Z,2026-02-12T10:00:00Z,estimated,,,,disclosed,10533000.29,23142754.5,19262838.81,CPI-U 2022 (292.655),,2026-02-12T10:00:00Z,2026-02-12T10:00:00Z,LINK,19.21,18.66,17.81,17.63,18.07,310148,749170,S&P 500 Information Technology,-0.008608,-0.05532,-0.055142,-0.031449,-0.031706,-9.1378,-0.9758,1,FALSE,0.011591,0.014919,,2026-02-12T10:00:00Z,2026-02-12T10:00:00Z
2022-0227-001,data_breach,,4046,PII,"SSO,active_directory,manufacturing_OT,file_servers",supply_chain,,1522942145.8,12948,7336682108.12,TRUE,9773054.9,4706515.66,4392126.68,674412.56,,,-0.027774,-0.008369,0.000772,37,2.3203,0.94055,83.94,Silver,1,Harbor Prime Group Group PLC,GB,44-45,,HARB.L,2022-02-27,TRUE,2022-03-11,2022-03-29,,,https://www.sec.gov/cgi-bin/browse-edgar?action=getcompany&CIK=0001193757&type=8-K&dateb=20221104&owner=include&count=10,,sec_filing,,Initially reported as IT maintenance outage; later reclassified as security incident,2026-02-12T10:00:00Z,2026-02-12T10:00:00Z,calculated,,,,disclosed,6584687.61,15143412.5,10736318.02,CPI-U 2022 (292.655),Insurance claim partially denied; payout reflects negotiated settlement at 57% of claim,2026-02-12T10:00:00Z,2026-02-12T10:00:00Z,HARB.L,20.04,20.17,19.61,20,20.19,1498625,3477250,S&P 500 Consumer Discretionary,0.005274,-0.029445,-0.008369,0.000772,-0.01149,-2.1189,0.0423,1,FALSE,0.034261,0.051669,,2026-02-12T10:00:00Z,2026-02-12T10:00:00Z
2022-0305-001,ransomware,363.78,7500587,mixed,"backup_systems,file_servers",,Phishing email with weaponized attachment ? credential theft via Mimikatz ? lateral movement via RDP/SMB ? Active Directory compromise ? ransomware deployment across domain-joined hosts,106153600299.59,268582,318182440495.98,TRUE,51260421.61,31890204.17,15857838.64,2265648.35,,,-0.024786,-0.012261,-0.027106,268,1.5639,1,70.41,Silver,4,HelixLink Ventures Ltd.,IE,51,,HELI.IR,2022-03-05,FALSE,2022-03-07,2022-03-31,,,https://www.bleepingcomputer.com/news/security/helixlink-ventures-ltd-hit-by-cyberattack-2022/,,verified_media,,,2026-02-12T10:00:00Z,2026-02-12T10:00:00Z,estimated,2415615.28,1246730.45,company statement,calculated,32041798.44,88412115.7,56312810.47,CPI-U 2022 (292.655),Cyber insurance policy sublimit of $22.3M applied; excess borne by company,2026-02-12T10:00:00Z,2026-02-12T10:00:00Z,HELI.IR,615.88,588.48,573.89,581.26,572.53,223699,349843,S&P 500 Information Technology,0.028152,-0.022864,-0.012261,-0.027106,-0.027469,-1.4652,-1.1084,1,TRUE,0.024787,0.028987,,2026-02-12T10:00:00Z,2026-02-12T10:00:00Z
2022-0316-001,ransomware,,599588,mixed,"customer_database,CRM,HR_systems,VPN,SSO",trojan,Phishing email with weaponized attachment ? credential theft via Mimikatz ? lateral movement via RDP/SMB ? Active Directory compromise ? ransomware deployment across domain-joined hosts,350819979.7,808,723428229.63,TRUE,16508599,9000000,4555832.95,1959004.37,,6684448.34,-0.052049,-0.042469,-0.037643,69,2.4038,0.2554,54.82,Bronze,1,Zenith Loft Group Ltd.,GB,53,,ZENI.L,2022-03-16,FALSE,2022-03-24,2022-06-24,,,https://www.sec.gov/cgi-bin/browse-edgar?action=getcompany&CIK=0001059936&type=8-K&dateb=20220613&owner=include&count=10,https://www.mandiant.com/resources/blog/zenith-loft-group-lt-incident-response-2022,sec_filing,low_quality_score,,2026-02-12T10:00:00Z,2026-02-12T10:00:00Z,estimated,1927319.9,993761.68,company statement,disclosed,10518029.37,28518788.22,18135738.59,CPI-U 2022 (292.655),,2026-02-12T10:00:00Z,2026-02-12T10:00:00Z,ZENI.L,11.62,11.01,10.44,10.54,10.6,401850,965979,S&P 500 Real Estate,-0.004308,-0.048182,-0.042469,-0.037643,-0.026238,-3.4892,-2.1024,0.9488,FALSE,0.039321,0.052726,,2026-02-12T10:00:00Z,2026-02-12T10:00:00Z
2022-0406-001,data_breach,,31557,mixed,"payment_systems,CRM",,Misconfigured cloud storage bucket discovered by automated scanner ? bulk data download over 72 hours ? data posted to dark web marketplace,14937405850.61,33380,92771238069.24,TRUE,49413924.29,23162135.4,20902132.59,5349656.3,,26792305.19,-0.055048,-0.068476,-0.051596,286,1.847,0.0854,66.67,Bronze,1,Cedar Meridian Insurance GmbH,DE,52,,CMI.DE,2022-04-06,FALSE,2022-04-18,2022-07-21,,,https://www.bfdi.bund.de/decisions/2022/10/INQ-2022-00709,,gdpr_notification,,,2026-02-12T10:00:00Z,2026-02-12T10:00:00Z,estimated,,,,calculated,30349865.35,79827004.04,54284316.55,CPI-U 2022 (292.655),Legal fees reflect engagement of AmLaw 100 firm for class-action defense,2026-02-12T10:00:00Z,2026-02-12T10:00:00Z,CMI.DE,203.86,195.03,184.29,181.68,184.97,686386,1267724,S&P 500 Financials,0.017545,-0.058046,-0.068476,-0.051596,-0.017983,-3.8292,-2.0309,0.98455,FALSE,0.022786,0.03295,Company share buyback program active during post-incident window,2026-02-12T10:00:00Z,2026-02-12T10:00:00Z
2022-0417-001,phishing,,,,"SSO,VPN",,Spear-phishing campaign targeting finance team ? credential harvesting through cloned SSO portal ? email account compromise ? BEC wire transfer or data exfiltration,394030558.35,1698,2007887148.72,TRUE,5131601.9,2549682.71,1883552.6,698366.59,,,-0.036874,-0.026975,-0.027899,264,2.9078,0.35435,84.04,Silver,1,CellaMed Biotech AG,DE,62,,CELL.DE,2022-04-17,FALSE,2022-05-22,2022-05-28,,,https://www.edpb.europa.eu/decisions/2022/04/INQ-2022-00786,https://www.cellamed-biotech-ag.com/newsroom/2022/11/security-update,gdpr_notification,,,2026-02-12T10:00:00Z,2026-02-12T10:00:00Z,calculated,,,,estimated,3281810.97,7109310.27,5637388.77,CPI-U 2022 (292.655),,2026-02-12T10:00:00Z,2026-02-12T10:00:00Z,CELL.DE,6.92,7.22,6.95,7.03,7.02,326247,948654,S&P 500 Health Care,-0.010194,-0.032751,-0.026975,-0.027899,-0.021357,-3.2913,-1.6703,1,FALSE,0.036577,0.055891,Cross-listed on multiple exchanges; primary exchange data used for return calculation,2026-02-12T10:00:00Z,2026-02-12T10:00:00Z
2022-0418-001,malware,,383974,credentials,"CRM,website",apt,Trojanized installer via SEO-poisoned download ? fileless PowerShell execution ? registry run-key persistence ? credential dumping via LSASS ? data staged for exfil,10479371785.27,103959,24087273076.52,TRUE,37087846.91,17178185.14,17891056.54,1902637.35,115967.88,,-0.004536,0.014004,-0.001404,,3.3802,1,98.21,Gold,4,CureGene MedTech S.p.A.,IT,62,,CURE.MI,2022-04-18,FALSE,2022-10-19,2022-11-01,,,https://therecord.media/2022/04/10/curegene-medtech-spa-breached,https://www.curegene-medtech-spa.com/newsroom/2022/08/security-update,verified_media,,,2026-02-12T10:00:00Z,2026-02-12T10:00:00Z,estimated,,,,disclosed,23600330.84,44788678.22,40743342.1,CPI-U 2022 (292.655),,2026-02-12T10:00:00Z,2026-02-12T10:00:00Z,CURE.MI,136.26,131.9,131.3,133.75,131.71,870949,2944023,S&P 500 Health Care,0.000898,-0.005205,0.014004,-0.001404,-0.016988,-0.3487,-0.0558,1,FALSE,0.028321,0.035712,,2026-02-12T10:00:00Z,2026-02-12T10:00:00Z
2022-0508-002,malware,104.72,1112417,credentials,"SCADA,VPN,cloud_infrastructure",supply_chain,Trojanized installer via SEO-poisoned download ? fileless PowerShell execution ? registry run-key persistence ? credential dumping via LSASS ? data staged for exfil,1098141026.04,1885,6120249947.31,TRUE,6610099.6,3033672.85,2902284.99,674141.76,,3361596.17,-0.003989,0.012069,0.001764,,3.0012,1,79.07,Silver,1,Blackwell Intelligence Group PLC,GB,51,21,BLAC.L,2022-05-08,FALSE,2022-06-12,2022-06-30,,,https://www.edpb.europa.eu/decisions/2022/08/INQ-2022-00844,,gdpr_notification,,Company undergoing M&A at time of incident; financial attribution complex,2026-02-12T10:00:00Z,2026-02-12T10:00:00Z,disclosed,,,,disclosed,4722199.67,9548013.81,7261611.87,CPI-U 2022 (292.655),,2026-02-12T10:00:00Z,2026-02-12T10:00:00Z,BLAC.L,10.44,9.7,9.66,9.82,9.72,49411,148290,S&P 500 Information Technology,0.009857,-0.005005,0.012069,0.001764,0.000431,-0.3638,0.1181,1,FALSE,0.01047,0.020021,,2026-02-12T10:00:00Z,2026-02-12T10:00:00Z
2022-0510-001,data_breach,,1000,mixed,"active_directory,payment_systems",,Misconfigured cloud storage bucket discovered by automated scanner ? bulk data download over 72 hours ? data posted to dark web marketplace,5138150736.68,19773,38202473605.45,TRUE,16543845.62,9744496.78,6237137.26,562211.58,,8506926.25,-0.041734,-0.024818,-0.025451,121,3.5461,0.56615,81.09,Silver,3,Osprey Vista Engineering Holdings PLC,GB,31-33,61,OVE.L,2022-05-10,TRUE,2022-05-24,2022-08-23,Play,suspected,https://www.crowdstrike.com/blog/osprey-vista-enginee-intrusion-analysis-2022/,,cybersecurity_firm,,,2026-02-12T10:00:00Z,2026-02-12T10:00:00Z,disclosed,,,,estimated,10567729.8,23459294.63,18174459.23,CPI-U 2022 (292.655),"Loss methodology: Monte Carlo simulation with 10,000 iterations (95th percentile)",2026-02-12T10:00:00Z,2026-02-12T10:00:00Z,OVE.L,24.99,26.06,24.97,25.41,25.4,1892970,6712707,S&P 500 Industrials,0.012935,-0.050031,-0.024818,-0.025451,-0.021862,-2.8677,-1.7761,1,FALSE,0.021293,0.030359,,2026-02-12T10:00:00Z,2026-02-12T10:00:00Z
2022-0512-001,ddos,31.77,,,"CRM,active_directory,SSO,SCADA",malware,,55663502187.42,152658,324483623216.14,TRUE,1796987744.63,994113434.47,683050439.47,119823870.69,,,-0.012858,-0.000316,0.011579,24,1.5817,1,56.64,Bronze,1,Jerusalem Platforms Ltd.,IL,51,,JERU.TA,2022-05-12,FALSE,2022-05-14,2022-06-16,,,https://www.sec.gov/cgi-bin/browse-edgar?action=getcompany&CIK=0001456784&type=8-K&dateb=20220602&owner=include&count=10,https://www.theregister.com/2022/03/14/jerusalem-platforms-_security_incident/,sec_filing,low_quality_score,,2026-02-12T10:00:00Z,2026-02-12T10:00:00Z,disclosed,,,,estimated,1229189612.21,2765004208.51,1974104525.46,CPI-U 2022 (292.655),,2026-02-12T10:00:00Z,2026-02-12T10:00:00Z,JERU.TA,298.07,272.24,268.74,272.15,275.39,135502,214325,S&P 500 Information Technology,-0.012406,-0.01216,-0.000316,0.011579,0.017461,-1.1437,0.3759,1,FALSE,0.012626,0.015766,Post-incident volatility spike consistent with uncertainty resolution over 14 trading days,2026-02-12T10:00:00Z,2026-02-12T10:00:00Z
2022-0517-001,ransomware,,10458,financial,"cloud_infrastructure,VPN,SCADA,HR_systems,email",,,207672114.14,654,1159456120.76,TRUE,10034801.73,6204213.46,2053280.84,851673.15,925634.28,,-0.021226,-0.026268,0.003595,49,3.8043,1,92.79,Gold,3,YieldRisk Partners Co. Ltd.,JP,52,,YIEL.T,2022-05-17,FALSE,2022-05-26,2022-06-05,BianLian,suspected,https://www.crowdstrike.com/blog/yieldrisk-partners-c-intrusion-analysis-2022/,https://www.sec.gov/cgi-bin/browse-edgar?action=getcompany&CIK=0001189844&type=8-K&dateb=20220905&owner=include&count=10,cybersecurity_firm,,,2026-02-12T10:00:00Z,2026-02-12T10:00:00Z,calculated,3293225.74,,,disclosed,7606372.95,14874453.98,11023863.44,CPI-U 2022 (292.655),Recovery costs include $19.7M for forensic investigation by Stroz_Friedberg,2026-02-12T10:00:00Z,2026-02-12T10:00:00Z,YIEL.T,5.61,5.41,5.3,5.27,5.43,1194725,4545135,S&P 500 Financials,0.011956,-0.022505,-0.026268,0.003595,0.001697,-1.4059,0.2051,1,FALSE,0.02004,0.024857,,2026-02-12T10:00:00Z,2026-02-12T10:00:00Z
2022-0529-001,malware,32.93,7137,IP,"manufacturing_OT,CRM,payment_systems,customer_database,HR_systems",,Trojanized installer via SEO-poisoned download ? fileless PowerShell execution ? registry run-key persistence ? credential dumping via LSASS ? data staged for exfil,57538090072.77,255968,418660366892.87,TRUE,3044964.04,1669480.33,1165202.95,210280.76,,1449119.95,-0.026764,-0.043585,-0.033888,130,3.7086,0.886,81.21,Silver,1,Edwards Group Inc.,US,52,22,EDWA,2022-05-29,FALSE,2022-08-27,2022-09-06,,,https://www.sec.gov/cgi-bin/browse-edgar?action=getcompany&CIK=0001128992&type=8-K&dateb=20221004&owner=include&count=10,,sec_filing,,,2026-02-12T10:00:00Z,2026-02-12T10:00:00Z,estimated,,,,estimated,2300295.97,4547358.16,3345085.3,CPI-U 2022 (292.655),,2026-02-12T10:00:00Z,2026-02-12T10:00:00Z,EDWA,301.09,284.46,276.85,272.06,274.82,443726,1645605,S&P 500 Financials,0.019847,-0.023785,-0.043585,-0.033888,-0.037087,-2.228,-1.229,1,FALSE,0.015145,0.02108,Concurrent dividend announcement partially offset negative price reaction,2026-02-12T10:00:00Z,2026-02-12T10:00:00Z
2022-0607-001,ransomware,26.85,191560,mixed,file_servers,,,204744782.89,1631,1493057459.17,TRUE,1072376.52,594768.59,365689.83,111918.1,,609806.76,-0.050308,-0.037295,-0.012533,34,2.8112,0.8626,93.15,Gold,4,Mantis Oncus Sciences Corp.,CA,62,,MOS.TO,2022-06-07,FALSE,2022-06-15,2022-06-30,,,https://krebsonsecurity.com/2022/12/mantis-oncus-science-breach-exposes-data/,,verified_media,,,2026-02-12T10:00:00Z,2026-02-12T10:00:00Z,disclosed,1293497.04,,,estimated,878077.06,1493318.51,1178073.33,CPI-U 2022 (292.655),,2026-02-12T10:00:00Z,2026-02-12T10:00:00Z,MOS.TO,12.53,11.41,10.84,10.98,11.27,608932,1711849,S&P 500 Health Care,-0.013589,-0.063544,-0.037295,-0.012533,-0.006977,-2.2748,-0.5131,1,FALSE,0.028517,0.047886,,2026-02-12T10:00:00Z,2026-02-12T10:00:00Z
2022-0611-002,ransomware,4.33,549736525,financial,"cloud_infrastructure,manufacturing_OT,website,ERP,email",,Phishing email with weaponized attachment ? credential theft via Mimikatz ? lateral movement via RDP/SMB ? Active Directory compromise ? ransomware deployment across domain-joined hosts,4131941919.33,26033,18037083997.45,TRUE,28544455.1,10800000,12193161.5,2241851.52,3309442.08,6671624.65,-0.063099,-0.089383,-0.017761,43,1.7366,0.472,53.03,Bronze,4,Ridge Sierra Systems Group Inc.,PH,31-33,92,RSS.PH,2022-06-11,FALSE,2022-07-14,2022-09-22,Conti,suspected,https://therecord.media/2022/07/09/ridge-sierra-systems-grou-breached,,verified_media,low_quality_score,,2026-02-12T10:00:00Z,2026-02-12T10:00:00Z,disclosed,297571.51,,,disclosed,22463015.87,51359218.28,31357886.64,CPI-U 2022 (292.655),Legal fees reflect engagement of AmLaw 100 firm for class-action defense,2026-02-12T10:00:00Z,2026-02-12T10:00:00Z,RSS.PH,22.52,22.87,21.43,20.83,22.46,580830,1008641,S&P 500 Industrials,0.000302,-0.060642,-0.089383,-0.017761,-0.014714,-3.056,-0.9195,1,FALSE,0.038517,0.056235,,2026-02-12T10:00:00Z,2026-02-12T10:00:00Z
2022-0616-001,ddos,147.27,,,"active_directory,VPN,ERP,SSO,email",,,23870479407.89,107358,100627694983.06,TRUE,25208061.97,12000000,11332866.87,1875195.1,,4246524.75,-0.001612,0.011221,0.033965,,3.5,1,93.75,Gold,1,Cobalt Transit Logistics Holdings Inc.,US,48-49,,CTL,2022-06-16,FALSE,2022-07-21,2022-08-03,,,https://www.sec.gov/cgi-bin/browse-edgar?action=getcompany&CIK=0001794201&type=8-K&dateb=20220807&owner=include&count=10,https://krebsonsecurity.com/2022/04/cobalt-transit-logis-breach-exposes-data/,sec_filing,,,2026-02-12T10:00:00Z,2026-02-12T10:00:00Z,disclosed,,,,estimated,20364826.39,29786701.83,27692648.08,CPI-U 2022 (292.655),,2026-02-12T10:00:00Z,2026-02-12T10:00:00Z,CTL,260.3,248.51,248.11,251.3,256.95,935129,3272916,S&P 500 Industrials,-0.001462,-0.001761,0.011221,0.033965,0.038986,-0.0939,2.2897,0.85515,FALSE,0.021773,0.031236,,2026-02-12T10:00:00Z,2026-02-12T10:00:00Z
2022-0620-002,apt,117.17,3623,financial,"cloud_infrastructure,website,SSO",,,4203126400.85,13247,11984520232.31,TRUE,128547609.03,78133521.88,27789272.74,22624814.41,,,-0.089639,-0.090004,-0.03042,271,3.4663,0.0002,81.1,Silver,3,Philadelphia Industries Group Inc.,US,31-33,,PHIL,2022-06-20,FALSE,2022-08-20,2022-08-29,Royal,confirmed,https://www.bleepingcomputer.com/news/security/philadelphia-industries-g-hit-by-cyberattack-2022/,https://www.philadelphia-industries-g.com/newsroom/2022/03/security-update,verified_media,,,2026-02-12T10:00:00Z,2026-02-12T10:00:00Z,calculated,,,,estimated,89965343.89,225047942.55,141217666.89,CPI-U 2022 (292.655),,2026-02-12T10:00:00Z,2026-02-12T10:00:00Z,PHIL,40.6,42.52,38.71,38.69,41.23,537620,1863556,S&P 500 Industrials,0.018539,-0.110026,-0.090004,-0.03042,-0.006825,-15.6122,-1.2071,1,FALSE,0.01106,0.020228,,2026-02-12T10:00:00Z,2026-02-12T10:00:00Z
2022-0624-001,ddos,283.83,,,"SSO,ERP",,Multi-vector botnet activation ? volumetric UDP reflection (900 Gbps peak) ? application-layer HTTP/2 flood ? 18-hour service degradation,4072304774.14,10158,25402793682.73,TRUE,5213842.21,3099581.93,1072773.02,1041487.26,,3079067.97,-0.002675,-0.0012,0.028841,46,2.4506,1,78.7,Silver,4,Ironwood Lumen Platforms Co.,US,51,,ILP,2022-06-24,FALSE,2022-06-25,2022-07-13,,,https://www.bleepingcomputer.com/news/security/ironwood-lumen-platforms--hit-by-cyberattack-2022/,,verified_media,,,2026-02-12T10:00:00Z,2026-02-12T10:00:00Z,disclosed,,,,estimated,3600232.77,8278784.21,5727734.95,CPI-U 2022 (292.655),,2026-02-12T10:00:00Z,2026-02-12T10:00:00Z,ILP,43.19,40.63,40.52,40.58,41.8,1873544,4591239,S&P 500 Information Technology,-0.018764,-0.003288,-0.0012,0.028841,0.004081,-0.2378,3.4905,0.25475,FALSE,0.01546,0.029049,,2026-02-12T10:00:00Z,2026-02-12T10:00:00Z
2022-0629-002,ransomware,,11336,health,"cloud_infrastructure,website,HR_systems,backup_systems,payment_systems",,,33203239811.6,82705,237654098220.62,TRUE,962294220.34,478137493.98,356250024.88,124545117.63,,194275004.13,-0.055034,-0.00884,-0.000055,11,3.9933,0.70745,52.25,Bronze,3,Melbourne Advisory Pty Ltd.,AU,52,,MELB.AX,2022-06-29,FALSE,2022-07-02,2022-07-11,Akira,confirmed,https://www.crowdstrike.com/blog/melbourne-advisory-p-intrusion-analysis-2022/,https://www.melbourne-advisory-pty-lt.com/newsroom/2022/05/security-update,cybersecurity_firm,low_quality_score,,2026-02-12T10:00:00Z,2026-02-12T10:00:00Z,disclosed,4393740,3361583.85,congressional testimony,estimated,762605079.13,1633505264.77,1057140974.32,CPI-U 2022 (292.655),,2026-02-12T10:00:00Z,2026-02-12T10:00:00Z,MELB.AX,279.8,260.1,245.79,257.8,260.09,953481,3807494,S&P 500 Financials,-0.008931,-0.066763,-0.00884,-0.000055,0.00423,-2.5851,-0.0055,1,FALSE,0.030027,0.034167,,2026-02-12T10:00:00Z,2026-02-12T10:00:00Z
2022-0702-002,apt,36.25,69000,IP,SSO,,Zero-day exploit in edge device ? fileless implant in memory ? scheduled task persistence ? low-and-slow data staging ? encrypted exfiltration over DNS tunneling,528350249.95,2665,2445544196.45,TRUE,5816592.88,3171745.98,1990702.73,654144.17,,,-0.041354,-0.053361,0.001033,8,3.6297,1,97.72,Gold,1,Zephyr Aura Diagnostics GmbH,DE,62,,ZAD.DE,2022-07-02,FALSE,2022-09-30,2022-10-30,NoName057,probable,https://www.aepd.es/decisions/2022/08/INQ-2022-00751,https://www.crowdstrike.com/blog/zephyr-aura-diagnost-intrusion-analysis-2022/,gdpr_notification,,Previously breached in 2021; confirmed as separate campaign,2026-02-12T10:00:00Z,2026-02-12T10:00:00Z,calculated,,,,disclosed,4764648.46,8337494.74,6389894.62,CPI-U 2022 (292.655),,2026-02-12T10:00:00Z,2026-02-12T10:00:00Z,ZAD.DE,14.64,14.54,13.94,13.76,14.56,9099113,33027494,S&P 500 Health Care,-0.014381,-0.041657,-0.053361,0.001033,0.006381,-1.5377,0.0452,1,TRUE,0.021077,0.029557,Stock halted for 2 hours on disclosure day per exchange circuit breaker,2026-02-12T10:00:00Z,2026-02-12T10:00:00Z
2022-0715-002,ransomware,13.84,27696,mixed,"SSO,payment_systems,cloud_infrastructure,website",,,41230128927.45,249302,261348264332.32,TRUE,13781694.84,8858833.23,3487228.33,1435633.28,,8737446.58,-0.014246,-0.024891,-0.001005,46,2.7907,1,70.21,Silver,3,DealGoods Markets Inc.,US,44-45,,DEAL,2022-07-15,FALSE,2022-10-14,2022-10-18,,,https://www.crowdstrike.com/blog/dealgoods-markets-in-intrusion-analysis-2022/,,cybersecurity_firm,,,2026-02-12T10:00:00Z,2026-02-12T10:00:00Z,estimated,855918.24,,,disclosed,11335572.69,22945585.48,15140062.16,CPI-U 2022 (292.655),Legal fees reflect engagement of AmLaw 100 firm for class-action defense,2026-02-12T10:00:00Z,2026-02-12T10:00:00Z,DEAL,296.37,268.5,264.67,261.82,268.23,2043702,5703356,S&P 500 Consumer Discretionary,-0.01609,-0.01275,-0.024891,-0.001005,0.009582,-0.7597,-0.065,1,FALSE,0.010207,0.014345,,2026-02-12T10:00:00Z,2026-02-12T10:00:00Z
2022-0718-001,data_breach,,49212,PII,"CRM,cloud_infrastructure,VPN,payment_systems",,Misconfigured cloud storage bucket discovered by automated scanner ? bulk data download over 72 hours ? data posted to dark web marketplace,9692810402.41,26531,31292954345.08,TRUE,20404532.97,11494309.34,6119743.3,2546978.4,243501.93,11789353.6,-0.020668,0.007345,-0.024239,224,3.4514,0.83515,58.7,Bronze,4,MarketEquity Assurance Inc.,CA,52,51,MARK.TO,2022-07-18,FALSE,2022-08-17,2022-09-26,,,https://therecord.media/2022/12/11/marketequity-assurance-in-breached,,verified_media,low_quality_score,Incident date based on forensic timeline reconstruction (+-2 days),2026-02-12T10:00:00Z,2026-02-12T10:00:00Z,disclosed,,,,calculated,16499605.01,30417024.41,22415668.11,CPI-U 2022 (292.655),,2026-02-12T10:00:00Z,2026-02-12T10:00:00Z,MARK.TO,98.14,99.56,97.5,100.29,97.15,5695209,19656532,S&P 500 Financials,0.015919,-0.020874,0.007345,-0.024239,-0.023625,-2.3297,-0.7731,1,FALSE,0.032023,0.048617,,2026-02-12T10:00:00Z,2026-02-12T10:00:00Z
2022-0719-001,phishing,,135178,PII,active_directory,,Spear-phishing campaign targeting finance team ? credential harvesting through cloned SSO portal ? email account compromise ? BEC wire transfer or data exfiltration,1314426896.67,7941,2361121526.79,TRUE,9500830.27,4800000,4111367.4,589462.87,,4430529.09,-0.010251,-0.028124,-0.019943,22,1.802,1,60.68,Bronze,1,Carver Brands Group N.V.,NL,44-45,,CARV.AS,2022-07-19,FALSE,2022-07-24,2022-08-30,,,https://www.sec.gov/cgi-bin/browse-edgar?action=getcompany&CIK=0001480636&type=8-K&dateb=20221117&owner=include&count=10,,sec_filing,,,2026-02-12T10:00:00Z,2026-02-12T10:00:00Z,calculated,,,,disclosed,7849259.02,15994462.45,10437262.07,CPI-U 2022 (292.655),,2026-02-12T10:00:00Z,2026-02-12T10:00:00Z,CARV.AS,7.65,6.9,6.83,6.71,6.76,3347952,6033029,S&P 500 Consumer Discretionary,0.021795,-0.011707,-0.028124,-0.019943,-0.02074,-0.5578,-1.0619,1,FALSE,0.015203,0.017588,,2026-02-12T10:00:00Z,2026-02-12T10:00:00Z
2022-0807-001,phishing,,58015,health,"VPN,customer_database",,Spear-phishing campaign targeting finance team ? credential harvesting through cloned SSO portal ? email account compromise ? BEC wire transfer or data exfiltration,5328942978.77,9486,13125595307.17,TRUE,7638952.72,4112918.03,1300190.85,692945.06,1532898.78,2923936.12,0.000232,-0.014501,0.013844,14,2.1044,1,98.77,Gold,1,NetNet Networks AB,SE,51,92,NETN.ST,2022-08-07,FALSE,2022-08-14,2022-09-13,Vice_Society,suspected,https://www.cnil.fr/decisions/2022/07/INQ-2022-00103,https://therecord.media/2022/11/15/netnet-networks-ab-breached,gdpr_notification,,,2026-02-12T10:00:00Z,2026-02-12T10:00:00Z,estimated,,,,estimated,6004688.22,12389177.51,8391872,CPI-U 2022 (292.655),,2026-02-12T10:00:00Z,2026-02-12T10:00:00Z,NETN.ST,66.39,62.66,62.67,61.75,63.53,1136152,2390975,S&P 500 Information Technology,0.014802,0.000283,-0.014501,0.013844,0.014013,0.0136,0.436,1,FALSE,0.022656,0.027296,,2026-02-12T10:00:00Z,2026-02-12T10:00:00Z
2022-0814-002,phishing,,6220,mixed,email,,Spear-phishing campaign targeting finance team ? credential harvesting through cloned SSO portal ? email account compromise ? BEC wire transfer or data exfiltration,28970794798.33,217683,174029534026.42,TRUE,7379940.94,3200000,3163625.61,1016315.33,,,0.004342,0.009119,0.008708,,2.4014,1,95.18,Gold,1,Ridge Granite Pharmaceuticals Group N.V.,NL,62,,RGP.AS,2022-08-14,TRUE,2022-08-26,2022-09-05,Sandworm,suspected,https://www.edpb.europa.eu/decisions/2022/03/INQ-2022-00607,,gdpr_notification,,,2026-02-12T10:00:00Z,2026-02-12T10:00:00Z,estimated,,,,calculated,5773825.98,12078056.04,8107331.2,CPI-U 2022 (292.655),,2026-02-12T10:00:00Z,2026-02-12T10:00:00Z,RGP.AS,242.05,253.62,254.72,255.93,255.83,1104073,2651271,S&P 500 Health Care,0.002033,0.004596,0.009119,0.008708,0.016989,0.8684,0.3665,1,FALSE,0.037598,0.054358,,2026-02-12T10:00:00Z,2026-02-12T10:00:00Z
2022-0816-001,ransomware,7.78,36959,credentials,"cloud_infrastructure,CRM,backup_systems",backdoor,Phishing email with weaponized attachment ? credential theft via Mimikatz ? lateral movement via RDP/SMB ? Active Directory compromise ? ransomware deployment across domain-joined hosts,6378106796.04,33772,39308094352.43,TRUE,16134027.52,3980146.29,3516613.89,1238759.55,,2969519.24,-0.013358,-0.021282,0.000167,22,2.1117,1,95.82,Gold,1,Sequoia Expert Consulting Group Inc.,US,54,,SEC,2022-08-16,FALSE,2022-08-26,2022-10-04,Lazarus_Group,unknown,https://www.sec.gov/cgi-bin/browse-edgar?action=getcompany&CIK=0001892253&type=8-K&dateb=20220401&owner=include&count=10,https://www.mandiant.com/resources/blog/sequoia-expert-consu-incident-response-2022,sec_filing,,,2026-02-12T10:00:00Z,2026-02-12T10:00:00Z,disclosed,9702761.93,7398507.79,court filing,disclosed,12377803.33,19233199.76,17724248.17,CPI-U 2022 (292.655),Insurance claim partially denied; payout reflects negotiated settlement at 15% of claim,2026-02-12T10:00:00Z,2026-02-12T10:00:00Z,SEC,52.51,54.12,53.4,52.97,54.13,901782,1904320,S&P 500,0.006886,-0.016011,-0.021282,0.000167,0.017525,-1.2333,0.0071,1,FALSE,0.015323,0.030362,Low pre-incident trading volume reduces baseline reliability; interpret with caution,2026-02-12T10:00:00Z,2026-02-12T10:00:00Z
2022-0817-001,phishing,,1049,mixed,"VPN,backup_systems,HR_systems,CRM",,,35664152045.95,146628,108095394457.3,TRUE,1574754909.63,848804782.43,599934285.46,126015841.74,,,-0.010729,-0.005315,0.002575,39,1.8726,1,76.97,Silver,3,Belfast Fabrication Group PLC,GB,31-33,,BELF.L,2022-08-17,FALSE,2022-08-31,2022-10-01,,,https://unit42.paloaltonetworks.com/threat-brief-belfast-fabrication--2022/,https://therecord.media/2022/03/22/belfast-fabrication-group-breached,cybersecurity_firm,,,2026-02-12T10:00:00Z,2026-02-12T10:00:00Z,estimated,,,,estimated,957397572.39,1946243406.42,1729967721.19,CPI-U 2022 (292.655),,2026-02-12T10:00:00Z,2026-02-12T10:00:00Z,BELF.L,218.03,223.42,221.02,222.23,224,461361,863950,S&P 500 Industrials,0.011639,-0.011958,-0.005315,0.002575,0.017077,-0.7608,0.0804,1,FALSE,0.013037,0.020017,,2026-02-12T10:00:00Z,2026-02-12T10:00:00Z
2022-1002-001,data_breach,,18853,PII,"active_directory,cloud_infrastructure,HR_systems,ERP,VPN",malware,Misconfigured cloud storage bucket discovered by automated scanner ? bulk data download over 72 hours ? data posted to dark web marketplace,409011049.14,1108,2029184633.26,TRUE,151891147.75,79757154.58,61744780.37,10389212.8,,26884545.88,-0.01982,-0.008845,0.024011,53,1.5471,0.97495,75.32,Silver,1,ReserveSecura Group Holdings Ltd.,IN,52,,RESE.NS,2022-10-02,FALSE,2022-11-01,2023-01-03,APT41,probable,https://www.sec.gov/cgi-bin/browse-edgar?action=getcompany&CIK=0001215860&type=8-K&dateb=20220518&owner=include&count=10,,sec_filing,,,2026-02-12T10:00:00Z,2026-02-12T10:00:00Z,estimated,,,,estimated,125326349.67,244328468.39,166862018.42,CPI-U 2022 (292.655),Regulatory fine imposed under GDPR Article 83(5)(a) by ICO,2026-02-12T10:00:00Z,2026-02-12T10:00:00Z,RESE.NS,13.21,11.66,11.43,11.56,11.94,5288540,8182012,S&P 500 Financials,-0.017014,-0.019647,-0.008845,0.024011,0.003644,-2.0501,0.8551,1,FALSE,0.029812,0.033633,Post-incident volatility spike consistent with uncertainty resolution over 14 trading days,2026-02-12T10:00:00Z,2026-02-12T10:00:00Z
2022-1005-001,trojan,,8896,PII,"manufacturing_OT,SCADA,HR_systems,email,cloud_infrastructure",,Drive-by download from compromised ad network ? remote access trojan deployment ? keylogger activation ? credential theft ? lateral movement to file servers,2952266333.94,7820,19941790047.9,TRUE,3673122.6,1765088.77,1363727.46,544306.37,,,-0.014719,-0.026782,-0.021369,235,2.8075,1,65.17,Bronze,3,Archer Commerce Bank Inc.,US,52,,ACB,2022-10-05,FALSE,2022-11-07,2022-11-18,APT29,confirmed,https://www.mandiant.com/resources/blog/archer-commerce-bank-incident-response-2022,https://www.sec.gov/cgi-bin/browse-edgar?action=getcompany&CIK=0001317194&type=8-K&dateb=20220919&owner=include&count=10,cybersecurity_firm,,,2026-02-12T10:00:00Z,2026-02-12T10:00:00Z,estimated,,,,estimated,2569894.42,4584459.18,4035157.15,CPI-U 2022 (292.655),,2026-02-12T10:00:00Z,2026-02-12T10:00:00Z,ACB,43.59,41.54,40.93,40.43,40.65,2726223,7653835,S&P 500 Financials,-0.012266,-0.014623,-0.026782,-0.021369,-0.005722,-0.8621,-1.3592,1,FALSE,0.029466,0.045366,,2026-02-12T10:00:00Z,2026-02-12T10:00:00Z
2022-1015-001,data_breach,,,,"HR_systems,ERP,CRM,email,cloud_infrastructure",,Misconfigured cloud storage bucket discovered by automated scanner ? bulk data download over 72 hours ? data posted to dark web marketplace,2908976434.72,29894,19388175947.52,TRUE,6912973.36,3390233.09,3252239.43,270500.84,,1513154.69,-0.064886,-0.038271,-0.008796,14,2.0705,0.0002,86.58,Gold,4,SuiteHaven Hospitality Ltd.,GB,72,,SUIT.L,2022-10-15,FALSE,2022-10-24,2023-01-27,,,https://www.bleepingcomputer.com/news/security/suitehaven-hospitality-lt-hit-by-cyberattack-2022/,,verified_media,,,2026-02-12T10:00:00Z,2026-02-12T10:00:00Z,estimated,,,,estimated,5614362.83,9923023.67,7594337.82,CPI-U 2022 (292.655),,2026-02-12T10:00:00Z,2026-02-12T10:00:00Z,SUIT.L,37.48,36.96,34.56,35.55,36.63,3715736,7693264,S&P 500 Consumer Discretionary,-0.012419,-0.077921,-0.038271,-0.008796,-0.008812,-11.6995,-0.3663,1,FALSE,0.020853,0.023497,,2026-02-12T10:00:00Z,2026-02-12T10:00:00Z
2022-1029-001,data_breach,,139803,IP,"SCADA,ERP,file_servers,customer_database",,Misconfigured cloud storage bucket discovered by automated scanner ? bulk data download over 72 hours ? data posted to dark web marketplace,366640559.44,2283,1667240347.37,TRUE,260203.19,130000,110643.84,19559.35,,62801.04,-0.022431,-0.035714,-0.02036,159,2.8733,1,97.88,Gold,2,StructDynamic Defense Corp.,NO,31-33,,STRU.OL,2022-10-29,FALSE,2022-11-12,2023-01-14,,,https://blog.talosintelligence.com/2022/05/structdynamic-defens-campaign.html,https://www.structdynamic-defense-cor.com/newsroom/2022/01/security-update,cybersecurity_firm,,Concurrent with public CVE disclosure (CVE-2022-2022-19182),2026-02-12T10:00:00Z,2026-02-12T10:00:00Z,estimated,,,,calculated,200701.82,362764.6,285849.64,CPI-U 2022 (292.655),,2026-02-12T10:00:00Z,2026-02-12T10:00:00Z,STRU.OL,5.3,5.48,5.36,5.28,5.37,5234815,15041278,S&P 500 Industrials,-0.003274,-0.023341,-0.035714,-0.02036,0.007743,-1.4928,-1.0022,1,FALSE,0.017236,0.022581,Thinly traded stock (avg volume < 100K); abnormal returns subject to higher noise,2026-02-12T10:00:00Z,2026-02-12T10:00:00Z
2022-1104-001,apt,25.18,35700,health,"backup_systems,CRM,payment_systems,file_servers,cloud_infrastructure",,Zero-day exploit in edge device ? fileless implant in memory ? scheduled task persistence ? low-and-slow data staging ? encrypted exfiltration over DNS tunneling,8123110317.32,35373,20082522956.24,TRUE,12666028.08,808837.02,769383.95,232840.93,10854966.18,,-0.072166,-0.095753,-0.063441,55,1.5286,0.0002,63.73,Bronze,3,Dynamo Ridge Diagnostics Corp.,US,62,,DRD,2022-11-04,FALSE,2022-11-20,2023-01-27,,,https://therecord.media/2022/09/05/dynamo-ridge-diagnostics--breached,https://www.cnil.fr/decisions/2022/04/INQ-2022-00069,verified_media,,Company undergoing M&A at time of incident; financial attribution complex,2026-02-12T10:00:00Z,2026-02-12T10:00:00Z,estimated,,,,estimated,10473714.81,19466422.12,13914431.76,CPI-U 2022 (292.655),,2026-02-12T10:00:00Z,2026-02-12T10:00:00Z,DRD,44.9,46.85,43.47,42.36,43.88,3231806,4940093,S&P 500 Health Care,-0.008664,-0.085784,-0.095753,-0.063441,-0.043827,-8.7667,-2.1406,0.9297,FALSE,0.025072,0.032561,,2026-02-12T10:00:00Z,2026-02-12T10:00:00Z
2022-1104-002,apt,24.92,68400,mixed,"manufacturing_OT,CRM,cloud_infrastructure",,Zero-day exploit in edge device ? fileless implant in memory ? scheduled task persistence ? low-and-slow data staging ? encrypted exfiltration over DNS tunneling,291430249.5,1138,763271842.05,TRUE,129382239.12,89061137.21,29204015.77,11117086.14,,,-0.05036,-0.051781,0.004097,37,3.1552,0.225,87.32,Gold,4,Davidson Financial Co. Ltd.,JP,52,,DAVI.T,2022-11-04,TRUE,2022-12-07,2023-02-14,Royal,suspected,https://krebsonsecurity.com/2022/06/davidson-financial-c-breach-exposes-data/,,verified_media,,,2026-02-12T10:00:00Z,2026-02-12T10:00:00Z,calculated,,,,estimated,106444395.95,208841079.59,142134560.75,CPI-U 2022 (292.655),,2026-02-12T10:00:00Z,2026-02-12T10:00:00Z,DAVI.T,11.86,11.24,10.67,10.66,11.29,3429108,10819607,S&P 500 Financials,0.013151,-0.058197,-0.051781,0.004097,-0.012038,-3.55,0.5322,1,FALSE,0.036691,0.068826,,2026-02-12T10:00:00Z,2026-02-12T10:00:00Z
2022-1106-001,ransomware,24.67,,,"ERP,file_servers,HR_systems,SSO",,Phishing email with weaponized attachment ? credential theft via Mimikatz ? lateral movement via RDP/SMB ? Active Directory compromise ? ransomware deployment across domain-joined hosts,107811941.06,793,489446422.46,TRUE,87800574.76,21600000,19367005.1,6076803.97,,,-0.064089,-0.106112,-0.081064,115,2.0394,0.1262,56.56,Bronze,4,CarbonTool Materials Co.,BE,31-33,,CARB.BR,2022-11-06,TRUE,2022-11-09,2022-12-29,BlackSuit,probable,https://krebsonsecurity.com/2022/04/carbontool-materials-breach-exposes-data/,,verified_media,low_quality_score,,2026-02-12T10:00:00Z,2026-02-12T10:00:00Z,estimated,75000000,40756765.69,company statement,calculated,64134014.91,153204103.21,96454476.38,CPI-U 2022 (292.655),,2026-02-12T10:00:00Z,2026-02-12T10:00:00Z,CARB.BR,8.63,8.63,8.08,7.71,7.93,2596996,5296351,S&P 500 Industrials,-0.015222,-0.067163,-0.106112,-0.081064,-0.05579,-3.7476,-2.4939,0.75305,FALSE,0.027266,0.050313,,2026-02-12T10:00:00Z,2026-02-12T10:00:00Z
2022-1118-001,apt,106.9,22483,mixed,"customer_database,payment_systems,website,manufacturing_OT",,,9251385781.66,24935,28221464268.82,TRUE,84790922.71,55465777.57,21657367.68,7667777.46,,16007902.99,-0.044261,-0.045247,-0.019268,5,1.631,0.8574,56.51,Bronze,1,LandRealty Group Co.,MX,53,,LAND.MX,2022-11-18,FALSE,2022-12-07,2023-02-08,DarkSide,confirmed,https://www.ico.org.uk/decisions/2022/07/INQ-2022-00121,https://www.sec.gov/cgi-bin/browse-edgar?action=getcompany&CIK=0001743544&type=8-K&dateb=20220504&owner=include&count=10,gdpr_notification,low_quality_score,,2026-02-12T10:00:00Z,2026-02-12T10:00:00Z,disclosed,,,,disclosed,67060908.59,134842923.17,93148183.53,CPI-U 2022 (292.655),,2026-02-12T10:00:00Z,2026-02-12T10:00:00Z,LAND.MX,50.31,46.55,44.49,44.44,45.65,800554,1305734,S&P 500 Real Estate,0.02485,-0.035512,-0.045247,-0.019268,-0.005514,-2.2852,-1.1574,1,FALSE,0.012742,0.018852,Cross-listed on multiple exchanges; primary exchange data used for return calculation,2026-02-12T10:00:00Z,2026-02-12T10:00:00Z
2022-1123-002,phishing,,120370,health,"active_directory,file_servers,customer_database",ransomware,Spear-phishing campaign targeting finance team ? credential harvesting through cloned SSO portal ? email account compromise ? BEC wire transfer or data exfiltration,420339692.5,1196,3104453064.28,TRUE,2487396.47,1240438.1,831189.67,415768.7,,441445.29,-0.03704,-0.04677,-0.028534,117,2.1813,0.5873,70.35,Silver,4,Nashville Securities Co.,US,52,,NAS1,2022-11-23,FALSE,2022-11-29,2023-01-04,Turla,unknown,https://therecord.media/2022/03/25/nashville-securities-co-breached,https://www.nashville-securities-co.com/newsroom/2022/03/security-update,verified_media,,Concurrent with public CVE disclosure (CVE-2022-2022-47410),2026-02-12T10:00:00Z,2026-02-12T10:00:00Z,disclosed,,,,disclosed,1640825.52,3120480.58,2732562.11,CPI-U 2022 (292.655),,2026-02-12T10:00:00Z,2026-02-12T10:00:00Z,NAS1,13.55,13.38,12.88,12.75,13,11134199,24287319,S&P 500 Financials,0.008416,-0.036137,-0.04677,-0.028534,-0.022901,-2.8254,-1.2635,1,TRUE,0.010818,0.012223,,2026-02-12T10:00:00Z,2026-02-12T10:00:00Z
2022-1125-001,data_breach,,36113,financial,"manufacturing_OT,active_directory",phishing,Misconfigured cloud storage bucket discovered by automated scanner ? bulk data download over 72 hours ? data posted to dark web marketplace,22196304197.85,196803,93383829906.64,TRUE,2083736.44,1017612.75,738988.44,327135.25,,909393.02,-0.010163,-0.018852,-0.012285,28,3.9011,1,93.75,Gold,1,Apex Oncus Biotech Co.,US,62,,AOB,2022-11-25,FALSE,2022-11-27,2022-12-28,,,https://www.bfdi.bund.de/decisions/2022/10/INQ-2022-00368,,gdpr_notification,,,2026-02-12T10:00:00Z,2026-02-12T10:00:00Z,estimated,,,,estimated,1582064.51,2884599.86,2289116.08,CPI-U 2022 (292.655),,2026-02-12T10:00:00Z,2026-02-12T10:00:00Z,AOB,284.2,292.97,289.99,287.45,289.37,888838,3467448,S&P 500 Health Care,-0.016683,-0.010009,-0.018852,-0.012285,-0.00022,-0.4011,-0.4615,1,FALSE,0.013157,0.02007,,2026-02-12T10:00:00Z,2026-02-12T10:00:00Z
2022-1125-002,ransomware,32.36,29694,mixed,"customer_database,CRM,SCADA,VPN",,Phishing email with weaponized attachment ? credential theft via Mimikatz ? lateral movement via RDP/SMB ? Active Directory compromise ? ransomware deployment across domain-joined hosts,31946109067.53,389373,233481597897.72,TRUE,46169652.51,24323194.8,19801446.86,2045010.85,,20814017.06,-0.031605,-0.030359,-0.01175,58,3.1573,0.18545,71.32,Silver,1,Patriot Wolverine Retail AG,DE,44-45,,PWR.DE,2022-11-25,FALSE,2022-12-03,2023-01-27,,,https://www.edpb.europa.eu/decisions/2022/11/INQ-2022-00370,https://therecord.media/2022/12/13/patriot-wolverine-retail--breached,gdpr_notification,,,2026-02-12T10:00:00Z,2026-02-12T10:00:00Z,disclosed,1315161.07,,,calculated,36143700.17,54112069.19,50720279.11,CPI-U 2022 (292.655),Regulatory fine imposed under GDPR Article 83(5)(a) by Garante,2026-02-12T10:00:00Z,2026-02-12T10:00:00Z,PWR.DE,257.77,243.29,235.6,235.9,240.43,2412239,7616142,S&P 500 Consumer Discretionary,0.010025,-0.026596,-0.030359,-0.01175,0.010207,-3.6291,-2.35,0.825,FALSE,0.01116,0.017596,,2026-02-12T10:00:00Z,2026-02-12T10:00:00Z
2022-1128-001,apt,20.26,,,"email,VPN,customer_database,SSO,active_directory",,Zero-day exploit in edge device ? fileless implant in memory ? scheduled task persistence ? low-and-slow data staging ? encrypted exfiltration over DNS tunneling,1799515221.63,6072,9225364932.44,TRUE,120167678.42,59466549.84,52356080.21,8345048.37,,68617828.57,-0.082029,-0.025708,-0.025192,157,3.4447,0.0002,93.44,Gold,1,Graham Fabrication Corp.,US,31-33,,GRAH,2022-11-28,FALSE,2023-01-31,2023-02-20,,,https://www.sec.gov/cgi-bin/browse-edgar?action=getcompany&CIK=0001044780&type=8-K&dateb=20220601&owner=include&count=10,,sec_filing,,,2026-02-12T10:00:00Z,2026-02-12T10:00:00Z,calculated,,,,estimated,93300135.18,163039213.49,132011783.88,CPI-U 2022 (292.655),Recovery includes infrastructure rebuild; company migrated to new cloud provider,2026-02-12T10:00:00Z,2026-02-12T10:00:00Z,GRAH,16.1,15.77,14.48,15.36,15.37,666926,2297348,S&P 500 Industrials,-0.019039,-0.08982,-0.025708,-0.025192,0.008865,-7.0885,-0.9035,1,FALSE,0.016673,0.025193,,2026-02-12T10:00:00Z,2026-02-12T10:00:00Z
2022-1130-001,phishing,,6291,PII,"SCADA,email,CRM,customer_database",,Spear-phishing campaign targeting finance team ? credential harvesting through cloned SSO portal ? email account compromise ? BEC wire transfer or data exfiltration,22233067823.11,95344,84225909323.08,TRUE,44011747.39,22365654.61,16800916.49,4845176.29,,22028074.11,-0.000034,0.000179,0.024076,,2.6043,1,94.49,Gold,3,Verdant Compass Systems Inc.,US,31-33,,VCS,2022-11-30,FALSE,2023-01-03,2023-01-19,,,https://www.crowdstrike.com/blog/verdant-compass-syst-intrusion-analysis-2022/,,cybersecurity_firm,,Cross-border incident; primary filing in HHS-OCR jurisdiction,2026-02-12T10:00:00Z,2026-02-12T10:00:00Z,estimated,,,,disclosed,34910872.16,60047241.53,48349684.05,CPI-U 2022 (292.655),,2026-02-12T10:00:00Z,2026-02-12T10:00:00Z,VCS,221.72,221.33,221.32,221.37,226.66,113181,294756,S&P 500 Industrials,0.025466,-0.000034,0.000179,0.024076,0.006746,-0.0023,1.2832,1,FALSE,0.022418,0.031648,,2026-02-12T10:00:00Z,2026-02-12T10:00:00Z
2022-1206-001,backdoor,,,,"CRM,website",,Exploitation of unpatched VPN appliance ? web shell implant ? SSH backdoor installed ? persistent access maintained for 6+ months ? bulk data exfiltration,37395064852.85,286773,177207561718.41,TRUE,41817754.33,19501401.01,16354085.61,5962267.71,,,-0.023411,-0.027174,-0.008686,49,3.2483,0.0002,76.88,Silver,1,Atlanta Stores Group Inc.,US,44-45,,ATL3,2022-12-06,FALSE,2023-01-10,2023-01-24,,,https://www.sec.gov/cgi-bin/browse-edgar?action=getcompany&CIK=0001124369&type=8-K&dateb=20220609&owner=include&count=10,,sec_filing,,,2026-02-12T10:00:00Z,2026-02-12T10:00:00Z,calculated,,,,estimated,26791368.72,67979997.19,45939444.11,CPI-U 2022 (292.655),,2026-02-12T10:00:00Z,2026-02-12T10:00:00Z,ATL3,408.51,399.89,390.53,389.02,396.42,251195,815955,S&P 500 Consumer Discretionary,0.013755,-0.026143,-0.027174,-0.008686,-0.024803,-4.6248,-0.2985,1,FALSE,0.020154,0.028128,,2026-02-12T10:00:00Z,2026-02-12T10:00:00Z
2022-1213-001,ddos,63.26,,,"backup_systems,active_directory,website,cloud_infrastructure,customer_database",ransomware,Multi-vector botnet activation ? volumetric UDP reflection (900 Gbps peak) ? application-layer HTTP/2 flood ? 18-hour service degradation,25858844763.05,93737,99556915294.28,TRUE,10743667.11,4612743.27,4941364.34,1189559.5,,3733646.88,-0.010234,0.003196,-0.00906,,2.9242,1,83.83,Silver,1,PrecisionComponent Industrial Co.,US,31-33,,PREC,2022-12-13,TRUE,2023-03-13,2023-03-29,Volt_Typhoon,probable,https://www.sec.gov/cgi-bin/browse-edgar?action=getcompany&CIK=0001986302&type=8-K&dateb=20220617&owner=include&count=10,https://www.edpb.europa.eu/decisions/2022/05/INQ-2022-00826,sec_filing,,,2026-02-12T10:00:00Z,2026-02-12T10:00:00Z,estimated,,,,estimated,7573192.83,13019528.61,11802596.83,CPI-U 2022 (292.655),,2026-02-12T10:00:00Z,2026-02-12T10:00:00Z,PREC,145.04,139.31,137.88,139.76,138.05,2498502,7306109,S&P 500 Industrials,0.006323,-0.010697,0.003196,-0.00906,-0.019027,-0.3761,-0.3262,1,FALSE,0.036142,0.044221,Earnings announcement within event window may confound abnormal returns,2026-02-12T10:00:00Z,2026-02-12T10:00:00Z
2022-1219-001,supply_chain,,,,"file_servers,cloud_infrastructure,ERP",,Compromised third-party software update ? trojanized DLL sideloaded ? C2 beacon established ? persistent access across customer environments,22271909259.46,175683,173381357990.48,TRUE,138695163.66,87704287.37,30631727.42,20359148.87,,45665338.29,-0.049173,-0.01029,-0.002939,27,3.9345,0.689,89.17,Gold,2,Harbor Eclipse Sciences Inc.,US,62,,HES,2022-12-19,TRUE,2022-12-28,2023-02-27,,,https://www.harbor-eclipse-sciences-i.com/newsroom/2022/03/security-update,,company_pr,,Data exfiltration confirmed via dark web monitoring service,2026-02-12T10:00:00Z,2026-02-12T10:00:00Z,disclosed,,,,estimated,105828953.75,213198069.56,152365396.51,CPI-U 2022 (292.655),Regulatory fine imposed under GDPR Article 83(5)(a) by EDPS,2026-02-12T10:00:00Z,2026-02-12T10:00:00Z,HES,196.11,189.04,179.74,187.09,188.48,421565,1658659,S&P 500 Health Care,0.006897,-0.048945,-0.01029,-0.002939,0.016413,-2.622,-0.1803,1,TRUE,0.024194,0.038277,,2026-02-12T10:00:00Z,2026-02-12T10:00:00Z
2022-1231-001,data_breach,,340112,credentials,"cloud_infrastructure,HR_systems,active_directory,manufacturing_OT",,Misconfigured cloud storage bucket discovered by automated scanner ? bulk data download over 72 hours ? data posted to dark web marketplace,13786299333.98,46925,59559258512.95,TRUE,2186284.97,1300000,491254.92,395030.05,,,-0.043082,-0.071828,-0.047386,36,3.4027,0.16645,66.29,Bronze,1,Compass Mold Materials S.A.,BR,31-33,,CMM.SA,2022-12-31,FALSE,2023-01-04,2023-01-14,,,https://www.compass-mold-materials-sa.com/newsroom/2022/07/security-update,https://www.cnil.fr/decisions/2022/05/INQ-2022-00336,company_pr,,,2026-02-12T10:00:00Z,2026-02-12T10:00:00Z,disclosed,,,,disclosed,1406019.28,3505197.65,2401772.11,CPI-U 2022 (292.655),Business interruption losses estimated from quarterly revenue delta,2026-02-12T10:00:00Z,2026-02-12T10:00:00Z,CMM.SA,99.11,93.82,89.78,87.08,89.37,3321379,11301532,S&P 500 Industrials,0.006803,-0.04347,-0.071828,-0.047386,-0.041816,-3.6671,-2.2486,0.8757,FALSE,0.031183,0.036076,Elevated options activity detected 60 days before public disclosure,2026-02-12T10:00:00Z,2026-02-12T10:00:00Z
2023-0111-001,phishing,,543729,financial,"SCADA,CRM,manufacturing_OT,payment_systems,email",,Spear-phishing campaign targeting finance team ? credential harvesting through cloned SSO portal ? email account compromise ? BEC wire transfer or data exfiltration,16673010962.01,121823,111002837379.62,TRUE,13498888.26,5923862.87,6537512.72,1037512.67,,8362321.51,-0.019157,-0.021284,-0.012051,20,3.2267,1,80.11,Silver,2,Nexus Harbor Works Corp.,JP,31-33,,NHW.T,2023-01-11,FALSE,2023-04-15,2023-04-26,Turla,suspected,https://www.nexus-harbor-works-corp.com/newsroom/2023/08/security-update,,company_pr,,,2026-02-12T10:00:00Z,2026-02-12T10:00:00Z,disclosed,,,,disclosed,9269565.46,21643906.67,14243072.17,CPI-U 2023 (304.702),Regulatory fine imposed under GDPR Article 83(5)(a) by OPC,2026-02-12T10:00:00Z,2026-02-12T10:00:00Z,NHW.T,235.76,221.17,216.93,216.46,218.5,401507,1295560,S&P 500 Industrials,0.028547,-0.016151,-0.021284,-0.012051,-0.020757,-1.0507,-0.4343,1,FALSE,0.038292,0.059136,Earnings announcement within event window may confound abnormal returns,2026-02-12T10:00:00Z,2026-02-12T10:00:00Z
2023-0115-001,trojan,,,,HR_systems,ddos,Drive-by download from compromised ad network ? remote access trojan deployment ? keylogger activation ? credential theft ? lateral movement to file servers,24806189094.88,71369,118198823773.06,TRUE,71616414.97,34881599.59,26404111.95,10330703.43,,31759649.99,-0.027129,-0.00638,-0.020181,255,2.4652,1,83.74,Silver,4,BitWire Innovations Corp.,US,51,,BITW,2023-01-15,FALSE,2023-07-18,2023-09-03,,,https://therecord.media/2023/12/10/bitwire-innovations-corp-breached,https://blog.talosintelligence.com/2023/08/bitwire-innovations--campaign.html,verified_media,,,2026-02-12T10:00:00Z,2026-02-12T10:00:00Z,calculated,,,,disclosed,60854299.98,105151963.28,75564575.92,CPI-U 2023 (304.702),,2026-02-12T10:00:00Z,2026-02-12T10:00:00Z,BITW,262.07,251.95,245.11,250.34,246.87,19782288,48767234,S&P 500 Information Technology,0.018777,-0.030706,-0.00638,-0.020181,0.001584,-1.9908,-1.0058,1,TRUE,0.027705,0.052161,,2026-02-12T10:00:00Z,2026-02-12T10:00:00Z
2023-0126-001,malware,22.2,8223,PII,"CRM,active_directory,website,customer_database,ERP",,,185852301.53,1612,806626238.67,TRUE,1593071.46,658157.1,776071.87,158842.49,,1019778,-0.005854,-0.010298,-0.02152,171,3.6356,1,97.38,Gold,2,Okonkwo Retail Group SA,FR,44-45,61,OKON.PA,2023-01-26,FALSE,2023-05-01,2023-05-21,Hive,probable,https://www.okonkwo-retail-group-sa.com/newsroom/2023/06/security-update,,company_pr,,,2026-02-12T10:00:00Z,2026-02-12T10:00:00Z,disclosed,,,,estimated,987212.39,2792393.58,1680896.33,CPI-U 2023 (304.702),,2026-02-12T10:00:00Z,2026-02-12T10:00:00Z,OKON.PA,14.15,14.29,14.21,14.14,13.98,424173,1542127,S&P 500 Consumer Discretionary,-0.006951,-0.005397,-0.010298,-0.02152,-0.023522,-0.3574,-3.2285,0.38575,FALSE,0.032406,0.058346,Company share buyback program active during post-incident window,2026-02-12T10:00:00Z,2026-02-12T10:00:00Z
2023-0215-001,ransomware,41.06,346580,IP,"SSO,VPN",,Phishing email with weaponized attachment ? credential theft via Mimikatz ? lateral movement via RDP/SMB ? Active Directory compromise ? ransomware deployment across domain-joined hosts,46825219.55,332,278145470.05,TRUE,27601056.36,12642809.28,12063849.25,2894397.83,,9066475.77,-0.070602,-0.056283,-0.056032,258,1.7549,0.0002,73.12,Silver,1,Keller Construction Pty Ltd.,AU,23,,KEL1.AX,2023-02-15,FALSE,2023-04-19,2023-05-13,,,https://www.sec.gov/cgi-bin/browse-edgar?action=getcompany&CIK=0001267902&type=8-K&dateb=20230615&owner=include&count=10,https://www.aepd.es/decisions/2023/10/INQ-2023-00470,sec_filing,,Insider threat component confirmed alongside external intrusion,2026-02-12T10:00:00Z,2026-02-12T10:00:00Z,estimated,45873491.14,,,estimated,20541223.59,33854348.75,29122682.55,CPI-U 2023 (304.702),Legal fees reflect engagement of AmLaw 100 firm for class-action defense,2026-02-12T10:00:00Z,2026-02-12T10:00:00Z,KEL1.AX,11.66,11.01,10.23,10.39,10.39,13247768,23248992,S&P 500,0.008722,-0.078007,-0.056283,-0.056032,-0.040637,-4.1783,-2.4339,0.78305,FALSE,0.028266,0.044826,Stock halted for 8 hours on disclosure day per exchange circuit breaker,2026-02-12T10:00:00Z,2026-02-12T10:00:00Z
2023-0215-002,ransomware,15.87,1286514,mixed,"website,email,HR_systems,manufacturing_OT",,,325324537.25,1729,810924447.02,TRUE,12510000.47,5845430.27,3668752.55,1461276.02,1308032.19,,-0.025348,-0.025099,-0.015181,31,1.9278,1,88.51,Gold,3,Obsidian Hawk Consulting Ltd.,IL,54,,OHC.TA,2023-02-15,FALSE,2023-03-05,2023-03-20,,,https://www.mandiant.com/resources/blog/obsidian-hawk-consul-incident-response-2023,,cybersecurity_firm,,Concurrent with public CVE disclosure (CVE-2023-2023-51076),2026-02-12T10:00:00Z,2026-02-12T10:00:00Z,estimated,615668.78,226509.44,insurance claim record,calculated,8763058.71,20352727.31,13199667.71,CPI-U 2023 (304.702),Cyber insurance policy sublimit of $13.5M applied; excess borne by company,2026-02-12T10:00:00Z,2026-02-12T10:00:00Z,OHC.TA,8.8,8.3,8.09,8.09,8.17,160540,309492,S&P 500,0.022532,-0.030302,-0.025099,-0.015181,-0.016452,-1.3465,-0.5645,1,TRUE,0.031215,0.050712,,2026-02-12T10:00:00Z,2026-02-12T10:00:00Z
2023-0216-001,apt,134.74,228075,PII,SSO,,Zero-day exploit in edge device ? fileless implant in memory ? scheduled task persistence ? low-and-slow data staging ? encrypted exfiltration over DNS tunneling,6350774936.77,21535,35047091917.59,TRUE,22053122.01,6600000,7810520.87,2001812.7,5640788.44,,-0.061354,-0.03884,-0.047661,276,3.3094,0.0002,69.01,Bronze,3,Belfast Advisory Ltd.,GB,54,,BEL1.L,2023-02-16,FALSE,2023-04-17,2023-06-02,,,https://www.mandiant.com/resources/blog/belfast-advisory-ltd-incident-response-2023,https://www.ico.org.uk/decisions/2023/11/INQ-2023-00047,cybersecurity_firm,,Cross-border incident; primary filing in AEPD jurisdiction,2026-02-12T10:00:00Z,2026-02-12T10:00:00Z,estimated,,,,calculated,15647587.66,34124120.04,23268894.61,CPI-U 2023 (304.702),,2026-02-12T10:00:00Z,2026-02-12T10:00:00Z,BEL1.L,89.63,88.44,83.01,85,84.22,1542787,5105751,S&P 500,0.012749,-0.055954,-0.03884,-0.047661,-0.031259,-8.2676,-2.571,0.7145,FALSE,0.022985,0.040315,,2026-02-12T10:00:00Z,2026-02-12T10:00:00Z
2023-0218-001,malware,239.75,246915,mixed,"VPN,backup_systems,file_servers,CRM,manufacturing_OT",,,8659396600.17,28672,45675120973.7,TRUE,10726027.99,5000000,5413093.72,262934.27,50000,,-0.04125,-0.032404,-0.029633,274,2.5248,0.6925,76.03,Silver,4,Crown Mineral Energy Inc.,AE,21,,CME.DU,2023-02-18,FALSE,2023-03-01,2023-05-02,,,https://www.theregister.com/2023/06/23/crown-mineral-energy_security_incident/,,verified_media,,Cross-border incident; primary filing in PDPC jurisdiction,2026-02-12T10:00:00Z,2026-02-12T10:00:00Z,disclosed,,,,calculated,8140061.87,13506232.91,11317346.12,CPI-U 2023 (304.702),Insurance claim partially denied; payout reflects negotiated settlement at 20% of claim,2026-02-12T10:00:00Z,2026-02-12T10:00:00Z,CME.DU,118.06,120.3,115.34,116.4,116.74,2020550,5101430,S&P 500 Energy,-0.011488,-0.033005,-0.032404,-0.029633,-0.012269,-2.615,-1.6761,1,FALSE,0.022909,0.029017,,2026-02-12T10:00:00Z,2026-02-12T10:00:00Z
2023-0303-001,phishing,,95370,mixed,CRM,,,2928056783.07,4671,8985239793.28,TRUE,35822508.73,18831073.2,11390134.55,4481734.61,1119566.37,,-0.030842,-0.040441,-0.021893,128,2.222,0.99855,74.53,Silver,4,DrillOre Exploration Corp.,CA,21,,DRIL.TO,2023-03-03,FALSE,2023-03-07,2023-03-30,,,https://www.bleepingcomputer.com/news/security/drillore-exploration-corp-hit-by-cyberattack-2023/,,verified_media,,,2026-02-12T10:00:00Z,2026-02-12T10:00:00Z,estimated,,,,estimated,21791161.83,51754039.2,37797377.62,CPI-U 2023 (304.702),Recovery costs include $2.1M for forensic investigation by KPMG_Cyber,2026-02-12T10:00:00Z,2026-02-12T10:00:00Z,DRIL.TO,31.7,30.92,29.97,29.67,30.24,1429636,3176599,S&P 500 Energy,0.023871,-0.039484,-0.040441,-0.021893,-0.02295,-2.0029,-0.9244,1,FALSE,0.036124,0.05359,,2026-02-12T10:00:00Z,2026-02-12T10:00:00Z
2023-0308-001,data_breach,,,,"ERP,VPN,SSO,payment_systems,email",,Misconfigured cloud storage bucket discovered by automated scanner ? bulk data download over 72 hours ? data posted to dark web marketplace,1491327551.03,6766,3222013704.51,TRUE,20644082.15,8658249.66,9217494.12,2768338.37,,9320051.36,-0.067049,-0.082872,-0.059539,102,1.7363,0.0002,68.99,Bronze,1,Ironwood Prism MedTech Inc.,US,62,,IPM,2023-03-08,FALSE,2023-04-09,2023-04-11,BlackBasta,unknown,https://www.ironwood-prism-medtech-in.com/newsroom/2023/09/security-update,https://www.bfdi.bund.de/decisions/2023/04/INQ-2023-00246,company_pr,,,2026-02-12T10:00:00Z,2026-02-12T10:00:00Z,disclosed,,,,calculated,12388846.29,25251903.59,21782175.41,CPI-U 2023 (304.702),Business interruption losses estimated from quarterly revenue delta,2026-02-12T10:00:00Z,2026-02-12T10:00:00Z,IPM,17.07,16.49,15.38,15.12,15.51,3209188,5572082,S&P 500 Health Care,-0.000221,-0.062872,-0.082872,-0.059539,-0.069867,-4.1747,-2.3052,0.8474,FALSE,0.024112,0.028873,,2026-02-12T10:00:00Z,2026-02-12T10:00:00Z
2023-0310-001,phishing,,12994,mixed,"file_servers,customer_database,HR_systems,VPN",,Spear-phishing campaign targeting finance team ? credential harvesting through cloned SSO portal ? email account compromise ? BEC wire transfer or data exfiltration,89753862515.15,438141,577493521581.61,TRUE,3843747.58,1635830.21,1888508.66,319408.71,,,-0.032185,-0.015857,-0.034796,307,2.1952,0.91725,85.32,Gold,1,Yamamoto Financial Corp.,KR,52,,YAMA.KS,2023-03-10,FALSE,2023-03-20,2023-03-26,,,https://www.yamamoto-financial-corp.com/newsroom/2023/09/security-update,https://unit42.paloaltonetworks.com/threat-brief-yamamoto-financial-c-2023/,company_pr,,,2026-02-12T10:00:00Z,2026-02-12T10:00:00Z,disclosed,,,,calculated,2678399.42,4891741.97,4055650.59,CPI-U 2023 (304.702),,2026-02-12T10:00:00Z,2026-02-12T10:00:00Z,YAMA.KS,618.77,594.01,574.89,584.59,573.34,1657524,3638529,S&P 500 Financials,-0.001889,-0.035302,-0.015857,-0.034796,-0.006885,-2.1655,-2.631,0.6845,FALSE,0.017539,0.02416,,2026-02-12T10:00:00Z,2026-02-12T10:00:00Z
2023-0327-001,supply_chain,11.28,,,"file_servers,payment_systems,ERP,cloud_infrastructure,backup_systems",phishing,,1424161540.75,2589,10180841210,TRUE,86718676.24,38545354.84,36570575.13,11602746.27,,33106429.41,-0.034268,-0.029437,-0.0239,318,3.6458,1,79.14,Silver,4,Edinburgh Innovations Group PLC,GB,51,,EDIN.L,2023-03-27,FALSE,2023-03-29,2023-04-15,Hive,unknown,https://www.bleepingcomputer.com/news/security/edinburgh-innovations-gro-hit-by-cyberattack-2023/,https://www.edinburgh-innovations-gro.com/newsroom/2023/09/security-update,verified_media,,Data exfiltration confirmed via dark web monitoring service,2026-02-12T10:00:00Z,2026-02-12T10:00:00Z,estimated,,,,estimated,69734728.47,121282089.51,91499413.89,CPI-U 2023 (304.702),Loss estimate based on Ponemon per-record cost methodology ($7.72/record),2026-02-12T10:00:00Z,2026-02-12T10:00:00Z,EDIN.L,7.4,7.4,7.15,7.18,7.22,308598,1125087,S&P 500 Information Technology,0.021634,-0.032937,-0.029437,-0.0239,-0.032302,-1.7589,-0.6501,1,FALSE,0.026245,0.03854,,2026-02-12T10:00:00Z,2026-02-12T10:00:00Z
2023-0330-001,apt,82.34,317888,PII,backup_systems,supply_chain,Zero-day exploit in edge device ? fileless implant in memory ? scheduled task persistence ? low-and-slow data staging ? encrypted exfiltration over DNS tunneling,1207103521.72,16078,9088770005.11,TRUE,107598779.07,59346378.43,32638069.05,15614331.59,,,-0.040445,-0.042683,-0.041246,151,2.1145,1,96.15,Gold,1,Vista Dynamo Outlets SA,FR,44-45,,VDO.PA,2023-03-30,FALSE,2023-04-08,2023-05-08,BlackSuit,confirmed,https://www.ico.org.uk/decisions/2023/12/INQ-2023-00713,https://www.bleepingcomputer.com/news/security/vista-dynamo-outlets-sa-hit-by-cyberattack-2023/,gdpr_notification,,Initially reported as IT maintenance outage; later reclassified as security incident,2026-02-12T10:00:00Z,2026-02-12T10:00:00Z,estimated,,,,disclosed,79281005.64,189663755.17,113530621.63,CPI-U 2023 (304.702),Insurance claim partially denied; payout reflects negotiated settlement at 21% of claim,2026-02-12T10:00:00Z,2026-02-12T10:00:00Z,VDO.PA,16.95,16.26,15.6,15.57,15.59,43411,91794,S&P 500 Consumer Discretionary,0.024181,-0.038166,-0.042683,-0.041246,-0.010871,-1.8387,-2.1355,0.93225,TRUE,0.037984,0.069225,,2026-02-12T10:00:00Z,2026-02-12T10:00:00Z
2023-0412-001,trojan,,261104,mixed,"ERP,manufacturing_OT,active_directory,cloud_infrastructure,email",data_breach,Drive-by download from compromised ad network ? remote access trojan deployment ? keylogger activation ? credential theft ? lateral movement to file servers,30158113950.05,57888,239922897016.51,TRUE,3627758.17,1800000,1726874.91,100883.26,,2211072.47,-0.027914,-0.039759,-0.034209,309,2.5158,0.6175,96.25,Gold,1,SyncNet Dynamics Corp.,US,51,,SYNC,2023-04-12,FALSE,2023-10-13,2023-10-30,Vice_Society,probable,https://www.sec.gov/cgi-bin/browse-edgar?action=getcompany&CIK=0001809932&type=8-K&dateb=20230421&owner=include&count=10,,sec_filing,,,2026-02-12T10:00:00Z,2026-02-12T10:00:00Z,estimated,,,,estimated,2263319.03,5558912.75,3827753.84,CPI-U 2023 (304.702),,2026-02-12T10:00:00Z,2026-02-12T10:00:00Z,SYNC,384.56,385.27,374.52,369.95,372.09,952508,2396345,S&P 500 Information Technology,-0.001171,-0.026219,-0.039759,-0.034209,-0.008958,-2.765,-1.7387,1,FALSE,0.031827,0.062264,,2026-02-12T10:00:00Z,2026-02-12T10:00:00Z
2023-0412-002,ransomware,127.57,395948,IP,"SSO,ERP,website",,Phishing email with weaponized attachment ? credential theft via Mimikatz ? lateral movement via RDP/SMB ? Active Directory compromise ? ransomware deployment across domain-joined hosts,2902506570.51,14863,11245884174.86,TRUE,47376293.56,28800000,13941063.55,4459119.04,,,-0.030338,-0.047262,-0.020389,122,3.0328,1,96.37,Gold,2,Patriot Compass Diagnostics Group Inc.,US,62,,PCD,2023-04-12,FALSE,2023-05-14,2023-06-15,Turla,unknown,https://www.patriot-compass-diagnosti.com/newsroom/2023/03/security-update,,company_pr,,,2026-02-12T10:00:00Z,2026-02-12T10:00:00Z,calculated,598845.11,176110.97,congressional testimony,estimated,38917825.26,64518572.08,49988114.22,CPI-U 2023 (304.702),,2026-02-12T10:00:00Z,2026-02-12T10:00:00Z,PCD,39.73,37.07,35.95,35.32,36.31,423725,1285052,S&P 500 Health Care,0.029951,-0.028709,-0.047262,-0.020389,-0.005759,-1.7203,-0.7673,1,FALSE,0.020419,0.030559,,2026-02-12T10:00:00Z,2026-02-12T10:00:00Z
2023-0422-001,phishing,,15849,IP,"HR_systems,website,customer_database,cloud_infrastructure",,Spear-phishing campaign targeting finance team ? credential harvesting through cloned SSO portal ? email account compromise ? BEC wire transfer or data exfiltration,274905309.35,956,1220698290.51,TRUE,6160443.81,4000000,1344334.88,816108.93,,,-0.010554,0.004702,0.020735,,1.7691,1,54.02,Bronze,2,Titan Ironwood Platforms Group Inc.,US,51,,TIP,2023-04-22,FALSE,2023-06-26,2023-09-24,DarkSide,unknown,https://www.titan-ironwood-platforms-.com/newsroom/2023/12/security-update,,company_pr,low_quality_score,,2026-02-12T10:00:00Z,2026-02-12T10:00:00Z,estimated,,,,calculated,4683152.2,8850117.74,6500064.6,CPI-U 2023 (304.702),,2026-02-12T10:00:00Z,2026-02-12T10:00:00Z,TIP,6.94,6.23,6.16,6.26,6.36,591242,1045950,S&P 500 Information Technology,0.020538,-0.012026,0.004702,0.020735,0.021674,-0.4057,1.1535,1,FALSE,0.031546,0.050847,,2026-02-12T10:00:00Z,2026-02-12T10:00:00Z
2023-0510-001,data_breach,,1762282,PII,"backup_systems,customer_database,active_directory,payment_systems,manufacturing_OT",phishing,Misconfigured cloud storage bucket discovered by automated scanner ? bulk data download over 72 hours ? data posted to dark web marketplace,107564098873.85,833995,785531232372.95,TRUE,168046837.69,81900000,72719190.82,13427646.87,,27067246.17,-0.064445,-0.049967,-0.028367,133,2.1322,0.37875,65.97,Bronze,2,Oxford Brands Ltd.,GB,44-45,,OXFO.L,2023-05-10,FALSE,2023-05-19,2023-06-22,,,https://www.oxford-brands-ltd.com/newsroom/2023/12/security-update,,company_pr,,,2026-02-12T10:00:00Z,2026-02-12T10:00:00Z,calculated,,,,disclosed,136388659.7,195914423.68,177311137.82,CPI-U 2023 (304.702),,2026-02-12T10:00:00Z,2026-02-12T10:00:00Z,OXFO.L,414.22,411.52,385,390.96,399.85,97772,208467,S&P 500 Consumer Discretionary,0.020713,-0.052558,-0.049967,-0.028367,-0.023817,-3.2425,-0.9792,1,FALSE,0.013125,0.020071,,2026-02-12T10:00:00Z,2026-02-12T10:00:00Z
2023-0511-001,backdoor,,,,"HR_systems,SCADA,VPN,manufacturing_OT,customer_database",,Exploitation of unpatched VPN appliance ? web shell implant ? SSH backdoor installed ? persistent access maintained for 6+ months ? bulk data exfiltration,5172099008.28,9362,39405962513.86,TRUE,96216177.34,45100000,48802992.03,2313185.31,,21726811.17,-0.041121,-0.022443,-0.006443,35,3.8585,0.0002,77.18,Silver,1,Nexus Trace Intelligence Group SA,FR,51,,NTI.PA,2023-05-11,TRUE,2023-05-22,2023-05-30,DarkSide,unknown,https://www.edpb.europa.eu/decisions/2023/11/INQ-2023-00384,,gdpr_notification,,,2026-02-12T10:00:00Z,2026-02-12T10:00:00Z,estimated,,,,calculated,70128085.49,123438674.14,101520505.33,CPI-U 2023 (304.702),,2026-02-12T10:00:00Z,2026-02-12T10:00:00Z,NTI.PA,46.15,45.78,43.9,44.75,45.49,163197,629690,S&P 500 Information Technology,-0.01177,-0.041665,-0.022443,-0.006443,-0.026123,-6.7147,-0.4043,1,FALSE,0.01023,0.019688,,2026-02-12T10:00:00Z,2026-02-12T10:00:00Z
2023-0521-002,ransomware,,5970337,credentials,"backup_systems,file_servers,email",,Phishing email with weaponized attachment ? credential theft via Mimikatz ? lateral movement via RDP/SMB ? Active Directory compromise ? ransomware deployment across domain-joined hosts,32564940988.47,72577,254686021285.16,TRUE,101175967.94,47500028.57,49322128.77,4353810.6,,,-0.042076,-0.057628,-0.030063,157,2.7001,1,89.38,Gold,1,Zimmer Partners Co.,US,52,,ZIMM,2023-05-21,FALSE,2023-06-05,2023-07-20,,,https://www.sec.gov/cgi-bin/browse-edgar?action=getcompany&CIK=0001575189&type=8-K&dateb=20230101&owner=include&count=10,,sec_filing,,,2026-02-12T10:00:00Z,2026-02-12T10:00:00Z,calculated,467900.99,,,estimated,79477885.16,154625408.08,106753725.58,CPI-U 2023 (304.702),,2026-02-12T10:00:00Z,2026-02-12T10:00:00Z,ZIMM,408.57,387.18,370.89,364.87,375.54,9677544,26130068,S&P 500 Financials,0.02714,-0.039089,-0.057628,-0.030063,-0.032147,-1.8216,-2.309,0.8455,FALSE,0.025451,0.043671,,2026-02-12T10:00:00Z,2026-02-12T10:00:00Z
2023-0523-001,data_breach,,129096,credentials,customer_database,supply_chain,Misconfigured cloud storage bucket discovered by automated scanner ? bulk data download over 72 hours ? data posted to dark web marketplace,48578250641.23,121295,205422710325,TRUE,16224151.77,7388986.31,7702209.94,1132955.52,,9151855.87,-0.013307,0.004945,0.028499,,3.0502,1,73.26,Silver,1,Sierra Node Ventures SA,CH,51,,SNV.SW,2023-05-23,TRUE,2023-06-27,2023-07-08,,,https://www.sec.gov/cgi-bin/browse-edgar?action=getcompany&CIK=0001290453&type=8-K&dateb=20230402&owner=include&count=10,,sec_filing,,Cross-border incident; primary filing in ICO jurisdiction,2026-02-12T10:00:00Z,2026-02-12T10:00:00Z,estimated,,,,calculated,11587768.04,22410555.52,17118577.48,CPI-U 2023 (304.702),Business interruption losses estimated from quarterly revenue delta,2026-02-12T10:00:00Z,2026-02-12T10:00:00Z,SNV.SW,402.09,358.47,353.7,360.24,368.69,1392289,4246790,S&P 500 Information Technology,-0.018541,-0.013253,0.004945,0.028499,-0.005195,-0.5781,4.671,0.0002,FALSE,0.01042,0.011986,,2026-02-12T10:00:00Z,2026-02-12T10:00:00Z
2023-0528-001,ransomware,118.46,1000,financial,"HR_systems,SSO,website",backdoor,Phishing email with weaponized attachment ? credential theft via Mimikatz ? lateral movement via RDP/SMB ? Active Directory compromise ? ransomware deployment across domain-joined hosts,466428966.89,1139,1624828561.09,TRUE,67229021.09,29690456.3,33768677.15,3769887.64,,,-0.045735,-0.064641,-0.042955,188,2.967,0.67835,78.07,Silver,3,Thompson Services Co. Ltd.,JP,52,,THOM.T,2023-05-28,FALSE,2023-06-11,2023-06-21,BlackCat/ALPHV,suspected,https://therecord.media/2023/04/24/thompson-services-co-ltd-breached,https://www.sec.gov/cgi-bin/browse-edgar?action=getcompany&CIK=0001284020&type=8-K&dateb=20230208&owner=include&count=10,verified_media,,,2026-02-12T10:00:00Z,2026-02-12T10:00:00Z,disclosed,8083354.16,,,estimated,50152003.99,109444555.92,70935308.2,CPI-U 2023 (304.702),,2026-02-12T10:00:00Z,2026-02-12T10:00:00Z,THOM.T,6.73,5.99,5.72,5.6,5.73,710797,2108935,S&P 500 Financials,0.021832,-0.058114,-0.064641,-0.042955,-0.044319,-2.6433,-1.7372,1,FALSE,0.030813,0.043964,,2026-02-12T10:00:00Z,2026-02-12T10:00:00Z
2023-0529-001,data_breach,,2987,mixed,"website,cloud_infrastructure,active_directory,HR_systems,file_servers",,Misconfigured cloud storage bucket discovered by automated scanner ? bulk data download over 72 hours ? data posted to dark web marketplace,7162131064.34,42277,20889093528.37,TRUE,40423078.69,28235331.35,9067583.27,3120164.07,,,-0.028009,-0.028522,-0.008037,24,2.8583,1,81.53,Silver,1,Palmer Retail S.p.A.,IT,44-45,,PALM.MI,2023-05-29,FALSE,2023-06-28,2023-07-07,,,https://www.sec.gov/cgi-bin/browse-edgar?action=getcompany&CIK=0001458535&type=8-K&dateb=20230311&owner=include&count=10,,sec_filing,,Multiple subsidiaries affected across 11 jurisdictions,2026-02-12T10:00:00Z,2026-02-12T10:00:00Z,calculated,,,,calculated,27398408.1,62061195.65,42651573.66,CPI-U 2023 (304.702),,2026-02-12T10:00:00Z,2026-02-12T10:00:00Z,PALM.MI,68.73,64.32,62.52,62.49,63.8,628232,1795645,S&P 500 Consumer Discretionary,0.024443,-0.029264,-0.028522,-0.008037,0.007795,-1.4929,-0.5145,1,FALSE,0.011954,0.013863,,2026-02-12T10:00:00Z,2026-02-12T10:00:00Z
2023-0609-001,ddos,129.43,,,"manufacturing_OT,cloud_infrastructure,SSO,CRM",,,315567696.4,1677,787576935.46,TRUE,3046921.18,1838169.81,1064946.67,143804.7,,1861004.54,0.008846,0.025921,0.054253,,3.6873,1,93.4,Gold,2,Jasper Creative Studios Pty Ltd.,AU,71,,JCS.AX,2023-06-09,FALSE,2023-08-10,2023-09-18,,,https://www.jasper-creative-studios-p.com/newsroom/2023/06/security-update,https://unit42.paloaltonetworks.com/threat-brief-jasper-creative-stud-2023/,company_pr,,,2026-02-12T10:00:00Z,2026-02-12T10:00:00Z,disclosed,,,,disclosed,2290351.16,3570361.9,3214895.73,CPI-U 2023 (304.702),,2026-02-12T10:00:00Z,2026-02-12T10:00:00Z,JCS.AX,11.65,11.74,11.84,12.04,12.38,1146928,4229115,S&P 500 Communication Services,0.011612,0.010397,0.025921,0.054253,0.028468,0.3479,2.3531,0.82345,FALSE,0.032086,0.060444,,2026-02-12T10:00:00Z,2026-02-12T10:00:00Z
2023-0620-001,data_breach,,,,"ERP,CRM,customer_database,email,payment_systems",ddos,,154561048.1,322,262613109,TRUE,14752743.27,7024867.01,5767290.23,1960586.03,,,-0.014655,0.003814,0.02974,,1.7602,1,92.63,Gold,3,HelixCyber Systems AG,DE,51,21,HELI.DE,2023-06-20,FALSE,2023-06-29,2023-08-08,BianLian,suspected,https://www.bleepingcomputer.com/news/security/helixcyber-systems-ag-hit-by-cyberattack-2023/,https://www.mandiant.com/resources/blog/helixcyber-systems-a-incident-response-2023,verified_media,,Insider threat component confirmed alongside external intrusion,2026-02-12T10:00:00Z,2026-02-12T10:00:00Z,estimated,,,,estimated,11861661.94,19409539.99,15566051.29,CPI-U 2023 (304.702),,2026-02-12T10:00:00Z,2026-02-12T10:00:00Z,HELI.DE,9.51,9.39,9.25,9.43,9.67,21197175,37310893,S&P 500 Information Technology,-0.000353,-0.012899,0.003814,0.02974,0.020326,-0.8623,1.9045,1,FALSE,0.010432,0.011879,Thinly traded stock (avg volume < 100K); abnormal returns subject to higher noise,2026-02-12T10:00:00Z,2026-02-12T10:00:00Z
2023-0620-002,ransomware,55.51,6476,mixed,"active_directory,SSO,VPN,HR_systems,CRM",data_breach,,5327039376.93,30630,32033806481.6,TRUE,26564193.11,14747328.1,7841839.87,3975025.14,,,-0.076591,-0.058892,-0.067893,180,2.0501,0.0002,99.22,Gold,4,Lambert Studios Inc.,NO,71,,LAMB.OL,2023-06-20,FALSE,2023-06-23,2023-08-26,FIN11,confirmed,https://therecord.media/2023/05/03/lambert-studios-inc-breached,,verified_media,,Partial remediation completed within 48h; full recovery took 14 days,2026-02-12T10:00:00Z,2026-02-12T10:00:00Z,calculated,57715082.14,,,disclosed,17296309.09,46392137.53,28028657.79,CPI-U 2023 (304.702),Customer notification costs include credit monitoring for 12K affected individuals,2026-02-12T10:00:00Z,2026-02-12T10:00:00Z,LAMB.OL,55.35,52.82,48.77,49.71,49.23,120725,247494,S&P 500 Communication Services,0.013807,-0.094635,-0.058892,-0.067893,-0.041148,-4.1774,-3.2554,0.3723,FALSE,0.037334,0.04674,,2026-02-12T10:00:00Z,2026-02-12T10:00:00Z
2023-0701-001,apt,105.01,167571,PII,"ERP,manufacturing_OT,SSO,CRM,email",,Zero-day exploit in edge device ? fileless implant in memory ? scheduled task persistence ? low-and-slow data staging ? encrypted exfiltration over DNS tunneling,2051015499.75,8228,13369010921.29,TRUE,31956783.93,15400000,15407166.49,1149617.44,,,-0.067738,-0.031912,-0.00407,40,2.1995,0.0002,95.09,Gold,2,Radiant Talon Group Corp.,JP,71,,RADI.T,2023-07-01,FALSE,2023-08-30,2023-10-24,LockBit,probable,https://www.radiant-talon-group-corp.com/newsroom/2023/04/security-update,https://www.edpb.europa.eu/decisions/2023/09/INQ-2023-00239,company_pr,,Initially reported as IT maintenance outage; later reclassified as security incident,2026-02-12T10:00:00Z,2026-02-12T10:00:00Z,estimated,,,,estimated,21503922.2,57152645.38,33718538.22,CPI-U 2023 (304.702),,2026-02-12T10:00:00Z,2026-02-12T10:00:00Z,RADI.T,26.73,23.84,22.23,23.08,23.74,703366,1547031,S&P 500 Communication Services,-0.005308,-0.064033,-0.031912,-0.00407,0.009728,-13.5476,-0.2096,1,FALSE,0.031923,0.045699,,2026-02-12T10:00:00Z,2026-02-12T10:00:00Z
2023-0711-001,backdoor,,,,"backup_systems,customer_database,file_servers,HR_systems",ransomware,Exploitation of unpatched VPN appliance ? web shell implant ? SSH backdoor installed ? persistent access maintained for 6+ months ? bulk data exfiltration,1522942145.8,12948,7192226015.03,TRUE,36447597.59,26061476.37,8546782.61,1839338.61,,7279719.41,-0.023994,-0.028966,0.004498,55,3.4489,1,92.93,Gold,1,Harbor Prime Group Group PLC,GB,44-45,,HARB.L,2023-07-11,FALSE,2023-08-10,2023-09-27,,,https://www.sec.gov/cgi-bin/browse-edgar?action=getcompany&CIK=0001643302&type=8-K&dateb=20231013&owner=include&count=10,https://www.harbor-prime-group-group-.com/newsroom/2023/04/security-update,sec_filing,,,2026-02-12T10:00:00Z,2026-02-12T10:00:00Z,estimated,,,,calculated,27297786.02,46046906.79,38456927.18,CPI-U 2023 (304.702),,2026-02-12T10:00:00Z,2026-02-12T10:00:00Z,HARB.L,19.32,17.99,17.56,17.47,18.07,5492316,18942606,S&P 500 Consumer Discretionary,-0.0064,-0.029278,-0.028966,0.004498,0.016252,-1.1983,0.2513,1,FALSE,0.0225,0.042246,,2026-02-12T10:00:00Z,2026-02-12T10:00:00Z
2023-0716-002,ransomware,234.73,23272486,health,active_directory,,,1831652985.22,11163,9299175114.97,TRUE,3990452.92,1945049.73,764798.38,589885.05,,1620208.76,-0.021652,-0.018652,-0.032088,298,2.9656,1,97.01,Gold,1,Nashville Diagnostics Co.,US,62,,NASH,2023-07-16,FALSE,2023-09-16,2023-11-09,,,https://www.sec.gov/cgi-bin/browse-edgar?action=getcompany&CIK=0001612403&type=8-K&dateb=20230302&owner=include&count=10,,sec_filing,,,2026-02-12T10:00:00Z,2026-02-12T10:00:00Z,estimated,1584231.15,690719.76,court filing,calculated,3010859.08,4996131.93,4210443.69,CPI-U 2023 (304.702),,2026-02-12T10:00:00Z,2026-02-12T10:00:00Z,NASH,21.23,21.25,20.79,20.85,20.57,357025,1058792,S&P 500 Health Care,0.021835,-0.022821,-0.018652,-0.032088,-0.01668,-0.9614,-3.6284,0.1858,FALSE,0.03263,0.036919,,2026-02-12T10:00:00Z,2026-02-12T10:00:00Z
2023-0719-001,ransomware,126.72,2192898,financial,"manufacturing_OT,SSO,CRM,SCADA",,,1094187961.68,2208,2096331183.94,TRUE,202409764.83,109656030.39,58920517.2,33741540.21,,,-0.075333,-0.096538,-0.08757,301,3.6197,0.0002,79.86,Silver,4,Irving Analytics Inc.,US,51,,IRVI,2023-07-19,FALSE,2024-01-17,2024-02-23,Royal,suspected,https://krebsonsecurity.com/2023/11/irving-analytics-inc-breach-exposes-data/,https://www.aepd.es/decisions/2023/02/INQ-2023-00592,verified_media,,,2026-02-12T10:00:00Z,2026-02-12T10:00:00Z,estimated,373287.19,91677.03,FBI disclosure,calculated,157569744.42,291877906.65,213568468.18,CPI-U 2023 (304.702),,2026-02-12T10:00:00Z,2026-02-12T10:00:00Z,IRVI,14.61,13.97,12.92,12.62,12.75,7030019,25446301,S&P 500 Information Technology,0.022475,-0.079435,-0.096538,-0.08757,-0.095579,-8.9843,-6.0812,0.0002,FALSE,0.036376,0.040859,,2026-02-12T10:00:00Z,2026-02-12T10:00:00Z
2023-0724-001,data_breach,,79826,health,"backup_systems,CRM,email",ransomware,,93250725.47,189,513296803.26,TRUE,29166491.91,18183891.47,6352851.62,4629748.82,,14174536.46,-0.052104,-0.06575,-0.013095,43,2.8722,1,92.15,Gold,1,Sacramento Holdings Holdings Inc.,US,52,,SACR,2023-07-24,FALSE,2023-08-10,2023-08-28,,,https://www.sec.gov/cgi-bin/browse-edgar?action=getcompany&CIK=0001825365&type=8-K&dateb=20230311&owner=include&count=10,,sec_filing,,Initially reported as IT maintenance outage; later reclassified as security incident,2026-02-12T10:00:00Z,2026-02-12T10:00:00Z,estimated,,,,calculated,19256909.15,45637446.19,30774419.43,CPI-U 2023 (304.702),,2026-02-12T10:00:00Z,2026-02-12T10:00:00Z,SACR,5.96,6.13,5.81,5.73,6.05,702003,2016323,S&P 500 Financials,0.023504,-0.061424,-0.06575,-0.013095,-0.002953,-1.9665,-0.8879,1,FALSE,0.015082,0.029782,Earnings announcement within event window may confound abnormal returns,2026-02-12T10:00:00Z,2026-02-12T10:00:00Z
2023-0804-001,ransomware,,39520,health,cloud_infrastructure,,Phishing email with weaponized attachment ? credential theft via Mimikatz ? lateral movement via RDP/SMB ? Active Directory compromise ? ransomware deployment across domain-joined hosts,145032446049.87,442549,1059592586670.61,TRUE,38290302.32,16793490.43,19538967.46,1957844.43,,,-0.03747,-0.021974,-0.012539,32,2.8171,0.0002,95.03,Gold,1,Summit Arc Ventures Inc.,US,51,,SAV,2023-08-04,FALSE,2023-11-02,2024-02-10,FIN7,suspected,https://www.sec.gov/cgi-bin/browse-edgar?action=getcompany&CIK=0001669325&type=8-K&dateb=20230124&owner=include&count=10,,sec_filing,,,2026-02-12T10:00:00Z,2026-02-12T10:00:00Z,estimated,89243.1,,,estimated,32090145.01,56986643.73,40401218.88,CPI-U 2023 (304.702),,2026-02-12T10:00:00Z,2026-02-12T10:00:00Z,SAV,294.24,306.96,295.46,300.21,303.11,144991,408459,S&P 500 Information Technology,-0.006828,-0.043525,-0.021974,-0.012539,-0.024971,-5.2505,-0.841,1,TRUE,0.01252,0.017201,,2026-02-12T10:00:00Z,2026-02-12T10:00:00Z
2023-0805-002,supply_chain,166.96,,,payment_systems,,,26776271623.11,57780,151029380695.37,TRUE,1183474.46,534279.97,491754.37,157440.12,,,-0.046459,-0.068389,-0.043914,43,1.7285,0.6073,71.57,Silver,2,Spartan Cobalt Enterprises Holdings Inc.,US,55,,SCE,2023-08-05,FALSE,2023-10-08,2024-01-13,,,https://www.crowdstrike.com/blog/spartan-cobalt-enter-intrusion-analysis-2023/,https://www.edpb.europa.eu/decisions/2023/05/INQ-2023-00541,cybersecurity_firm,,,2026-02-12T10:00:00Z,2026-02-12T10:00:00Z,calculated,,,,disclosed,759213.99,1643470.19,1248718.55,CPI-U 2023 (304.702),,2026-02-12T10:00:00Z,2026-02-12T10:00:00Z,SCE,194.53,198.86,189.62,185.26,190.13,505932,874515,S&P 500,0.00345,-0.052253,-0.068389,-0.043914,-0.032995,-2.7854,-3.0418,0.4791,FALSE,0.013406,0.024833,Earnings announcement within event window may confound abnormal returns,2026-02-12T10:00:00Z,2026-02-12T10:00:00Z
2023-0808-001,phishing,,30796,health,cloud_infrastructure,,,64705218110.84,240295,427484413494.49,TRUE,767222122.06,330267632.49,380458874.92,56495614.65,,,-0.013262,-0.009753,0.015739,12,1.7292,1,71.43,Silver,4,LogicNet Labs DAC,IE,51,,LOGI.IR,2023-08-08,TRUE,2023-08-19,2023-10-19,,,https://krebsonsecurity.com/2023/01/logicnet-labs-dac-breach-exposes-data/,https://www.edpb.europa.eu/decisions/2023/11/INQ-2023-00289,verified_media,,,2026-02-12T10:00:00Z,2026-02-12T10:00:00Z,estimated,,,,estimated,538203142.49,1164763290.66,809518520.53,CPI-U 2023 (304.702),Insurance claim partially denied; payout reflects negotiated settlement at 43% of claim,2026-02-12T10:00:00Z,2026-02-12T10:00:00Z,LOGI.IR,743.83,741.52,731.69,734.29,753.19,689537,1192374,S&P 500 Information Technology,0.026798,-0.015715,-0.009753,0.015739,-0.004121,-0.5986,0.9492,1,FALSE,0.029108,0.036779,Post-incident volatility spike consistent with uncertainty resolution over 14 trading days,2026-02-12T10:00:00Z,2026-02-12T10:00:00Z
2023-0902-003,ransomware,,201238,mixed,CRM,,Phishing email with weaponized attachment ? credential theft via Mimikatz ? lateral movement via RDP/SMB ? Active Directory compromise ? ransomware deployment across domain-joined hosts,26792083199.11,227768,95079763676.4,TRUE,260168941.27,126000000,119640612.11,11638110.54,,,-0.078735,-0.082459,-0.035633,257,3.3812,0.07195,71.31,Silver,1,BazaarGoods Distribution Co.,US,44-45,,BAZ1,2023-09-02,FALSE,2023-09-05,2023-10-05,Hive,suspected,https://www.edpb.europa.eu/decisions/2023/09/INQ-2023-00798,https://unit42.paloaltonetworks.com/threat-brief-bazaargoods-distribu-2023/,gdpr_notification,,,2026-02-12T10:00:00Z,2026-02-12T10:00:00Z,estimated,9147115.22,2890218.62,blockchain analysis,estimated,182291254.34,378812603.97,274511866.08,CPI-U 2023 (304.702),Ransom negotiated down 39% from initial demand via third-party negotiator,2026-02-12T10:00:00Z,2026-02-12T10:00:00Z,BAZ1,213.04,193.36,178.14,177.42,186.47,288786,976432,S&P 500 Consumer Discretionary,0.003025,-0.090239,-0.082459,-0.035633,-0.00959,-3.8561,-5.688,0.0002,FALSE,0.039031,0.065657,,2026-02-12T10:00:00Z,2026-02-12T10:00:00Z
2023-0903-001,backdoor,,,,"VPN,customer_database",,Exploitation of unpatched VPN appliance ? web shell implant ? SSH backdoor installed ? persistent access maintained for 6+ months ? bulk data exfiltration,1182334241.89,5255,3288088552.25,TRUE,42393874.83,20900000,18465888.16,3027986.67,,,-0.026496,-0.038185,-0.022869,223,3.2546,1,98.99,Gold,1,CommerceTreasury Investments PLC,IE,52,,COMM.IR,2023-09-03,FALSE,2023-09-17,2023-09-26,DarkSide,confirmed,https://www.bfdi.bund.de/decisions/2023/08/INQ-2023-00527,,gdpr_notification,,,2026-02-12T10:00:00Z,2026-02-12T10:00:00Z,calculated,,,,calculated,30682022.71,62049174,44731018.36,CPI-U 2023 (304.702),Loss estimate based on Ponemon per-record cost methodology ($5.65/record),2026-02-12T10:00:00Z,2026-02-12T10:00:00Z,COMM.IR,14.06,12.99,12.65,12.49,12.69,3965403,12905696,S&P 500 Financials,-0.018268,-0.02614,-0.038185,-0.022869,0.002508,-1.6489,-0.9419,1,FALSE,0.027299,0.040027,,2026-02-12T10:00:00Z,2026-02-12T10:00:00Z
2023-0904-001,ransomware,10.85,9800,financial,"SSO,SCADA,file_servers,ERP,customer_database",,Phishing email with weaponized attachment ? credential theft via Mimikatz ? lateral movement via RDP/SMB ? Active Directory compromise ? ransomware deployment across domain-joined hosts,2940335850.68,5675,21339050234.53,TRUE,36626531.7,20974890.16,12982153.68,1719217.9,,,-0.020775,-0.009417,-0.035292,141,3.2935,1,74.53,Silver,4,Spartan Node Technologies AG,CH,51,,SNT.SW,2023-09-04,FALSE,2023-09-05,2023-09-08,BianLian,unknown,https://www.bleepingcomputer.com/news/security/spartan-node-technologies-hit-by-cyberattack-2023/,,verified_media,,Previously breached in 2020; confirmed as separate campaign,2026-02-12T10:00:00Z,2026-02-12T10:00:00Z,calculated,1993529.78,950269.96,insurance claim record,estimated,25470848.09,60603535.54,38645725.8,CPI-U 2023 (304.702),,2026-02-12T10:00:00Z,2026-02-12T10:00:00Z,SNT.SW,29.12,27.47,26.9,27.21,26.5,145883,480461,S&P 500 Information Technology,0.016472,-0.026544,-0.009417,-0.035292,-0.008614,-1.2514,-2.2787,0.86065,TRUE,0.015277,0.022638,,2026-02-12T10:00:00Z,2026-02-12T10:00:00Z
2023-0908-001,ransomware,,13188,credentials,"active_directory,payment_systems,HR_systems,SSO",,Phishing email with weaponized attachment ? credential theft via Mimikatz ? lateral movement via RDP/SMB ? Active Directory compromise ? ransomware deployment across domain-joined hosts,44649671470.17,252526,352165798301.7,TRUE,49832101.04,28800000,15265642.47,5130814.91,535103.79,,-0.049506,-0.048941,-0.007991,12,3.1506,0.6469,87.5,Gold,1,SelectShop Trading PLC,GB,44-45,,SELE.L,2023-09-08,FALSE,2023-09-23,2023-11-15,,,https://www.cnil.fr/decisions/2023/09/INQ-2023-00564,https://www.sec.gov/cgi-bin/browse-edgar?action=getcompany&CIK=0001946622&type=8-K&dateb=20230216&owner=include&count=10,gdpr_notification,,,2026-02-12T10:00:00Z,2026-02-12T10:00:00Z,disclosed,332393.34,100539.87,blockchain analysis,disclosed,37330945.08,69093198.74,52579308.58,CPI-U 2023 (304.702),Ransom negotiated down 20% from initial demand via third-party negotiator,2026-02-12T10:00:00Z,2026-02-12T10:00:00Z,SELE.L,392.12,366.57,348.42,348.63,363.64,5583845,17592522,S&P 500 Consumer Discretionary,-0.011824,-0.04023,-0.048941,-0.007991,-0.004227,-2.7062,-0.3488,1,TRUE,0.025636,0.041525,,2026-02-12T10:00:00Z,2026-02-12T10:00:00Z
2023-0915-001,malware,37.57,35304,mixed,"payment_systems,cloud_infrastructure,VPN",,Trojanized installer via SEO-poisoned download ? fileless PowerShell execution ? registry run-key persistence ? credential dumping via LSASS ? data staged for exfil,279898146.94,821,1470356069.01,TRUE,10006111.98,4189049.33,4716481.33,1100581.32,,,-0.043707,-0.042247,-0.017995,41,1.9908,0.22905,76.96,Silver,1,Flint Azure Energy SAS,FR,21,,FAE.PA,2023-09-15,TRUE,2023-09-29,2023-10-04,,,https://www.edpb.europa.eu/decisions/2023/05/INQ-2023-00581,,gdpr_notification,,,2026-02-12T10:00:00Z,2026-02-12T10:00:00Z,estimated,,,,calculated,6711742.81,16999954.74,10557741.67,CPI-U 2023 (304.702),Customer notification costs include credit monitoring for 12K affected individuals,2026-02-12T10:00:00Z,2026-02-12T10:00:00Z,FAE.PA,6.37,5.82,5.57,5.57,5.72,24555937,48885893,S&P 500 Energy,-0.002077,-0.042688,-0.042247,-0.017995,0.000739,-3.5419,-1.0146,1,FALSE,0.011892,0.015023,,2026-02-12T10:00:00Z,2026-02-12T10:00:00Z
2023-0917-001,ransomware,1198.93,39580,PII,"HR_systems,email",,Phishing email with weaponized attachment ? credential theft via Mimikatz ? lateral movement via RDP/SMB ? Active Directory compromise ? ransomware deployment across domain-joined hosts,233124942.7,2809,368181525.72,TRUE,64906578.33,28800000,14202400.41,7656257.57,2595251.84,23650412.8,-0.047541,-0.028452,-0.016419,5,1.5243,0.98655,67.77,Bronze,1,Schneider Trading Group Inc.,AT,44-45,,SCHN.VI,2023-09-17,FALSE,2023-12-16,2024-01-25,,,https://www.edpb.europa.eu/decisions/2023/05/INQ-2023-00277,,gdpr_notification,,,2026-02-12T10:00:00Z,2026-02-12T10:00:00Z,calculated,28582886.91,11652668.51,company statement,disclosed,48966094,75992226.21,68484830.86,CPI-U 2023 (304.702),,2026-02-12T10:00:00Z,2026-02-12T10:00:00Z,SCHN.VI,12.91,12.71,12.11,12.35,12.5,2400893,3659697,S&P 500 Consumer Discretionary,-0.001692,-0.047367,-0.028452,-0.016419,-0.011048,-2.0269,-0.9434,1,FALSE,0.030701,0.049769,Earnings announcement within event window may confound abnormal returns,2026-02-12T10:00:00Z,2026-02-12T10:00:00Z
2023-0920-001,supply_chain,249.44,,,HR_systems,,,47192712620.75,132545,123225445571.27,TRUE,23944873.09,11200000,8838598.47,3906274.62,,10445057.31,-0.05405,-0.064795,-0.057797,111,3.6503,0.61725,76.53,Silver,1,Miami Assurance Co.,US,52,,MIAM,2023-09-20,FALSE,2023-09-22,2023-09-27,,,https://www.sec.gov/cgi-bin/browse-edgar?action=getcompany&CIK=0001515171&type=8-K&dateb=20231227&owner=include&count=10,,sec_filing,,,2026-02-12T10:00:00Z,2026-02-12T10:00:00Z,estimated,,,,estimated,17058586.61,39035184.83,25264936.56,CPI-U 2023 (304.702),,2026-02-12T10:00:00Z,2026-02-12T10:00:00Z,MIAM,531.2,543.24,513.88,508.04,511.84,1535645,5605492,S&P 500 Financials,0.025016,-0.043658,-0.064795,-0.057797,-0.053226,-2.7655,-1.9787,1,TRUE,0.016717,0.023644,,2026-02-12T10:00:00Z,2026-02-12T10:00:00Z
2023-1006-001,ransomware,184.95,,,"backup_systems,VPN,manufacturing_OT,email,SCADA",,Phishing email with weaponized attachment ? credential theft via Mimikatz ? lateral movement via RDP/SMB ? Active Directory compromise ? ransomware deployment across domain-joined hosts,16401216598.22,40503,42499878516.42,TRUE,16230103.49,10800000,4279794.7,1150308.79,,,-0.019241,0.011717,0.006548,,2.6619,1,79.85,Silver,4,Gibson Intelligence GmbH,DE,51,,GIBS.DE,2023-10-06,FALSE,2023-11-06,2023-11-23,Lazarus_Group,confirmed,https://krebsonsecurity.com/2023/05/gibson-intelligence--breach-exposes-data/,https://www.cnil.fr/decisions/2023/06/INQ-2023-00459,verified_media,,,2026-02-12T10:00:00Z,2026-02-12T10:00:00Z,estimated,1920243.3,,,estimated,11962608.69,18857902.33,17124857.31,CPI-U 2023 (304.702),,2026-02-12T10:00:00Z,2026-02-12T10:00:00Z,GIBS.DE,109.37,100.42,98.49,101.6,101.08,548040,1458820,S&P 500 Information Technology,0.02461,-0.024519,0.011717,0.006548,-0.010017,-1.2533,0.7017,1,FALSE,0.013489,0.017328,,2026-02-12T10:00:00Z,2026-02-12T10:00:00Z
2023-1009-001,data_breach,,73464,financial,file_servers,,Misconfigured cloud storage bucket discovered by automated scanner ? bulk data download over 72 hours ? data posted to dark web marketplace,48578250641.23,121295,301021116573.58,TRUE,139973165.74,87100000,42649702.33,10223463.41,,69691291.07,-0.034364,-0.030956,-0.024987,36,3.4135,0.99505,82.66,Silver,3,Sierra Node Ventures SA,CH,51,,SNV.SW,2023-10-09,FALSE,2023-10-27,2023-11-18,FIN11,suspected,https://www.mandiant.com/resources/blog/sierra-node-ventures-incident-response-2023,,cybersecurity_firm,,,2026-02-12T10:00:00Z,2026-02-12T10:00:00Z,estimated,,,,estimated,88990619.87,227666772.3,147689784.73,CPI-U 2023 (304.702),,2026-02-12T10:00:00Z,2026-02-12T10:00:00Z,SNV.SW,296.79,284.88,275.09,276.06,277.76,5178516,17677093,S&P 500 Information Technology,-0.019376,-0.035563,-0.030956,-0.024987,-0.008849,-2.0099,-0.8751,1,FALSE,0.023319,0.039184,Cross-listed on multiple exchanges; primary exchange data used for return calculation,2026-02-12T10:00:00Z,2026-02-12T10:00:00Z
2023-1024-002,ransomware,64.35,28417797,mixed,"customer_database,ERP,backup_systems,website",phishing,,16461488261.24,67119,103150347045.41,TRUE,31826387.44,16962440.01,6205832.78,5479963.48,1242141.78,12724211.59,-0.049117,-0.062174,-0.056718,279,3.5789,0.0002,70.29,Silver,3,Clarity Vivo Labs Group Inc.,US,62,51,CVL,2023-10-24,FALSE,2023-10-28,2024-01-05,,,https://www.mandiant.com/resources/blog/clarity-vivo-labs-gr-incident-response-2023,https://www.ico.org.uk/decisions/2023/12/INQ-2023-00550,cybersecurity_firm,,,2026-02-12T10:00:00Z,2026-02-12T10:00:00Z,estimated,5841558.53,1936009.39,company statement,estimated,21667223.92,51749056.82,33580953.07,CPI-U 2023 (304.702),,2026-02-12T10:00:00Z,2026-02-12T10:00:00Z,CVL,245.2,244.62,232.6,229.41,230.75,469406,1679963,S&P 500 Health Care,-0.018755,-0.058626,-0.062174,-0.056718,-0.029037,-4.3713,-1.6687,1,FALSE,0.01238,0.023286,,2026-02-12T10:00:00Z,2026-02-12T10:00:00Z
2023-1029-001,backdoor,,,,"VPN,SSO,active_directory,file_servers",,Exploitation of unpatched VPN appliance ? web shell implant ? SSH backdoor installed ? persistent access maintained for 6+ months ? bulk data exfiltration,4527797543.76,16075,14353708414.35,TRUE,23631921.16,9900811.02,11845937.31,1885172.83,,5513460.45,-0.018655,-0.009746,-0.021533,127,2.5372,1,78.38,Silver,4,Baltimore Corp Inc.,US,22,,BALT,2023-10-29,FALSE,2024-01-01,2024-01-05,BlackBasta,probable,https://therecord.media/2023/07/13/baltimore-corp-inc-breached,,verified_media,,Company undergoing M&A at time of incident; financial attribution complex,2026-02-12T10:00:00Z,2026-02-12T10:00:00Z,estimated,,,,estimated,16726228.99,37728607.39,24934731.81,CPI-U 2023 (304.702),,2026-02-12T10:00:00Z,2026-02-12T10:00:00Z,BALT,50.62,48.82,47.91,48.34,47.77,2953657,7494059,S&P 500 Utilities,-0.016915,-0.023879,-0.009746,-0.021533,-0.02801,-0.9208,-0.6393,1,FALSE,0.011668,0.013769,,2026-02-12T10:00:00Z,2026-02-12T10:00:00Z
2023-1105-002,backdoor,,,,VPN,,Exploitation of unpatched VPN appliance ? web shell implant ? SSH backdoor installed ? persistent access maintained for 6+ months ? bulk data exfiltration,25314253084.95,207685,98134805020.01,TRUE,4330640.58,2200000,1766694.42,363946.16,,,-0.046928,-0.034058,0.011585,11,3.5889,0.6435,70.17,Silver,1,Philadelphia Biotech Corp.,US,62,,PHI1,2023-11-05,FALSE,2023-11-13,2023-12-05,Lazarus_Group,suspected,https://www.sec.gov/cgi-bin/browse-edgar?action=getcompany&CIK=0001896095&type=8-K&dateb=20230626&owner=include&count=10,,sec_filing,,,2026-02-12T10:00:00Z,2026-02-12T10:00:00Z,calculated,,,,calculated,3245530.83,6690538.98,4569385.65,CPI-U 2023 (304.702),Recovery includes infrastructure rebuild; company migrated to new cloud provider,2026-02-12T10:00:00Z,2026-02-12T10:00:00Z,PHI1,146.22,145.14,138.33,140.2,146.82,484107,1737432,S&P 500 Health Care,0.009872,-0.060027,-0.034058,0.011585,0.01662,-2.713,2.317,0.8415,FALSE,0.024712,0.047462,Post-incident volatility spike consistent with uncertainty resolution over 14 trading days,2026-02-12T10:00:00Z,2026-02-12T10:00:00Z
2023-1110-001,malware,7.17,273265,credentials,"payment_systems,email,active_directory,backup_systems",,Trojanized installer via SEO-poisoned download ? fileless PowerShell execution ? registry run-key persistence ? credential dumping via LSASS ? data staged for exfil,37875029758.85,220548,80110337508.48,TRUE,8911780.97,6067637.72,1910482.73,933660.52,,,-0.026033,-0.047099,-0.037371,243,2.7205,0.9538,59.01,Bronze,3,GoodsLuxe Distribution Group Inc.,US,44-45,,GOOD,2023-11-10,TRUE,2023-12-15,2023-12-28,Turla,probable,https://www.bleepingcomputer.com/news/security/goodsluxe-distribution-gr-hit-by-cyberattack-2023/,https://www.goodsluxe-distribution-gr.com/newsroom/2023/08/security-update,verified_media,low_quality_score,,2026-02-12T10:00:00Z,2026-02-12T10:00:00Z,disclosed,,,,estimated,6231264.39,15005091.37,9403080.98,CPI-U 2023 (304.702),Costs allocated across FY2023 and FY2024 per company 10-K,2026-02-12T10:00:00Z,2026-02-12T10:00:00Z,GOOD,550.38,524.29,510.64,499.6,504.7,497175,1352547,S&P 500 Consumer Discretionary,-0.010276,-0.030913,-0.047099,-0.037371,-0.012722,-2.0924,-2.0021,0.99895,FALSE,0.023566,0.02955,,2026-02-12T10:00:00Z,2026-02-12T10:00:00Z
2023-1120-001,phishing,,2056954,health,"customer_database,SSO,payment_systems,cloud_infrastructure",,,1247982077.15,3789,9641116523.52,TRUE,22257253.16,8218616.35,9638176.83,466884.89,3933575.09,11713479.24,-0.026116,-0.003423,0.027904,28,3.3229,1,68.33,Bronze,1,Talon Arc Computing AG,DE,51,,TAC.DE,2023-11-20,TRUE,2023-12-20,2024-01-11,BlackSuit,probable,https://www.aepd.es/decisions/2023/05/INQ-2023-00636,https://therecord.media/2023/04/05/talon-arc-computing-ag-breached,gdpr_notification,,Initially reported as IT maintenance outage; later reclassified as security incident,2026-02-12T10:00:00Z,2026-02-12T10:00:00Z,calculated,,,,calculated,13903638.95,34341134.81,23484279.36,CPI-U 2023 (304.702),,2026-02-12T10:00:00Z,2026-02-12T10:00:00Z,TAC.DE,17.71,16.88,16.44,16.82,17.35,1339735,4451756,S&P 500 Information Technology,0.014851,-0.024334,-0.003423,0.027904,0.009172,-1.8221,1.241,1,FALSE,0.020847,0.024525,,2026-02-12T10:00:00Z,2026-02-12T10:00:00Z
2023-1129-001,supply_chain,51.04,,,"backup_systems,HR_systems,website",,Compromised third-party software update ? trojanized DLL sideloaded ? C2 beacon established ? persistent access across customer environments,2353883354.47,5568,17407390655.24,TRUE,12558379.6,7081417.88,3977008.16,1499953.56,,2769220.94,-0.027898,-0.037788,-0.039934,184,3.6472,0.59375,70.53,Silver,2,Victoria Group Corp.,CA,52,,VICT.TO,2023-11-29,FALSE,2023-12-06,2023-12-22,BianLian,confirmed,https://www.victoria-group-corp.com/newsroom/2023/06/security-update,,company_pr,,Multiple subsidiaries affected across 5 jurisdictions,2026-02-12T10:00:00Z,2026-02-12T10:00:00Z,disclosed,,,,estimated,9594624.89,16054298.44,13250713.95,CPI-U 2023 (304.702),,2026-02-12T10:00:00Z,2026-02-12T10:00:00Z,VICT.TO,32.87,33.14,32.22,31.89,31.82,754723,2752599,S&P 500 Financials,-0.002211,-0.032215,-0.037788,-0.039934,-0.040541,-2.8125,-3.0185,0.49075,FALSE,0.015873,0.018653,CEO resignation announced 7 days post-disclosure; confounding event flagged,2026-02-12T10:00:00Z,2026-02-12T10:00:00Z
2023-1201-001,apt,11.17,29241,mixed,"SCADA,cloud_infrastructure,backup_systems",,Zero-day exploit in edge device ? fileless implant in memory ? scheduled task persistence ? low-and-slow data staging ? encrypted exfiltration over DNS tunneling,5652901587.08,20468,42137873369.88,TRUE,11079916.45,6304926.26,3911487.29,863502.9,,,-0.037695,-0.013108,-0.021259,38,3.8812,0.87045,85.88,Gold,4,Phoenix Harbor Group SAS,FR,54,,PHOE.PA,2023-12-01,FALSE,2024-01-02,2024-01-23,,,https://www.bleepingcomputer.com/news/security/phoenix-harbor-group-sas-hit-by-cyberattack-2023/,,verified_media,,,2026-02-12T10:00:00Z,2026-02-12T10:00:00Z,calculated,,,,disclosed,8071349.32,18261780.73,11690744.2,CPI-U 2023 (304.702),Regulatory fine reduced 59% on appeal based on demonstrated remediation,2026-02-12T10:00:00Z,2026-02-12T10:00:00Z,PHOE.PA,35.07,34.5,33.2,34.05,33.77,1955876,7591220,S&P 500,0.005169,-0.046102,-0.013108,-0.021259,-0.008891,-2.2591,-1.7519,1,FALSE,0.013497,0.016441,,2026-02-12T10:00:00Z,2026-02-12T10:00:00Z
2023-1209-001,ransomware,19.05,1474963,mixed,"customer_database,cloud_infrastructure",data_breach,Phishing email with weaponized attachment ? credential theft via Mimikatz ? lateral movement via RDP/SMB ? Active Directory compromise ? ransomware deployment across domain-joined hosts,760011461.36,3539,4734557506.24,TRUE,102437748.81,52066109.48,36926475.03,10196721.4,,53133710.53,-0.056546,-0.058674,-0.019761,23,1.876,0.4257,90.97,Gold,1,Timber Baltic Labs Corp.,US,62,,TBL,2023-12-09,TRUE,2024-01-12,2024-01-22,,,https://www.cnil.fr/decisions/2023/07/INQ-2023-00179,https://www.theregister.com/2023/01/09/timber-baltic-labs-c_security_incident/,gdpr_notification,,,2026-02-12T10:00:00Z,2026-02-12T10:00:00Z,estimated,6134568.6,3248442.9,congressional testimony,estimated,69221143.86,135025438.25,108085067.52,CPI-U 2023 (304.702),,2026-02-12T10:00:00Z,2026-02-12T10:00:00Z,TBL,9.38,9.19,8.67,8.65,9.01,478373,897412,S&P 500 Health Care,0.006586,-0.054768,-0.058674,-0.019761,-0.015244,-3.1486,-0.5836,1,TRUE,0.02365,0.027048,,2026-02-12T10:00:00Z,2026-02-12T10:00:00Z
2023-1209-002,apt,13.2,3024,PII,"VPN,backup_systems",,,7745461210.59,20251,59251004587.56,TRUE,15880510.87,6600000,7704740.5,1575770.37,,,-0.05681,-0.075427,-0.052285,131,3.7445,0.4085,78.46,Silver,1,ProvidentFund Holdings Corp.,CA,52,,PROV.TO,2023-12-09,FALSE,2023-12-28,2024-01-20,Scattered_Spider,unknown,https://www.bfdi.bund.de/decisions/2023/03/INQ-2023-00427,https://www.sec.gov/cgi-bin/browse-edgar?action=getcompany&CIK=0001828079&type=8-K&dateb=20231016&owner=include&count=10,gdpr_notification,,,2026-02-12T10:00:00Z,2026-02-12T10:00:00Z,estimated,,,,estimated,12307659.82,20129520.32,16755991.9,CPI-U 2023 (304.702),Loss estimate based on Ponemon per-record cost methodology ($4.19/record),2026-02-12T10:00:00Z,2026-02-12T10:00:00Z,PROV.TO,43.44,42.55,40.13,39.34,40.33,5712640,21391108,S&P 500 Financials,0.00565,-0.069932,-0.075427,-0.052285,-0.059649,-3.183,-2.954,0.523,FALSE,0.017831,0.027995,Earnings announcement within event window may confound abnormal returns,2026-02-12T10:00:00Z,2026-02-12T10:00:00Z
2023-1209-003,data_breach,,11460,mixed,"cloud_infrastructure,manufacturing_OT",apt,Misconfigured cloud storage bucket discovered by automated scanner ? bulk data download over 72 hours ? data posted to dark web marketplace,1589014590.37,3331,8435863655.68,TRUE,665067514.09,267379208.54,312168492.99,84768790.22,751022.34,,-0.018855,-0.016794,-0.016554,5,2.4011,1,76.48,Silver,4,StLouis Power Holdings Inc.,US,22,,STLO,2023-12-09,FALSE,2023-12-23,2024-02-06,,,https://www.theregister.com/2023/09/25/stlouis-power-holdin_security_incident/,,verified_media,,,2026-02-12T10:00:00Z,2026-02-12T10:00:00Z,disclosed,,,,estimated,514024784.72,977389957.7,701732203.2,CPI-U 2023 (304.702),,2026-02-12T10:00:00Z,2026-02-12T10:00:00Z,STLO,19.04,17.97,17.63,17.67,17.67,202044,485133,S&P 500 Utilities,-0.004167,-0.017688,-0.016794,-0.016554,-0.013535,-1.9722,-0.8326,1,FALSE,0.024952,0.040414,,2026-02-12T10:00:00Z,2026-02-12T10:00:00Z
2023-1212-001,malware,97.45,,,"manufacturing_OT,cloud_infrastructure",,Trojanized installer via SEO-poisoned download ? fileless PowerShell execution ? registry run-key persistence ? credential dumping via LSASS ? data staged for exfil,787476791.09,4572,1849602590.06,TRUE,13274222.4,8216060.11,3962254.14,1095908.15,,,-0.018192,-0.036761,-0.031201,83,3.1158,1,78.85,Silver,2,Winnipeg Sciences Holdings Inc.,CA,62,,WINN.TO,2023-12-12,FALSE,2024-02-13,2024-03-31,REvil,confirmed,https://www.winnipeg-sciences-holding.com/newsroom/2023/04/security-update,https://unit42.paloaltonetworks.com/threat-brief-winnipeg-sciences-ho-2023/,company_pr,,,2026-02-12T10:00:00Z,2026-02-12T10:00:00Z,disclosed,,,,estimated,10342529.21,16482860.55,14006020.64,CPI-U 2023 (304.702),,2026-02-12T10:00:00Z,2026-02-12T10:00:00Z,WINN.TO,8.85,8.06,7.91,7.76,7.81,1417960,4418056,S&P 500 Health Care,-0.01451,-0.015632,-0.036761,-0.031201,-0.022367,-1.523,-2.4011,0.79945,FALSE,0.010568,0.015002,,2026-02-12T10:00:00Z,2026-02-12T10:00:00Z
2023-1212-002,ransomware,16.26,1781308,mixed,"file_servers,active_directory,manufacturing_OT",,Phishing email with weaponized attachment ? credential theft via Mimikatz ? lateral movement via RDP/SMB ? Active Directory compromise ? ransomware deployment across domain-joined hosts,118525073.23,434,929751977.17,TRUE,29137877.69,13057976.67,11695284.03,3747117.39,,,-0.046027,-0.025178,-0.042558,77,3.3953,0.57965,83.29,Silver,1,Lynx Precision Systems Corp.,JP,31-33,,LPS.T,2023-12-12,FALSE,2024-02-13,2024-02-29,BianLian,suspected,https://www.sec.gov/cgi-bin/browse-edgar?action=getcompany&CIK=0001942416&type=8-K&dateb=20230425&owner=include&count=10,,sec_filing,,,2026-02-12T10:00:00Z,2026-02-12T10:00:00Z,estimated,889714.71,637499.6,court filing,estimated,23343399.95,34285468.08,30744227.73,CPI-U 2023 (304.702),,2026-02-12T10:00:00Z,2026-02-12T10:00:00Z,LPS.T,15.59,13.93,13.29,13.58,13.34,2107040,7153978,S&P 500 Industrials,0.015915,-0.056021,-0.025178,-0.042558,-0.055615,-2.8407,-2.2245,0.88775,FALSE,0.028767,0.0454,,2026-02-12T10:00:00Z,2026-02-12T10:00:00Z
2023-1213-001,apt,42.7,69445,PII,"customer_database,cloud_infrastructure",,Zero-day exploit in edge device ? fileless implant in memory ? scheduled task persistence ? low-and-slow data staging ? encrypted exfiltration over DNS tunneling,1164871373.59,6957,2333507156.61,TRUE,3804950.01,2206122.57,845870.3,752957.14,,,-0.043183,-0.0094,0.00458,28,2.8699,0.74125,60.15,Bronze,1,Austin Trading Group Inc.,US,44-45,,AUS1,2023-12-13,FALSE,2023-12-15,2023-12-31,Turla,probable,https://www.sec.gov/cgi-bin/browse-edgar?action=getcompany&CIK=0001265494&type=8-K&dateb=20230526&owner=include&count=10,https://www.edpb.europa.eu/decisions/2023/05/INQ-2023-00520,sec_filing,,,2026-02-12T10:00:00Z,2026-02-12T10:00:00Z,estimated,,,,estimated,2303613.84,5217406.15,4014714.14,CPI-U 2023 (304.702),Regulatory fine imposed under GDPR Article 83(5)(a) by DPA,2026-02-12T10:00:00Z,2026-02-12T10:00:00Z,AUS1,15.9,15.34,14.68,15.2,15.41,587217,1685264,S&P 500 Consumer Discretionary,-0.017619,-0.03458,-0.0094,0.00458,0.020772,-2.5175,0.4827,1,FALSE,0.034704,0.039524,,2026-02-12T10:00:00Z,2026-02-12T10:00:00Z
2023-1214-001,supply_chain,,,,"email,SCADA,customer_database,HR_systems,cloud_infrastructure",,Compromised third-party software update ? trojanized DLL sideloaded ? C2 beacon established ? persistent access across customer environments,17651968152.39,65575,108959470452.3,TRUE,7773167.06,4758332.84,1803463.66,1211370.56,,2516272.49,-0.034562,-0.027363,0.00891,57,3.5092,0.0002,79.68,Silver,2,Bordeaux Insurance SA,FR,52,,BORD.PA,2023-12-14,FALSE,2023-12-15,2023-12-27,Turla,probable,https://www.bordeaux-insurance-sa.com/newsroom/2023/10/security-update,,company_pr,,Employee count approximate; sourced from LinkedIn company page,2026-02-12T10:00:00Z,2026-02-12T10:00:00Z,estimated,,,,calculated,4790095.81,11678494.69,8201696.12,CPI-U 2023 (304.702),,2026-02-12T10:00:00Z,2026-02-12T10:00:00Z,BORD.PA,255.42,251.79,243.09,244.9,254.03,1498948,5260039,S&P 500 Financials,-0.018686,-0.037183,-0.027363,0.00891,-0.010062,-4.4273,0.1802,1,FALSE,0.025771,0.046188,Elevated options activity detected 5 days before public disclosure,2026-02-12T10:00:00Z,2026-02-12T10:00:00Z
2023-1230-001,phishing,,24550,mixed,"SSO,ERP,CRM,cloud_infrastructure,VPN",,Spear-phishing campaign targeting finance team ? credential harvesting through cloned SSO portal ? email account compromise ? BEC wire transfer or data exfiltration,622598311.4,1593,3841807928.89,TRUE,2756339.15,1472901.06,456421.57,475608.74,351407.78,,-0.014891,-0.03737,-0.032656,341,3.0649,1,86.57,Gold,1,Newcastle Analytics Pty Ltd.,AU,51,,NEWC.AX,2023-12-30,FALSE,2024-01-07,2024-01-15,Sandworm,confirmed,https://www.bfdi.bund.de/decisions/2023/11/INQ-2023-00143,https://www.crowdstrike.com/blog/newcastle-analytics--intrusion-analysis-2023/,gdpr_notification,,,2026-02-12T10:00:00Z,2026-02-12T10:00:00Z,disclosed,,,,estimated,1684725.85,4937212.8,2908294.13,CPI-U 2023 (304.702),Recovery costs include $8.2M for forensic investigation by Secureworks,2026-02-12T10:00:00Z,2026-02-12T10:00:00Z,NEWC.AX,8.64,8.06,7.94,7.76,7.8,2001524,6134434,S&P 500 Information Technology,0.023441,-0.019007,-0.03737,-0.032656,-0.026464,-1.0752,-2.0417,0.97915,FALSE,0.039802,0.061751,,2026-02-12T10:00:00Z,2026-02-12T10:00:00Z
2024-0101-001,trojan,,7978,mixed,"CRM,file_servers,ERP,SCADA",,Drive-by download from compromised ad network ? remote access trojan deployment ? keylogger activation ? credential theft ? lateral movement to file servers,6389009384.27,30132,28453857939.97,TRUE,9983427.83,4726093.11,4445345.63,811989.09,,2363127.81,-0.039536,-0.056863,-0.042151,226,3.5149,1,93.4,Gold,1,Borealis Paladin Services Pte. Ltd.,SG,54,,BPS.SI,2024-01-01,TRUE,2024-03-06,2024-03-17,RansomHub,probable,https://www.sec.gov/cgi-bin/browse-edgar?action=getcompany&CIK=0001888811&type=8-K&dateb=20240913&owner=include&count=10,https://www.mandiant.com/resources/blog/borealis-paladin-ser-incident-response-2024,sec_filing,,,2026-02-12T10:00:00Z,2026-02-12T10:00:00Z,estimated,,,,calculated,6337152.69,15085199.31,10199472.65,CPI-U 2024 (314.69),,2026-02-12T10:00:00Z,2026-02-12T10:00:00Z,BPS.SI,52.26,46.98,45.12,44.31,45,405825,1426415,S&P 500,0.028749,-0.048632,-0.056863,-0.042151,-0.031195,-1.8538,-2.7621,0.61895,FALSE,0.022724,0.041768,Post-incident volatility spike consistent with uncertainty resolution over 14 trading days,2026-02-12T10:00:00Z,2026-02-12T10:00:00Z
2024-0107-001,backdoor,,,,payment_systems,,Exploitation of unpatched VPN appliance ? web shell implant ? SSH backdoor installed ? persistent access maintained for 6+ months ? bulk data exfiltration,13786299333.98,46925,67622520282.55,TRUE,29647218.87,15844523.78,12044598.64,1758096.45,,10239134.02,-0.049546,-0.05051,-0.011652,45,3.6836,0.0002,77.47,Silver,1,Compass Mold Materials S.A.,BR,31-33,,CMM.SA,2024-01-07,FALSE,2024-07-07,2024-07-19,Cuba_Ransomware,confirmed,https://www.bfdi.bund.de/decisions/2024/01/INQ-2024-00032,,gdpr_notification,,,2026-02-12T10:00:00Z,2026-02-12T10:00:00Z,estimated,,,,estimated,22489596.42,50176204.48,30288794.9,CPI-U 2024 (314.69),Cyber insurance policy sublimit of $11.6M applied; excess borne by company,2026-02-12T10:00:00Z,2026-02-12T10:00:00Z,CMM.SA,88.61,86.98,82.67,82.59,85.97,322000,1186135,S&P 500 Industrials,-0.007038,-0.057794,-0.05051,-0.011652,0.011537,-4.0269,-0.4269,1,TRUE,0.017888,0.035374,,2026-02-12T10:00:00Z,2026-02-12T10:00:00Z
2024-0107-002,data_breach,,39780,PII,"active_directory,file_servers",,Misconfigured cloud storage bucket discovered by automated scanner ? bulk data download over 72 hours ? data posted to dark web marketplace,10505074848.13,24844,79964735391.93,TRUE,59473850.38,30560671.62,25724999.21,2883848.49,304331.06,16423900.33,-0.019208,-0.009648,-0.035359,141,3.0186,1,71.62,Silver,3,Archer Code Microsystems Group Inc.,PT,51,,ACM.LS,2024-01-07,FALSE,2024-01-17,2024-02-10,,,https://www.mandiant.com/resources/blog/archer-code-microsys-incident-response-2024,https://www.sec.gov/cgi-bin/browse-edgar?action=getcompany&CIK=0001551510&type=8-K&dateb=20240228&owner=include&count=10,cybersecurity_firm,,,2026-02-12T10:00:00Z,2026-02-12T10:00:00Z,disclosed,,,,estimated,36226754.39,97234403.92,60760884.99,CPI-U 2024 (314.69),Business interruption losses estimated from quarterly revenue delta,2026-02-12T10:00:00Z,2026-02-12T10:00:00Z,ACM.LS,64.15,60.27,59.11,59.69,58.14,664891,2007019,S&P 500 Information Technology,0.024247,-0.023224,-0.009648,-0.035359,-0.034035,-1.9435,-1.8844,1,FALSE,0.016386,0.032076,,2026-02-12T10:00:00Z,2026-02-12T10:00:00Z
2024-0116-001,backdoor,,,,"website,active_directory,SCADA,file_servers,CRM",,Exploitation of unpatched VPN appliance ? web shell implant ? SSH backdoor installed ? persistent access maintained for 6+ months ? bulk data exfiltration,11603672378.16,118107,58180561038.7,TRUE,4465555.19,2200000,1989349.09,276206.1,,,-0.04178,-0.035161,-0.021743,284,2.3963,0.0002,78.69,Silver,3,Campbell Sciences GmbH,DE,62,,CAMP.DE,2024-01-16,FALSE,2024-07-19,2024-08-12,BlackCat/ALPHV,probable,https://blog.talosintelligence.com/2024/03/campbell-sciences-gm-campaign.html,,cybersecurity_firm,,,2026-02-12T10:00:00Z,2026-02-12T10:00:00Z,estimated,,,,estimated,3629290.92,7007580.91,4562191.34,CPI-U 2024 (314.69),Direct costs confirmed via SEC 8-K filing on 2024-10-23,2026-02-12T10:00:00Z,2026-02-12T10:00:00Z,CAMP.DE,123.65,125.49,120.25,121.08,122.76,937814,2247295,S&P 500 Health Care,0.011738,-0.051527,-0.035161,-0.021743,-0.026358,-5.5922,-1.2148,1,FALSE,0.024207,0.042025,Concurrent dividend announcement partially offset negative price reaction,2026-02-12T10:00:00Z,2026-02-12T10:00:00Z
2024-0117-001,data_breach,,1002,health,"website,manufacturing_OT,email,SSO",phishing,Misconfigured cloud storage bucket discovered by automated scanner ? bulk data download over 72 hours ? data posted to dark web marketplace,35607446.26,67,92675501.61,TRUE,2712260.56,1300000,1276989.44,135271.12,,1183348.33,-0.040645,-0.037537,-0.021569,82,3.5402,0.0002,82.18,Silver,1,Marshall Security Corp.,US,51,,MAR1,2024-01-17,TRUE,2024-01-25,2024-02-07,BlackCat/ALPHV,unknown,https://www.cnil.fr/decisions/2024/12/INQ-2024-00330,https://www.marshall-security-corp.com/newsroom/2024/06/security-update,gdpr_notification,,,2026-02-12T10:00:00Z,2026-02-12T10:00:00Z,disclosed,,,,estimated,2184893,3510846.73,2770954.81,CPI-U 2024 (314.69),Regulatory fine reduced 36% on appeal based on demonstrated remediation,2026-02-12T10:00:00Z,2026-02-12T10:00:00Z,MAR1,11.29,10.77,10.33,10.37,10.54,6170979,21846261,S&P 500 Information Technology,-0.019971,-0.041025,-0.037537,-0.021569,-0.019411,-6.3887,-0.7585,1,FALSE,0.026369,0.04479,,2026-02-12T10:00:00Z,2026-02-12T10:00:00Z
2024-0129-001,ransomware,,41115,financial,"SSO,VPN,manufacturing_OT,email,HR_systems",,,4988447431.27,34304,34934527631.6,TRUE,202601730.9,93600000,80196997.13,28559799.91,75949.93,47509153.25,-0.031349,-0.030985,-0.007335,54,2.6491,1,94.88,Gold,2,MatrixStruct Defense Corp.,KR,31-33,,MATR.KS,2024-01-29,FALSE,2024-02-13,2024-03-01,Hunters_International,suspected,https://www.matrixstruct-defense-corp.com/newsroom/2024/09/security-update,,company_pr,,Partial remediation completed within 48h; full recovery took 45 days,2026-02-12T10:00:00Z,2026-02-12T10:00:00Z,disclosed,518019.92,168983.93,congressional testimony,disclosed,146700319.91,360822143.9,206986102.15,CPI-U 2024 (314.69),,2026-02-12T10:00:00Z,2026-02-12T10:00:00Z,MATR.KS,60.92,58.19,56.37,56.39,57.76,1264115,3348709,S&P 500 Industrials,0.009539,-0.028055,-0.030985,-0.007335,0.006457,-1.2132,-0.3041,1,FALSE,0.018598,0.03065,,2026-02-12T10:00:00Z,2026-02-12T10:00:00Z
2024-0130-001,data_breach,,,,"VPN,manufacturing_OT,payment_systems",,Misconfigured cloud storage bucket discovered by automated scanner ? bulk data download over 72 hours ? data posted to dark web marketplace,20948174181.57,69190,57589271830.99,TRUE,5668782.62,2562448.06,2892704.6,213629.96,,,-0.063844,-0.000811,-0.006087,60,3.93,0.4127,71.99,Silver,4,Talon Nexus Production Ltd.,GB,31-33,,TNP.L,2024-01-30,FALSE,2024-01-30,2024-03-10,,,https://www.bleepingcomputer.com/news/security/talon-nexus-production-lt-hit-by-cyberattack-2024/,,verified_media,,,2026-02-12T10:00:00Z,2026-02-12T10:00:00Z,calculated,,,,calculated,3937073.07,8907830.28,5791457.03,CPI-U 2024 (314.69),,2026-02-12T10:00:00Z,2026-02-12T10:00:00Z,TNP.L,270.02,269.11,251.93,268.89,267.47,253034,994421,S&P 500 Industrials,0.007075,-0.075326,-0.000811,-0.006087,-0.002444,-3.1746,-0.2984,1,FALSE,0.031603,0.038225,Low pre-incident trading volume reduces baseline reliability; interpret with caution,2026-02-12T10:00:00Z,2026-02-12T10:00:00Z
2024-0202-001,ddos,31,,,"SCADA,cloud_infrastructure",,Multi-vector botnet activation ? volumetric UDP reflection (900 Gbps peak) ? application-layer HTTP/2 flood ? 18-hour service degradation,1314461627.95,9017,7355688397.88,TRUE,10825406.29,5504213.41,4007049.56,1314143.32,,6940892.09,-0.004017,-0.013125,-0.009616,28,3.9233,1,55.8,Bronze,3,MedNeuro Genomics Holdings Ltd.,IN,62,,MEDN.NS,2024-02-02,FALSE,2024-02-12,2024-02-20,,,https://unit42.paloaltonetworks.com/threat-brief-medneuro-genomics-ho-2024/,,cybersecurity_firm,low_quality_score,,2026-02-12T10:00:00Z,2026-02-12T10:00:00Z,disclosed,,,,estimated,8534536.92,13973925.18,11059671.81,CPI-U 2024 (314.69),,2026-02-12T10:00:00Z,2026-02-12T10:00:00Z,MEDN.NS,12.67,13.09,13.04,12.92,12.96,14143843,55490054,S&P 500 Health Care,0.006983,-0.004453,-0.013125,-0.009616,-0.015718,-0.2705,-0.6086,1,FALSE,0.012334,0.016087,,2026-02-12T10:00:00Z,2026-02-12T10:00:00Z
2024-0203-001,data_breach,,309074,mixed,file_servers,,Misconfigured cloud storage bucket discovered by automated scanner ? bulk data download over 72 hours ? data posted to dark web marketplace,11302476451.97,42664,18885907662.68,TRUE,116398036.6,59220346.59,49786907.11,7200183.56,190599.34,31992050.75,-0.013072,-0.005538,-0.009663,11,1.8859,1,58.3,Bronze,3,Epoch Radiant Exploration Holdings PLC,GB,21,,ERE.L,2024-02-03,FALSE,2024-02-08,2024-03-13,,,https://therecord.media/2024/03/02/epoch-radiant-exploration-breached,https://www.mandiant.com/resources/blog/epoch-radiant-explor-incident-response-2024,verified_media,low_quality_score,,2026-02-12T10:00:00Z,2026-02-12T10:00:00Z,disclosed,,,,calculated,81403933.36,145354815.74,118916930.21,CPI-U 2024 (314.69),,2026-02-12T10:00:00Z,2026-02-12T10:00:00Z,ERE.L,84.35,89.34,88.17,88.85,88.48,2204633,4157716,S&P 500 Energy,-0.007155,-0.015238,-0.005538,-0.009663,0.001472,-0.705,-0.4671,1,FALSE,0.022327,0.029677,,2026-02-12T10:00:00Z,2026-02-12T10:00:00Z
2024-0205-001,phishing,,1000,mixed,"payment_systems,active_directory,SSO,HR_systems,manufacturing_OT",,Spear-phishing campaign targeting finance team ? credential harvesting through cloned SSO portal ? email account compromise ? BEC wire transfer or data exfiltration,1123034315.36,18628,7068187170.4,TRUE,9140064.82,4800000,3650421.34,689643.48,,,-0.028195,-0.030427,0.002771,17,2.248,0.393,62.15,Bronze,4,Cobalt Retreat Hotels Holdings Inc.,US,72,,CRH,2024-02-05,FALSE,2024-02-08,2024-02-24,,,https://www.bleepingcomputer.com/news/security/cobalt-retreat-hotels-hol-hit-by-cyberattack-2024/,,verified_media,,Initially reported as IT maintenance outage; later reclassified as security incident,2026-02-12T10:00:00Z,2026-02-12T10:00:00Z,disclosed,,,,estimated,5537557.95,15800499.24,9337858.97,CPI-U 2024 (314.69),"Loss methodology: Monte Carlo simulation with 10,000 iterations (95th percentile)",2026-02-12T10:00:00Z,2026-02-12T10:00:00Z,CRH,11.44,11.48,11.16,11.13,11.51,3824928,8598453,S&P 500 Consumer Discretionary,0.013276,-0.031958,-0.030427,0.002771,0.005323,-3.214,0.111,1,FALSE,0.013157,0.020588,,2026-02-12T10:00:00Z,2026-02-12T10:00:00Z
2024-0302-001,ddos,55.71,,,"CRM,ERP",,,8048202471.9,59433,37232866639.79,TRUE,106897774.24,67982891.15,22575253.22,16339629.87,,36142621.55,-0.019477,-0.011375,-0.009024,53,2.0797,1,98.87,Gold,3,Silver Granite Freight Inc.,CA,48-49,,SGF.TO,2024-03-02,FALSE,2024-03-19,2024-04-03,DarkSide,suspected,https://www.mandiant.com/resources/blog/silver-granite-freig-incident-response-2024,,cybersecurity_firm,,,2026-02-12T10:00:00Z,2026-02-12T10:00:00Z,calculated,,,,disclosed,89344154.03,169719026.36,109211078.9,CPI-U 2024 (314.69),"Loss methodology: Monte Carlo simulation with 10,000 iterations (95th percentile)",2026-02-12T10:00:00Z,2026-02-12T10:00:00Z,SGF.TO,55.19,54.85,53.78,54.23,54.36,370906,771385,S&P 500 Industrials,0.012847,-0.018426,-0.011375,-0.009024,0.006099,-1.7773,-0.6382,1,FALSE,0.012896,0.01549,,2026-02-12T10:00:00Z,2026-02-12T10:00:00Z
2024-0307-001,ddos,17.8,,,"payment_systems,ERP,CRM,email,cloud_infrastructure",,,9568126199.39,43459,76094162499.88,TRUE,21355126.83,12000000,8551704.87,803421.96,,,-0.028768,-0.031881,-0.012431,28,2.5298,1,67.04,Bronze,1,GridInfracore Utilities Corp.,US,22,,GRID,2024-03-07,FALSE,2024-06-10,2024-09-16,,,https://www.sec.gov/cgi-bin/browse-edgar?action=getcompany&CIK=0001085695&type=8-K&dateb=20241221&owner=include&count=10,,sec_filing,,Insider threat component confirmed alongside external intrusion,2026-02-12T10:00:00Z,2026-02-12T10:00:00Z,estimated,,,,disclosed,16189978.41,29286720.25,21817259.13,CPI-U 2024 (314.69),,2026-02-12T10:00:00Z,2026-02-12T10:00:00Z,GRID,122.41,116.76,113.4,113.04,115.31,2904542,7348017,S&P 500 Utilities,0.009278,-0.023295,-0.031881,-0.012431,-0.014015,-1.9835,-0.6559,1,FALSE,0.034868,0.058645,,2026-02-12T10:00:00Z,2026-02-12T10:00:00Z
2024-0310-001,ransomware,55.62,125553,mixed,"SCADA,CRM,VPN",,Phishing email with weaponized attachment ? credential theft via Mimikatz ? lateral movement via RDP/SMB ? Active Directory compromise ? ransomware deployment across domain-joined hosts,64670227432.13,155015,213151949688.88,TRUE,74326807.29,32476026.05,34064591.21,7169316.26,,20828644.14,-0.078542,-0.040654,-0.008624,57,1.9934,0.0678,83.91,Silver,1,Citadel Reserve Securities Holdings Inc.,US,52,,CRS,2024-03-10,FALSE,2024-04-11,2024-04-29,,,https://www.sec.gov/cgi-bin/browse-edgar?action=getcompany&CIK=0001159953&type=8-K&dateb=20240322&owner=include&count=10,https://blog.talosintelligence.com/2024/05/citadel-reserve-secu-campaign.html,sec_filing,,Third-party managed service provider was initial entry point,2026-02-12T10:00:00Z,2026-02-12T10:00:00Z,disclosed,735137.29,616873.77,insurance claim record,estimated,57967993.79,128600052.71,75935265,CPI-U 2024 (314.69),Legal fees reflect engagement of AmLaw 100 firm for class-action defense,2026-02-12T10:00:00Z,2026-02-12T10:00:00Z,CRS,454.45,462.4,426.08,443.6,458.41,2588440,5159695,S&P 500 Financials,0.004541,-0.065298,-0.040654,-0.008624,-0.009583,-3.8644,-0.3154,1,TRUE,0.024893,0.048193,,2026-02-12T10:00:00Z,2026-02-12T10:00:00Z
2024-0312-001,trojan,,73591,PII,"manufacturing_OT,website,HR_systems,email",phishing,Drive-by download from compromised ad network ? remote access trojan deployment ? keylogger activation ? credential theft ? lateral movement to file servers,165984166.05,2181,456494021.33,TRUE,1117336.55,99131.91,71376.18,24556.33,922272.13,,-0.028108,-0.028279,-0.028734,180,2.9604,0.9648,64.87,Bronze,3,Detroit Resources Co.,ZA,56,,DETR.JO,2024-03-12,FALSE,2024-09-13,2024-09-19,RansomHub,suspected,https://www.crowdstrike.com/blog/detroit-resources-co-intrusion-analysis-2024/,,cybersecurity_firm,,Previously breached in 2021; confirmed as separate campaign,2026-02-12T10:00:00Z,2026-02-12T10:00:00Z,disclosed,,,,disclosed,875199.25,1364199.52,1141516.1,CPI-U 2024 (314.69),,2026-02-12T10:00:00Z,2026-02-12T10:00:00Z,DETR.JO,12.55,12.46,12.11,12.11,12.1,216391,640610,S&P 500,0.009321,-0.034104,-0.028279,-0.028734,-0.010682,-2.0704,-1.1721,1,FALSE,0.012142,0.022535,Earnings announcement within event window may confound abnormal returns,2026-02-12T10:00:00Z,2026-02-12T10:00:00Z
2024-0315-001,data_breach,,342835,health,"ERP,active_directory,website",,Misconfigured cloud storage bucket discovered by automated scanner ? bulk data download over 72 hours ? data posted to dark web marketplace,4072304774.14,10158,22834397270.22,TRUE,25309584.82,10400000,11707172.13,3202412.69,,10331334.89,-0.054508,-0.064824,-0.02537,320,2.6302,0.66325,70.56,Silver,1,Ironwood Lumen Platforms Co.,US,51,,ILP,2024-03-15,FALSE,2024-09-15,2024-09-20,Play,probable,https://www.sec.gov/cgi-bin/browse-edgar?action=getcompany&CIK=0001239059&type=8-K&dateb=20240113&owner=include&count=10,https://blog.talosintelligence.com/2024/06/ironwood-lumen-platf-campaign.html,sec_filing,,Company undergoing M&A at time of incident; financial attribution complex,2026-02-12T10:00:00Z,2026-02-12T10:00:00Z,estimated,,,,disclosed,16238540.54,41420027.09,25857292.95,CPI-U 2024 (314.69),,2026-02-12T10:00:00Z,2026-02-12T10:00:00Z,ILP,45.48,43.97,41.57,41.12,42.85,3825788,10062559,S&P 500 Information Technology,-0.007226,-0.070551,-0.064824,-0.02537,-0.034006,-2.6735,-2.1829,0.90855,FALSE,0.019443,0.038744,,2026-02-12T10:00:00Z,2026-02-12T10:00:00Z
2024-0320-002,apt,176.41,3108,credentials,"email,VPN",,Zero-day exploit in edge device ? fileless implant in memory ? scheduled task persistence ? low-and-slow data staging ? encrypted exfiltration over DNS tunneling,63591810387.16,170756,364011711773.08,TRUE,2875954.96,1870730.97,843708.87,161515.12,,762156.02,-0.04949,-0.0524,-0.045251,291,3.4921,0.0002,72.42,Silver,3,Cleveland Networks Group Inc.,CL,51,,CLEV.SN,2024-03-20,FALSE,2024-06-23,2024-07-27,BianLian,confirmed,https://unit42.paloaltonetworks.com/threat-brief-cleveland-networks-g-2024/,https://www.aepd.es/decisions/2024/04/INQ-2024-00270,cybersecurity_firm,,Third-party managed service provider was initial entry point,2026-02-12T10:00:00Z,2026-02-12T10:00:00Z,calculated,,,,estimated,2364727.84,3337776.79,2938191.62,CPI-U 2024 (314.69),,2026-02-12T10:00:00Z,2026-02-12T10:00:00Z,CLEV.SN,319.91,298.33,283.57,282.7,284.83,519711,1814908,S&P 500 Information Technology,-0.000688,-0.046737,-0.0524,-0.045251,-0.053221,-9.898,-3.2348,0.3826,FALSE,0.029235,0.034396,,2026-02-12T10:00:00Z,2026-02-12T10:00:00Z
2024-0321-001,backdoor,,,,"manufacturing_OT,HR_systems,backup_systems,customer_database",apt,Exploitation of unpatched VPN appliance ? web shell implant ? SSH backdoor installed ? persistent access maintained for 6+ months ? bulk data exfiltration,67310223366.38,152569,227691585700.92,TRUE,123218837.45,55000000,49038660.17,19180177.28,,39120544.64,-0.025976,-0.008297,0.021257,24,3.2767,1,70.71,Silver,4,Sheffield Partners Holdings PLC,GB,52,,SHEF.L,2024-03-21,FALSE,2024-04-09,2024-06-02,,,https://www.theregister.com/2024/08/07/sheffield-partners-h_security_incident/,,verified_media,,,2026-02-12T10:00:00Z,2026-02-12T10:00:00Z,estimated,,,,disclosed,74274318.05,212138326.6,125885335.54,CPI-U 2024 (314.69),,2026-02-12T10:00:00Z,2026-02-12T10:00:00Z,SHEF.L,412.31,427.76,416.65,424.21,436.85,20725408,67910440,S&P 500 Financials,0.01867,-0.029739,-0.008297,0.021257,0.002801,-1.3452,1.3674,1,FALSE,0.017128,0.023967,,2026-02-12T10:00:00Z,2026-02-12T10:00:00Z
2024-0322-001,phishing,,13161,mixed,cloud_infrastructure,,Spear-phishing campaign targeting finance team ? credential harvesting through cloned SSO portal ? email account compromise ? BEC wire transfer or data exfiltration,156256264.57,268,731611459.24,TRUE,12717196.3,5140361.06,6165697.32,1411137.92,,,-0.017773,-0.020857,0.009449,28,2.0905,1,91.55,Gold,1,Phoenix Communications Corp.,US,51,,PHO1,2024-03-22,FALSE,2024-04-03,2024-06-10,Conti,unknown,https://www.sec.gov/cgi-bin/browse-edgar?action=getcompany&CIK=0001984752&type=8-K&dateb=20240208&owner=include&count=10,,sec_filing,,,2026-02-12T10:00:00Z,2026-02-12T10:00:00Z,estimated,,,,disclosed,10805283.52,16702555.6,12992400.81,CPI-U 2024 (314.69),Insurance claim partially denied; payout reflects negotiated settlement at 26% of claim,2026-02-12T10:00:00Z,2026-02-12T10:00:00Z,PHO1,13.59,12.76,12.53,12.49,12.88,27270245,57008995,S&P 500 Information Technology,-0.017535,-0.016304,-0.020857,0.009449,0.013065,-1.5157,0.839,1,FALSE,0.023681,0.030868,,2026-02-12T10:00:00Z,2026-02-12T10:00:00Z
2024-0325-001,phishing,,4613,credentials,website,,,74910997.3,211,236912332.91,TRUE,553315.12,319873.38,156200.45,77241.29,,87484.65,-0.006921,0.001738,-0.00668,,3.088,1,69.29,Bronze,3,Singapore REIT Pte. Ltd.,SG,53,,SING.SI,2024-03-25,FALSE,2024-04-29,2024-06-18,BlackSuit,probable,https://www.crowdstrike.com/blog/singapore-reit-pte-l-intrusion-analysis-2024/,,cybersecurity_firm,,,2026-02-12T10:00:00Z,2026-02-12T10:00:00Z,estimated,,,,calculated,372904.52,710792.37,565289.05,CPI-U 2024 (314.69),,2026-02-12T10:00:00Z,2026-02-12T10:00:00Z,SING.SI,9.17,9.67,9.6,9.69,9.61,54563494,168494743,S&P 500 Real Estate,-0.004811,-0.00759,0.001738,-0.00668,0.013901,-0.3625,-0.5321,1,FALSE,0.024208,0.044011,,2026-02-12T10:00:00Z,2026-02-12T10:00:00Z
2024-0405-001,ransomware,10.13,1023706,mixed,"active_directory,backup_systems,SSO,CRM",,Phishing email with weaponized attachment ? credential theft via Mimikatz ? lateral movement via RDP/SMB ? Active Directory compromise ? ransomware deployment across domain-joined hosts,10652138798.8,33917,31646044977.02,TRUE,22488234.52,10393331.38,7615071.44,1441142.21,,10603427.71,-0.024301,-0.048216,0.00671,28,3.0382,1,73.09,Silver,1,FrameComposite Materials Inc.,US,31-33,,FRAM,2024-04-05,FALSE,2024-05-07,2024-05-11,Scattered_Spider,unknown,https://www.sec.gov/cgi-bin/browse-edgar?action=getcompany&CIK=0001524868&type=8-K&dateb=20241227&owner=include&count=10,https://www.framecomposite-materials-.com/newsroom/2024/01/security-update,sec_filing,,,2026-02-12T10:00:00Z,2026-02-12T10:00:00Z,estimated,4847681.65,3038689.49,FBI disclosure,calculated,14973386.52,25916908.17,22974887.66,CPI-U 2024 (314.69),Settlement includes class-action preliminary agreement of $21.7M,2026-02-12T10:00:00Z,2026-02-12T10:00:00Z,FRAM,79.72,76.15,74.3,72.48,76.66,263089,799306,S&P 500 Industrials,-0.008661,-0.019787,-0.048216,0.00671,-0.016041,-1.4352,0.2172,1,FALSE,0.019046,0.031229,,2026-02-12T10:00:00Z,2026-02-12T10:00:00Z
2024-0411-001,apt,86.96,17013,PII,"VPN,ERP,SSO,cloud_infrastructure",,,141316124.71,1268,952167256.76,TRUE,9719689.46,4366996.95,3237299.63,1331636.09,783756.79,,-0.060516,-0.023854,-0.022725,170,3.9057,0.2031,89.65,Gold,3,Ridge Cargo Shipping Inc.,NO,48-49,,RCS.OL,2024-04-11,FALSE,2024-04-13,2024-04-26,RansomHub,confirmed,https://www.mandiant.com/resources/blog/ridge-cargo-shipping-incident-response-2024,https://www.bfdi.bund.de/decisions/2024/03/INQ-2024-00660,cybersecurity_firm,,,2026-02-12T10:00:00Z,2026-02-12T10:00:00Z,estimated,,,,calculated,6298956.32,16475030.02,9930026.89,CPI-U 2024 (314.69),,2026-02-12T10:00:00Z,2026-02-12T10:00:00Z,RCS.OL,8.51,8.51,8,8.31,8.32,665250,2598234,S&P 500 Industrials,-0.016512,-0.077594,-0.023854,-0.022725,-0.004932,-3.5938,-0.9107,1,FALSE,0.012969,0.025047,Cross-listed on multiple exchanges; primary exchange data used for return calculation,2026-02-12T10:00:00Z,2026-02-12T10:00:00Z
2024-0414-001,malware,31.71,59042,health,"active_directory,VPN",,Trojanized installer via SEO-poisoned download ? fileless PowerShell execution ? registry run-key persistence ? credential dumping via LSASS ? data staged for exfil,45648907853.35,196078,291195204575.01,TRUE,44074232.2,20218183.97,19021222.96,4834825.27,,,-0.047313,-0.069828,-0.064856,91,1.8808,0.2657,71.42,Silver,4,Edmonton BioSciences Inc.,CA,62,52,EDMO.TO,2024-04-14,FALSE,2024-07-16,2024-08-21,,,https://www.theregister.com/2024/01/24/edmonton-biosciences_security_incident/,,verified_media,,,2026-02-12T10:00:00Z,2026-02-12T10:00:00Z,disclosed,,,,disclosed,27223058.04,51552718.62,45028013.77,CPI-U 2024 (314.69),,2026-02-12T10:00:00Z,2026-02-12T10:00:00Z,EDMO.TO,499.61,476.98,454.41,443.67,446.04,927648,1744764,S&P 500 Health Care,-0.000078,-0.06032,-0.069828,-0.064856,-0.074287,-3.4686,-2.4297,0.78515,FALSE,0.03979,0.069598,Cross-listed on multiple exchanges; primary exchange data used for return calculation,2026-02-12T10:00:00Z,2026-02-12T10:00:00Z
2024-0426-002,ransomware,60.01,48002,PII,file_servers,,,1116294875.78,4834,4388967966.58,TRUE,31055645.68,18000000,9965295.35,3090350.33,,19084876.65,-0.067124,-0.061872,0.003141,43,3.7779,0.0002,91.25,Gold,1,Walsh Media Group PLC,GB,71,52,WALS.L,2024-04-26,TRUE,2024-04-28,2024-05-15,,,https://www.ico.org.uk/decisions/2024/01/INQ-2024-00523,https://krebsonsecurity.com/2024/06/walsh-media-group-pl-breach-exposes-data/,gdpr_notification,,,2026-02-12T10:00:00Z,2026-02-12T10:00:00Z,estimated,75465.97,,,disclosed,18889634.06,48769593.38,31727700.55,CPI-U 2024 (314.69),,2026-02-12T10:00:00Z,2026-02-12T10:00:00Z,WALS.L,13.84,12.96,12.09,12.16,13,488169,1844255,S&P 500 Communication Services,0.021734,-0.081212,-0.061872,0.003141,-0.013719,-7.9088,0.3059,1,FALSE,0.025876,0.039037,Post-incident volatility spike consistent with uncertainty resolution over 14 trading days,2026-02-12T10:00:00Z,2026-02-12T10:00:00Z
2024-0427-001,trojan,,24495,credentials,website,,Drive-by download from compromised ad network ? remote access trojan deployment ? keylogger activation ? credential theft ? lateral movement to file servers,328619746.27,983,1583860457.82,TRUE,94751644.84,44363665.75,40794056.67,9337605.13,256317.29,33455552.63,-0.020275,-0.040053,0.011668,19,2.3463,1,92.31,Gold,4,Spectrum Citadel Group Group Inc.,US,42,,SPEC,2024-04-27,FALSE,2024-05-04,2024-06-09,,,https://krebsonsecurity.com/2024/08/spectrum-citadel-gro-breach-exposes-data/,,verified_media,,,2026-02-12T10:00:00Z,2026-02-12T10:00:00Z,disclosed,,,,estimated,72287534.89,124013622.07,96802103.07,CPI-U 2024 (314.69),,2026-02-12T10:00:00Z,2026-02-12T10:00:00Z,SPEC,10.11,9.55,9.36,9.17,9.66,1309535,3072507,S&P 500,0.014285,-0.016527,-0.040053,0.011668,0.004998,-1.6903,0.6186,1,FALSE,0.0173,0.028521,,2026-02-12T10:00:00Z,2026-02-12T10:00:00Z
2024-0501-002,data_breach,,53930,financial,email,,Misconfigured cloud storage bucket discovered by automated scanner ? bulk data download over 72 hours ? data posted to dark web marketplace,1686999948.9,23140,10360780602.66,TRUE,14865835.59,6887060.89,4537952.11,452384.33,2988438.26,4099846.26,-0.064235,-0.072723,-0.086424,322,3.3988,0.0002,83.8,Silver,1,Indigo Retreat Resorts Inc.,CA,72,,IRR.TO,2024-05-01,FALSE,2024-06-01,2024-07-26,RansomHub,probable,https://www.bfdi.bund.de/decisions/2024/07/INQ-2024-00659,https://www.sec.gov/cgi-bin/browse-edgar?action=getcompany&CIK=0001210523&type=8-K&dateb=20240910&owner=include&count=10,gdpr_notification,,,2026-02-12T10:00:00Z,2026-02-12T10:00:00Z,disclosed,,,,estimated,11996566.6,22752999.21,15187537.39,CPI-U 2024 (314.69),Regulatory fine reduced 57% on appeal based on demonstrated remediation,2026-02-12T10:00:00Z,2026-02-12T10:00:00Z,IRR.TO,13.98,12.64,11.83,11.72,11.55,1163208,3953502,S&P 500 Consumer Discretionary,0.01676,-0.073577,-0.072723,-0.086424,-0.094421,-5.4472,-5.1001,0.0002,FALSE,0.020196,0.034481,,2026-02-12T10:00:00Z,2026-02-12T10:00:00Z
2024-0505-001,ddos,216.81,,,"file_servers,manufacturing_OT,customer_database",,,1799515221.63,6072,6145857483.06,TRUE,3229494.82,1724958.06,957429.69,547107.07,,1197523.73,-0.009968,-0.013345,-0.02798,316,1.9816,1,88.05,Gold,1,Graham Fabrication Corp.,US,31-33,,GRAH,2024-05-05,FALSE,2024-11-01,2025-01-08,,,https://www.sec.gov/cgi-bin/browse-edgar?action=getcompany&CIK=0001889050&type=8-K&dateb=20240526&owner=include&count=10,,sec_filing,,,2026-02-12T10:00:00Z,2026-02-12T10:00:00Z,estimated,,,,estimated,2515868.54,3914370.06,3299382.2,CPI-U 2024 (314.69),Legal fees reflect engagement of AmLaw 100 firm for class-action defense,2026-02-12T10:00:00Z,2026-02-12T10:00:00Z,GRAH,24.13,24.36,24.12,24.03,23.68,22461529,44510517,S&P 500 Industrials,-0.00863,-0.009527,-0.013345,-0.02798,-0.03813,-0.6255,-1.4018,1,FALSE,0.014784,0.017522,,2026-02-12T10:00:00Z,2026-02-12T10:00:00Z
2024-0510-001,ransomware,197.67,,,email,,,5382900489.03,25560,42114867264.5,TRUE,17082912.02,7560418.83,2865516.04,1244914.72,,,-0.049895,-0.058592,-0.038588,356,3.2986,0.70775,78.9,Silver,4,Santos Health Holdings Inc.,HK,62,,SANT.HK,2024-05-10,FALSE,2024-05-13,2024-05-29,Rhysida,probable,https://www.bleepingcomputer.com/news/security/santos-health-holdings-in-hit-by-cyberattack-2024/,,verified_media,,Multiple subsidiaries affected across 10 jurisdictions,2026-02-12T10:00:00Z,2026-02-12T10:00:00Z,disclosed,11885492.49,5412062.43,blockchain analysis,disclosed,12921192.64,22170684.71,17452592.12,CPI-U 2024 (314.69),Loss estimate based on Ponemon per-record cost methodology ($8.66/record),2026-02-12T10:00:00Z,2026-02-12T10:00:00Z,SANT.HK,66.53,64.68,61.45,60.89,62.18,111161,366675,S&P 500 Health Care,-0.012098,-0.04451,-0.058592,-0.038588,-0.048432,-2.5845,-1.8124,1,FALSE,0.038836,0.053322,CEO resignation announced 5 days post-disclosure; confounding event flagged,2026-02-12T10:00:00Z,2026-02-12T10:00:00Z
2024-0520-001,ddos,9.67,,,payment_systems,,,105090535.95,947,599065274.25,TRUE,9765158.35,4408419.04,4721438.85,635300.46,,,-0.006019,-0.013879,0.010532,24,3.5869,1,98.02,Gold,3,Brasilia Labs Ltda.,BR,62,,BRAS.SA,2024-05-20,FALSE,2024-06-24,2024-08-27,Rhysida,suspected,https://www.mandiant.com/resources/blog/brasilia-labs-ltda-incident-response-2024,,cybersecurity_firm,,,2026-02-12T10:00:00Z,2026-02-12T10:00:00Z,estimated,,,,estimated,7406363.46,13762810.46,9976479.74,CPI-U 2024 (314.69),,2026-02-12T10:00:00Z,2026-02-12T10:00:00Z,BRAS.SA,8.71,8.22,8.17,8.11,8.31,12117189,43462757,S&P 500 Health Care,-0.013361,-0.00536,-0.013879,0.010532,0.02487,-0.5623,0.5387,1,FALSE,0.025795,0.037477,Concurrent dividend announcement partially offset negative price reaction,2026-02-12T10:00:00Z,2026-02-12T10:00:00Z
2024-0523-001,phishing,,4645726,financial,"payment_systems,customer_database,manufacturing_OT,SSO,backup_systems",,,851949513.38,4305,1977306855.22,TRUE,6303202.85,3855871.52,1879774.12,567557.21,,2941761.02,-0.025367,-0.010314,0.017625,46,3.5339,1,98.99,Gold,4,Leeds Group PLC,GB,11,,LEED.L,2024-05-23,FALSE,2024-05-31,2024-06-08,Turla,probable,https://www.theregister.com/2024/02/03/leeds-group-plc_security_incident/,,verified_media,,Revenue estimated from Dun & Bradstreet industry median,2026-02-12T10:00:00Z,2026-02-12T10:00:00Z,estimated,,,,estimated,4452713.02,10272965.2,6439606.33,CPI-U 2024 (314.69),Loss estimate based on Ponemon per-record cost methodology ($11.17/record),2026-02-12T10:00:00Z,2026-02-12T10:00:00Z,LEED.L,14.39,13.88,13.53,13.74,14.12,291526,1030229,S&P 500,0.029239,-0.029268,-0.010314,0.017625,-0.000513,-1.9471,0.5844,1,TRUE,0.028197,0.053315,,2026-02-12T10:00:00Z,2026-02-12T10:00:00Z
2024-0528-001,ddos,,,,"active_directory,cloud_infrastructure",,Multi-vector botnet activation ? volumetric UDP reflection (900 Gbps peak) ? application-layer HTTP/2 flood ? 18-hour service degradation,5757155731.58,22669,42872729127.3,TRUE,2718687.59,1678276.25,932388.19,108023.15,,863883.96,-0.016515,-0.03772,-0.012963,23,1.6625,1,99.56,Gold,1,Delta Reserve Investments Inc.,US,52,,DRI,2024-05-28,FALSE,2024-05-30,2024-07-21,Medusa,confirmed,https://www.sec.gov/cgi-bin/browse-edgar?action=getcompany&CIK=0001634594&type=8-K&dateb=20240707&owner=include&count=10,https://www.bfdi.bund.de/decisions/2024/01/INQ-2024-00372,sec_filing,,,2026-02-12T10:00:00Z,2026-02-12T10:00:00Z,disclosed,,,,estimated,1856521.24,3852725.64,2777520.93,CPI-U 2024 (314.69),,2026-02-12T10:00:00Z,2026-02-12T10:00:00Z,DRI,32.77,32.66,32.12,31.43,32.24,162904,270829,S&P 500 Financials,0.024671,-0.019055,-0.03772,-0.012963,-0.005297,-1.5855,-0.9497,1,FALSE,0.020767,0.030141,,2026-02-12T10:00:00Z,2026-02-12T10:00:00Z
2024-0530-001,phishing,,3533,IP,"VPN,SCADA,ERP,file_servers",,Spear-phishing campaign targeting finance team ? credential harvesting through cloned SSO portal ? email account compromise ? BEC wire transfer or data exfiltration,3103118872.18,31093,13716760261.86,TRUE,575015025.7,370057937.69,135276786.51,69680301.5,,361493808.08,-0.035171,-0.025563,-0.02957,165,2.5894,0.6304,93.92,Gold,1,Polaris Mantis Genomics Holdings PLC,GB,62,31-33,PMG.L,2024-05-30,FALSE,2024-07-02,2024-08-10,Conti,suspected,https://www.sec.gov/cgi-bin/browse-edgar?action=getcompany&CIK=0001189383&type=8-K&dateb=20241014&owner=include&count=10,https://www.bfdi.bund.de/decisions/2024/10/INQ-2024-00272,sec_filing,,Employee count approximate; sourced from LinkedIn company page,2026-02-12T10:00:00Z,2026-02-12T10:00:00Z,disclosed,,,,estimated,411217775.66,832044901.58,587458548.93,CPI-U 2024 (314.69),,2026-02-12T10:00:00Z,2026-02-12T10:00:00Z,PMG.L,24.98,24.69,23.82,24.06,23.96,62638794,162194145,S&P 500 Health Care,0.010428,-0.03125,-0.025563,-0.02957,0.005933,-2.7392,-2.0223,0.98885,FALSE,0.034335,0.065013,,2026-02-12T10:00:00Z,2026-02-12T10:00:00Z
2024-0607-002,data_breach,,,,"CRM,payment_systems,SCADA,cloud_infrastructure",,,1055613343.53,4905,3990042715.98,TRUE,11220257.29,5748786.83,4899391.21,572079.25,,5251387.64,-0.014813,-0.026702,-0.047884,363,1.7215,1,79.35,Silver,1,Quinn Group Co.,US,71,92,QUIN,2024-06-07,FALSE,2024-06-17,2024-07-24,NoName057,unknown,https://www.sec.gov/cgi-bin/browse-edgar?action=getcompany&CIK=0001534705&type=8-K&dateb=20241226&owner=include&count=10,https://www.mandiant.com/resources/blog/quinn-group-co-incident-response-2024,sec_filing,,,2026-02-12T10:00:00Z,2026-02-12T10:00:00Z,calculated,,,,disclosed,7099994.99,13841756.64,11463067.52,CPI-U 2024 (314.69),,2026-02-12T10:00:00Z,2026-02-12T10:00:00Z,QUIN,12.21,10.79,10.63,10.5,10.27,1001130,1723429,S&P 500 Communication Services,0.012163,-0.017531,-0.026702,-0.047884,-0.032419,-0.9252,-1.499,1,FALSE,0.021367,0.041989,,2026-02-12T10:00:00Z,2026-02-12T10:00:00Z
2024-0610-001,ddos,137.46,,,"email,file_servers,website,manufacturing_OT,VPN",supply_chain,Multi-vector botnet activation ? volumetric UDP reflection (900 Gbps peak) ? application-layer HTTP/2 flood ? 18-hour service degradation,6291242975.46,49073,20251297643.32,TRUE,4201667.58,2400000,1554459.48,247208.1,,691834.16,-0.021761,-0.01281,0.001512,8,3.6269,1,96.71,Gold,3,Redwood Ivory Associates Inc.,DK,54,23,RIA.CO,2024-06-10,FALSE,2024-09-13,2024-10-18,,,https://www.mandiant.com/resources/blog/redwood-ivory-associ-incident-response-2024,https://www.bleepingcomputer.com/news/security/redwood-ivory-associates--hit-by-cyberattack-2024/,cybersecurity_firm,,,2026-02-12T10:00:00Z,2026-02-12T10:00:00Z,estimated,,,,calculated,2629571.39,7022699.28,4292593.11,CPI-U 2024 (314.69),,2026-02-12T10:00:00Z,2026-02-12T10:00:00Z,RIA.CO,85.74,84.27,82.44,83.19,84.4,2785425,10102489,S&P 500,-0.006676,-0.027763,-0.01281,0.001512,-0.010728,-1.3217,0.1656,1,FALSE,0.02007,0.024726,,2026-02-12T10:00:00Z,2026-02-12T10:00:00Z
2024-0611-001,supply_chain,,,,manufacturing_OT,,Compromised third-party software update ? trojanized DLL sideloaded ? C2 beacon established ? persistent access across customer environments,52582685195.12,245348,127167190920.99,TRUE,2633462456.61,1065993039.77,1238193046.89,329276369.95,,517228560.71,-0.057821,-0.079847,-0.020961,106,3.7225,0.59115,71.63,Silver,1,Johansson Fabrication Co.,US,31-33,,JOHA,2024-06-11,FALSE,2024-07-11,2024-07-19,Sandworm,suspected,https://www.sec.gov/cgi-bin/browse-edgar?action=getcompany&CIK=0001025833&type=8-K&dateb=20241218&owner=include&count=10,https://www.edpb.europa.eu/decisions/2024/12/INQ-2024-00389,sec_filing,,,2026-02-12T10:00:00Z,2026-02-12T10:00:00Z,disclosed,,,,disclosed,1930905260.4,3165899115.36,2690451491.31,CPI-U 2024 (314.69),,2026-02-12T10:00:00Z,2026-02-12T10:00:00Z,JOHA,279.75,257.85,242.94,237.26,252.45,16626234,61890890,S&P 500 Industrials,-0.010953,-0.056363,-0.079847,-0.020961,-0.031091,-2.8177,-1.0399,1,FALSE,0.015885,0.019239,Cross-listed on multiple exchanges; primary exchange data used for return calculation,2026-02-12T10:00:00Z,2026-02-12T10:00:00Z
2024-0623-001,malware,10.64,64102,IP,"VPN,customer_database,website,email,payment_systems",,Trojanized installer via SEO-poisoned download ? fileless PowerShell execution ? registry run-key persistence ? credential dumping via LSASS ? data staged for exfil,12182824266.71,37418,71740032643.89,TRUE,86331245.78,46147362.4,28494583.48,11689299.9,,16414999.42,-0.012017,-0.02351,-0.0123,48,1.6374,1,81.45,Silver,1,Azure Atlas Security Holdings Inc.,US,51,,AAS,2024-06-23,FALSE,2024-07-10,2024-07-18,Scattered_Spider,suspected,https://www.bfdi.bund.de/decisions/2024/02/INQ-2024-00378,,gdpr_notification,,,2026-02-12T10:00:00Z,2026-02-12T10:00:00Z,calculated,,,,calculated,61540359.98,127279848.76,88199483.68,CPI-U 2024 (314.69),,2026-02-12T10:00:00Z,2026-02-12T10:00:00Z,AAS,104.53,101.34,100.12,98.96,100.09,2490315,4077542,S&P 500 Information Technology,0.021068,-0.013592,-0.02351,-0.0123,-0.005556,-0.703,-0.4922,1,FALSE,0.021724,0.036137,Cross-listed on multiple exchanges; primary exchange data used for return calculation,2026-02-12T10:00:00Z,2026-02-12T10:00:00Z
2024-0623-002,malware,144.45,4199,mixed,"email,backup_systems",,Trojanized installer via SEO-poisoned download ? fileless PowerShell execution ? registry run-key persistence ? credential dumping via LSASS ? data staged for exfil,2466376875.88,23342,15879122070.82,TRUE,161412130.79,71617626.92,67042072.51,22752431.36,,78119044.33,-0.027715,-0.037829,-0.005336,32,1.5885,0.9283,94.3,Gold,1,WingPort Rail Holdings Inc.,US,48-49,62,WING,2024-06-23,FALSE,2024-06-30,2024-08-03,Medusa,unknown,https://www.sec.gov/cgi-bin/browse-edgar?action=getcompany&CIK=0001865917&type=8-K&dateb=20240517&owner=include&count=10,https://therecord.media/2024/05/15/wingport-rail-holdings-in-breached,sec_filing,,Multiple subsidiaries affected across 7 jurisdictions,2026-02-12T10:00:00Z,2026-02-12T10:00:00Z,estimated,,,,estimated,132848580.16,277348140.65,164905144.9,CPI-U 2024 (314.69),,2026-02-12T10:00:00Z,2026-02-12T10:00:00Z,WING,35.16,35.95,34.95,34.59,35.76,1547785,2458666,S&P 500 Industrials,0.02137,-0.024949,-0.037829,-0.005336,-0.017848,-2.1434,-0.1606,1,FALSE,0.039352,0.048808,,2026-02-12T10:00:00Z,2026-02-12T10:00:00Z
2024-0627-002,ransomware,7.14,8332,mixed,"VPN,SSO,payment_systems,SCADA",,Phishing email with weaponized attachment ? credential theft via Mimikatz ? lateral movement via RDP/SMB ? Active Directory compromise ? ransomware deployment across domain-joined hosts,33697665175.65,67893,61231327315.71,TRUE,4197707.13,839525.03,687522.61,214372.86,,,-0.047184,-0.034497,0.002042,18,2.407,0.6138,62.77,Bronze,1,Tanaka Microsystems Group Inc.,US,51,,TAN1,2024-06-27,FALSE,2024-07-03,2024-07-19,REvil,suspected,https://www.sec.gov/cgi-bin/browse-edgar?action=getcompany&CIK=0001973550&type=8-K&dateb=20240416&owner=include&count=10,,sec_filing,,,2026-02-12T10:00:00Z,2026-02-12T10:00:00Z,calculated,4776027.73,2456286.63,court filing,calculated,2574782.29,6348311.24,4288546.96,CPI-U 2024 (314.69),Direct costs confirmed via SEC 8-K filing on 2024-05-23,2026-02-12T10:00:00Z,2026-02-12T10:00:00Z,TAN1,517.17,503.49,479.73,486.12,504.52,134036,322628,S&P 500 Information Technology,0.005098,-0.043443,-0.034497,0.002042,0.015234,-2.7724,0.4084,1,FALSE,0.039505,0.071727,Thinly traded stock (avg volume < 100K); abnormal returns subject to higher noise,2026-02-12T10:00:00Z,2026-02-12T10:00:00Z
2024-0628-001,apt,,5430,PII,"file_servers,SSO,HR_systems,VPN,website",malware,Zero-day exploit in edge device ? fileless implant in memory ? scheduled task persistence ? low-and-slow data staging ? encrypted exfiltration over DNS tunneling,5993346466.35,13309,19202079203.94,TRUE,18463686.34,8800000,6657625.16,3006061.18,,3221497.19,-0.031717,-0.040074,-0.04441,274,1.7241,0.0002,70.02,Silver,1,Detroit Labs Holdings Inc.,US,51,,DETR,2024-06-28,FALSE,2024-08-01,2024-09-17,,,https://www.sec.gov/cgi-bin/browse-edgar?action=getcompany&CIK=0001854255&type=8-K&dateb=20241225&owner=include&count=10,https://www.detroit-labs-holdings-inc.com/newsroom/2024/09/security-update,sec_filing,,,2026-02-12T10:00:00Z,2026-02-12T10:00:00Z,estimated,,,,disclosed,15583919.83,21780043,18863246.87,CPI-U 2024 (314.69),,2026-02-12T10:00:00Z,2026-02-12T10:00:00Z,DETR,37.23,34.82,33.72,33.42,33.27,1823152,3143298,S&P 500 Information Technology,-0.015011,-0.038997,-0.040074,-0.04441,-0.020361,-4.0609,-1.7764,1,FALSE,0.035786,0.064465,,2026-02-12T10:00:00Z,2026-02-12T10:00:00Z
2024-0628-002,apt,,1339119,health,"HR_systems,website,backup_systems,manufacturing_OT",,,366640559.44,2283,2555791907.67,TRUE,25814745.97,12184207.09,10250649.96,3379888.92,,,-0.062864,-0.077435,-0.046366,124,2.1989,0.0002,84.3,Silver,1,StructDynamic Defense Corp.,NO,31-33,,STRU.OL,2024-06-28,FALSE,2024-07-28,2024-08-30,Akira,suspected,https://www.sec.gov/cgi-bin/browse-edgar?action=getcompany&CIK=0001694799&type=8-K&dateb=20240703&owner=include&count=10,,sec_filing,,,2026-02-12T10:00:00Z,2026-02-12T10:00:00Z,estimated,,,,disclosed,21027926.1,45375717.57,26373385.97,CPI-U 2024 (314.69),,2026-02-12T10:00:00Z,2026-02-12T10:00:00Z,STRU.OL,10.88,10.42,9.76,9.61,9.94,1107646,2435610,S&P 500 Industrials,-0.006258,-0.074909,-0.077435,-0.046366,-0.014127,-4.3338,-1.775,1,FALSE,0.02729,0.0343,,2026-02-12T10:00:00Z,2026-02-12T10:00:00Z
2024-0629-001,trojan,,,,"manufacturing_OT,backup_systems,SSO",,Drive-by download from compromised ad network ? remote access trojan deployment ? keylogger activation ? credential theft ? lateral movement to file servers,116374357.95,655,691713135.04,TRUE,3127380.03,1370720.75,1530482.09,226177.19,,,-0.019547,0.006136,0.016858,,1.9995,1,58.94,Bronze,2,Nexus Summit Industries Corp.,US,31-33,,NSI,2024-06-29,FALSE,2024-08-31,2024-11-03,,,https://www.nexus-summit-industries-c.com/newsroom/2024/08/security-update,,company_pr,low_quality_score,,2026-02-12T10:00:00Z,2026-02-12T10:00:00Z,disclosed,,,,estimated,2197214.18,4890193.36,3195057.61,CPI-U 2024 (314.69),Customer notification costs include credit monitoring for 10K affected individuals,2026-02-12T10:00:00Z,2026-02-12T10:00:00Z,NSI,11.33,10.56,10.35,10.62,10.74,937190,1873876,S&P 500 Industrials,-0.008034,-0.016934,0.006136,0.016858,-0.012942,-1.9349,1.064,1,FALSE,0.02331,0.030715,,2026-02-12T10:00:00Z,2026-02-12T10:00:00Z
2024-0707-001,data_breach,,2287272,PII,"customer_database,email,SCADA,website",backdoor,,13828316574.01,112233,60165783076.41,TRUE,15340919.55,7297948.71,4432321.03,553870.46,3056779.35,2384871.5,-0.062049,-0.09619,-0.031242,126,3.0965,0.57905,74.66,Silver,4,MatrixPress Components Group Inc.,US,31-33,,MATR,2024-07-07,FALSE,2024-07-19,2024-08-27,,,https://www.theregister.com/2024/08/08/matrixpress-componen_security_incident/,,verified_media,,Incident scope expanded during investigation; initial disclosure understated impact,2026-02-12T10:00:00Z,2026-02-12T10:00:00Z,estimated,,,,calculated,11250119.34,27003932.27,15672902.33,CPI-U 2024 (314.69),,2026-02-12T10:00:00Z,2026-02-12T10:00:00Z,MATR,71.55,66.66,62.52,60.25,64.58,693964,2148881,S&P 500 Industrials,-0.019669,-0.065479,-0.09619,-0.031242,-0.000289,-2.8419,-2.1962,0.9019,FALSE,0.024124,0.029821,Cross-listed on multiple exchanges; primary exchange data used for return calculation,2026-02-12T10:00:00Z,2026-02-12T10:00:00Z
2024-0708-001,apt,774.73,1652,credentials,"manufacturing_OT,file_servers,CRM,website,customer_database",,,330316664.42,1036,1812791004.94,TRUE,36505993.15,18700660.47,15544249.55,2261083.13,,,-0.037471,-0.032943,-0.024227,39,1.6473,0.45095,76.23,Silver,4,CapitalBond Advisory SE,DE,52,,CAPI.DE,2024-07-08,FALSE,2024-07-12,2024-08-30,,,https://therecord.media/2024/10/05/capitalbond-advisory-se-breached,https://blog.talosintelligence.com/2024/02/capitalbond-advisory-campaign.html,verified_media,,OT/ICS systems affected; physical operations suspended for 10 days,2026-02-12T10:00:00Z,2026-02-12T10:00:00Z,estimated,,,,estimated,26890122.88,57578254.9,37295995.42,CPI-U 2024 (314.69),,2026-02-12T10:00:00Z,2026-02-12T10:00:00Z,CAPI.DE,13.86,13.87,13.35,13.41,13.53,506954,835118,S&P 500 Financials,0.004855,-0.042926,-0.032943,-0.024227,-0.009481,-3.0981,-0.932,1,FALSE,0.034436,0.067599,Thinly traded stock (avg volume < 100K); abnormal returns subject to higher noise,2026-02-12T10:00:00Z,2026-02-12T10:00:00Z
2024-0716-001,ddos,10.31,,,VPN,,Multi-vector botnet activation ? volumetric UDP reflection (900 Gbps peak) ? application-layer HTTP/2 flood ? 18-hour service degradation,43309433451.22,159649,333086389120.07,TRUE,234615401.15,134797212.89,63488263.26,36329925,,105470722.73,-0.029019,-0.052502,-0.018654,7,2.3264,0.8469,96.68,Gold,4,Raptor Ridge Analytics SA,FR,51,,RRA.PA,2024-07-16,FALSE,2024-07-21,2024-07-29,Play,unknown,https://therecord.media/2024/09/15/raptor-ridge-analytics-sa-breached,,verified_media,,,2026-02-12T10:00:00Z,2026-02-12T10:00:00Z,estimated,,,,calculated,194208806.76,346771537.6,239692559.25,CPI-U 2024 (314.69),Customer notification costs include credit monitoring for 2K affected individuals,2026-02-12T10:00:00Z,2026-02-12T10:00:00Z,RRA.PA,239.19,242.18,235.15,229.47,237.66,525262,1221965,S&P 500 Information Technology,0.020759,-0.03587,-0.052502,-0.018654,0.000615,-2.3062,-1.0685,1,FALSE,0.023941,0.029506,Thinly traded stock (avg volume < 100K); abnormal returns subject to higher noise,2026-02-12T10:00:00Z,2026-02-12T10:00:00Z
2024-0717-001,ransomware,267.6,7154,mixed,"active_directory,payment_systems,VPN,customer_database",,Phishing email with weaponized attachment ? credential theft via Mimikatz ? lateral movement via RDP/SMB ? Active Directory compromise ? ransomware deployment across domain-joined hosts,8704124541.26,21925,30419361901.04,TRUE,18739174.43,10800000,6558079.07,1381095.36,,,-0.078088,-0.029426,-0.025105,125,3.9873,0.31925,74.78,Silver,2,Newcastle Advisory Group Ltd.,AU,52,,NEW1.AX,2024-07-17,FALSE,2024-08-19,2024-10-06,APT28,suspected,https://www.newcastle-advisory-group-.com/newsroom/2024/02/security-update,,company_pr,,,2026-02-12T10:00:00Z,2026-02-12T10:00:00Z,disclosed,803538.12,,,estimated,11457198.94,29728581.29,19144696.62,CPI-U 2024 (314.69),Cyber insurance policy sublimit of $18.6M applied; excess borne by company,2026-02-12T10:00:00Z,2026-02-12T10:00:00Z,NEW1.AX,55.03,53.82,49.62,52.24,52.47,4248483,16939848,S&P 500 Financials,0.020275,-0.091856,-0.029426,-0.025105,-0.007081,-3.3615,-1.1448,1,FALSE,0.016848,0.018775,,2026-02-12T10:00:00Z,2026-02-12T10:00:00Z
2024-0718-001,phishing,,1134910,financial,SCADA,,Spear-phishing campaign targeting finance team ? credential harvesting through cloned SSO portal ? email account compromise ? BEC wire transfer or data exfiltration,8402494685.27,18988,63509722451.51,TRUE,9809309.29,6655022.88,2808024.17,346262.24,,,-0.009839,-0.012,-0.010211,16,3.9194,1,84.79,Silver,3,Vertex Vista Technologies Pvt. Ltd.,IN,51,,VVT.NS,2024-07-18,FALSE,2024-07-25,2024-08-01,Play,probable,https://blog.talosintelligence.com/2024/06/vertex-vista-technol-campaign.html,https://www.bleepingcomputer.com/news/security/vertex-vista-technologies-hit-by-cyberattack-2024/,cybersecurity_firm,,Company undergoing M&A at time of incident; financial attribution complex,2026-02-12T10:00:00Z,2026-02-12T10:00:00Z,estimated,,,,estimated,6817200.09,16778126.12,10021586.12,CPI-U 2024 (314.69),,2026-02-12T10:00:00Z,2026-02-12T10:00:00Z,VVT.NS,97.63,91.89,90.99,90.79,90.95,6239618,24455606,S&P 500 Information Technology,-0.004043,-0.011718,-0.012,-0.010211,-0.014181,-0.6125,-0.8124,1,FALSE,0.015994,0.031949,,2026-02-12T10:00:00Z,2026-02-12T10:00:00Z
2024-0718-002,ransomware,133.52,72588,IP,"cloud_infrastructure,ERP,VPN",,,117666689.77,615,452899355.22,TRUE,34087212.1,14400000,16361114.38,2561628.86,,5847397.77,-0.076351,-0.102662,-0.034793,220,1.7422,0.0002,54.92,Bronze,1,Forge Jasper Pharmaceuticals PLC,GB,62,31-33,FJP.L,2024-07-18,FALSE,2024-07-19,2024-09-04,Rhysida,suspected,https://www.sec.gov/cgi-bin/browse-edgar?action=getcompany&CIK=0001120607&type=8-K&dateb=20240525&owner=include&count=10,,sec_filing,low_quality_score,,2026-02-12T10:00:00Z,2026-02-12T10:00:00Z,disclosed,3398573.15,764468.86,blockchain analysis,estimated,23923233.69,45990121.1,34824871.11,CPI-U 2024 (314.69),Ransom negotiated down 38% from initial demand via third-party negotiator,2026-02-12T10:00:00Z,2026-02-12T10:00:00Z,FJP.L,7.83,7.58,7,6.8,7.32,726044,1264926,S&P 500 Health Care,-0.014962,-0.061602,-0.102662,-0.034793,-0.009397,-6.951,-1.1053,1,FALSE,0.033364,0.052581,Post-incident volatility spike consistent with uncertainty resolution over 14 trading days,2026-02-12T10:00:00Z,2026-02-12T10:00:00Z
2024-0718-003,phishing,,43042,IP,"email,file_servers,backup_systems,customer_database",,,805767599.21,2954,3186086076.17,TRUE,95713007.19,40000000,44016931.16,10462800.79,1233275.24,,-0.027932,0.002243,-0.002609,,1.9679,0.0002,97.51,Gold,1,EquityFiduciary Bancorp SA,FR,52,,EQUI.PA,2024-07-18,FALSE,2024-07-19,2024-08-12,,,https://www.bfdi.bund.de/decisions/2024/11/INQ-2024-00364,,gdpr_notification,,,2026-02-12T10:00:00Z,2026-02-12T10:00:00Z,estimated,,,,disclosed,64314392.07,155855577.59,97784269.64,CPI-U 2024 (314.69),,2026-02-12T10:00:00Z,2026-02-12T10:00:00Z,EQUI.PA,10.14,10.19,9.91,10.21,10.16,2540761,4999992,S&P 500 Financials,0.022637,-0.030136,0.002243,-0.002609,-0.006043,-5.5864,-0.2741,1,TRUE,0.022465,0.033517,Elevated options activity detected 10 days before public disclosure,2026-02-12T10:00:00Z,2026-02-12T10:00:00Z
2024-0722-002,phishing,,19956,IP,"cloud_infrastructure,active_directory,manufacturing_OT,email,file_servers",,Spear-phishing campaign targeting finance team ? credential harvesting through cloned SSO portal ? email account compromise ? BEC wire transfer or data exfiltration,19179621224.81,133718,105670270726.19,TRUE,6305724.43,2315633.8,1444706.87,455394.1,2089989.66,,-0.01633,0.007784,0.015806,,2.0957,1,63.81,Bronze,3,Kestrel Pulse Pharmaceuticals Group Inc.,AT,62,,KPP.VI,2024-07-22,FALSE,2024-08-10,2024-10-15,Lazarus_Group,probable,https://www.crowdstrike.com/blog/kestrel-pulse-pharma-intrusion-analysis-2024/,,cybersecurity_firm,,,2026-02-12T10:00:00Z,2026-02-12T10:00:00Z,disclosed,,,,estimated,4884734.09,8123386.89,6442182.48,CPI-U 2024 (314.69),"Loss methodology: Monte Carlo simulation with 10,000 iterations (95th percentile)",2026-02-12T10:00:00Z,2026-02-12T10:00:00Z,KPP.VI,203.21,196.47,193.26,198,199.58,1811238,3795895,S&P 500 Health Care,0.023373,-0.014553,0.007784,0.015806,0.001161,-0.97,0.7965,1,FALSE,0.016839,0.030622,,2026-02-12T10:00:00Z,2026-02-12T10:00:00Z
2024-0723-001,apt,28.66,5959,credentials,"HR_systems,active_directory,ERP,SSO",,Zero-day exploit in edge device ? fileless implant in memory ? scheduled task persistence ? low-and-slow data staging ? encrypted exfiltration over DNS tunneling,2708171029.81,7140,10904254595.71,TRUE,22297950.87,15386002.25,5548783.02,1363165.6,,,-0.055724,-0.04902,-0.034598,122,2.5621,0.113,54.36,Bronze,1,Campbell Wholesale Group Inc.,AR,42,51,CAMP.BA,2024-07-23,FALSE,2024-08-10,2024-08-25,,,https://www.campbell-wholesale-group-.com/newsroom/2024/07/security-update,https://blog.talosintelligence.com/2024/06/campbell-wholesale-g-campaign.html,company_pr,low_quality_score,,2026-02-12T10:00:00Z,2026-02-12T10:00:00Z,estimated,,,,calculated,15773886.1,33867920.73,22780486.21,CPI-U 2024 (314.69),,2026-02-12T10:00:00Z,2026-02-12T10:00:00Z,CAMP.BA,35.41,33.37,31.51,31.73,32.22,2359193,6044591,S&P 500,0.02952,-0.050833,-0.04902,-0.034598,-0.019009,-3.774,-1.0837,1,FALSE,0.036252,0.072153,,2026-02-12T10:00:00Z,2026-02-12T10:00:00Z
2024-0729-001,trojan,,217990,credentials,"CRM,backup_systems,customer_database,VPN,HR_systems",,,122697877.89,523,252550409.56,TRUE,1599775.47,1133957.31,391864.72,73953.44,,,-0.02961,-0.052561,0.006789,22,2.4984,1,91.67,Gold,1,Jensen Financial Corp.,PT,52,,JENS.LS,2024-07-29,FALSE,2024-08-10,2024-08-19,Hive,confirmed,https://www.bfdi.bund.de/decisions/2024/05/INQ-2024-00529,,gdpr_notification,,,2026-02-12T10:00:00Z,2026-02-12T10:00:00Z,estimated,,,,disclosed,1170031.58,2864291.84,1634395.16,CPI-U 2024 (314.69),,2026-02-12T10:00:00Z,2026-02-12T10:00:00Z,JENS.LS,5.89,5.67,5.5,5.37,5.71,2346602,5862750,S&P 500 Financials,-0.011727,-0.029358,-0.052561,0.006789,0.006529,-1.6887,0.7447,1,FALSE,0.031958,0.061251,Low pre-incident trading volume reduces baseline reliability; interpret with caution,2026-02-12T10:00:00Z,2026-02-12T10:00:00Z
2024-0804-001,ransomware,73.14,205972,health,VPN,,Phishing email with weaponized attachment ? credential theft via Mimikatz ? lateral movement via RDP/SMB ? Active Directory compromise ? ransomware deployment across domain-joined hosts,33628326754.3,190869,123633377577.39,TRUE,21895179.94,12318405.7,8892611.8,684162.44,,9018197.4,-0.056092,-0.06,-0.021545,62,3.2997,0.2687,96.82,Gold,2,AuraCure Genomics Co.,US,62,,AURA,2024-08-04,FALSE,2024-08-12,2024-08-14,,,https://www.auracure-genomics-co.com/newsroom/2024/11/security-update,https://www.crowdstrike.com/blog/auracure-genomics-co-intrusion-analysis-2024/,company_pr,,Revenue estimated from Dun & Bradstreet industry median,2026-02-12T10:00:00Z,2026-02-12T10:00:00Z,calculated,4538121.13,,,estimated,17020482.65,29514568.64,22368999.18,CPI-U 2024 (314.69),,2026-02-12T10:00:00Z,2026-02-12T10:00:00Z,AURA,282.48,261.56,246.89,245.87,255.92,19885894,65617196,S&P 500 Health Care,-0.019357,-0.054115,-0.06,-0.021545,-0.019988,-3.4626,-0.9669,1,FALSE,0.037554,0.074019,Stock halted for 8 hours on disclosure day per exchange circuit breaker,2026-02-12T10:00:00Z,2026-02-12T10:00:00Z
2024-0806-001,data_breach,,6943,mixed,email,,Misconfigured cloud storage bucket discovered by automated scanner ? bulk data download over 72 hours ? data posted to dark web marketplace,6510445976.28,12617,17878175863.58,TRUE,18729115.89,9100000,6513387.18,3115728.71,,6052830.81,-0.043936,-0.04121,-0.026903,265,1.7585,0.6634,71.09,Silver,1,Orlando Systems Holdings Inc.,ZA,51,,ORLA.JO,2024-08-06,FALSE,2024-09-08,2024-09-30,,,https://www.edpb.europa.eu/decisions/2024/04/INQ-2024-00532,,gdpr_notification,,,2026-02-12T10:00:00Z,2026-02-12T10:00:00Z,disclosed,,,,calculated,15382984.86,26856881.81,19134420.41,CPI-U 2024 (314.69),,2026-02-12T10:00:00Z,2026-02-12T10:00:00Z,ORLA.JO,44.57,46.96,44.9,45.02,45.7,194428,341900,S&P 500 Information Technology,-0.004047,-0.04726,-0.04121,-0.026903,-0.022592,-2.6732,-1.1772,1,FALSE,0.030119,0.037642,,2026-02-12T10:00:00Z,2026-02-12T10:00:00Z
2024-0814-001,ransomware,23.26,64082,financial,"manufacturing_OT,file_servers,SCADA,website",,,1578673858.68,16533,3087640102.01,TRUE,7901304.56,4926219.66,2305462.04,397235.01,,2041248.3,-0.034005,-0.049124,-0.040197,51,3.2469,0.0002,82.35,Silver,1,Incheon Health Corp.,KR,62,,INCH.KS,2024-08-14,FALSE,2024-08-30,2024-10-21,Akira,probable,https://www.sec.gov/cgi-bin/browse-edgar?action=getcompany&CIK=0001536350&type=8-K&dateb=20240402&owner=include&count=10,,sec_filing,,,2026-02-12T10:00:00Z,2026-02-12T10:00:00Z,calculated,657172.09,272387.85,FBI disclosure,estimated,5633380.1,9112739.49,8072291.51,CPI-U 2024 (314.69),"Loss methodology: Monte Carlo simulation with 10,000 iterations (95th percentile)",2026-02-12T10:00:00Z,2026-02-12T10:00:00Z,INCH.KS,15.51,14.82,14.32,14.09,14.22,2192619,7119173,S&P 500 Health Care,-0.003099,-0.04385,-0.049124,-0.040197,-0.031219,-6.801,-2.0416,0.9792,FALSE,0.026891,0.045041,,2026-02-12T10:00:00Z,2026-02-12T10:00:00Z
2024-0823-001,ransomware,,125669,health,"manufacturing_OT,backup_systems,website",,Phishing email with weaponized attachment ? credential theft via Mimikatz ? lateral movement via RDP/SMB ? Active Directory compromise ? ransomware deployment across domain-joined hosts,33549773898.69,137859,105991318493.19,TRUE,347784138.44,209386618.76,79575480.76,52062828.12,6759210.8,52307548.54,-0.010393,0.000632,-0.01352,,3.5838,1,66.12,Bronze,4,Citadel Care Labs Group Inc.,DK,62,,CCL.CO,2024-08-23,FALSE,2024-09-04,2024-12-06,,,https://krebsonsecurity.com/2024/03/citadel-care-labs-gr-breach-exposes-data/,,verified_media,,,2026-02-12T10:00:00Z,2026-02-12T10:00:00Z,disclosed,30292768.21,,,calculated,233405783.51,439401013.52,355310307,CPI-U 2024 (314.69),,2026-02-12T10:00:00Z,2026-02-12T10:00:00Z,CCL.CO,186.32,183.36,181.45,183.48,180.88,300960,1078576,S&P 500 Health Care,0.006423,-0.011886,0.000632,-0.01352,-0.020953,-0.5771,-1.2896,1,FALSE,0.010241,0.012128,CEO resignation announced 7 days post-disclosure; confounding event flagged,2026-02-12T10:00:00Z,2026-02-12T10:00:00Z
2024-0831-001,apt,59.68,2495,health,"payment_systems,file_servers,manufacturing_OT,website,active_directory",,Zero-day exploit in edge device ? fileless implant in memory ? scheduled task persistence ? low-and-slow data staging ? encrypted exfiltration over DNS tunneling,937253476.98,2650,3692401604.13,TRUE,84913571.12,47552154.13,20916536.1,16444880.89,,26869477.73,-0.067117,-0.078109,0.004261,38,1.7251,0.36635,57.51,Bronze,1,Trident Wave Robotics Co.,US,51,,TWR,2024-08-31,FALSE,2024-10-02,2024-10-17,Akira,probable,https://www.sec.gov/cgi-bin/browse-edgar?action=getcompany&CIK=0001199343&type=8-K&dateb=20241006&owner=include&count=10,,sec_filing,low_quality_score,,2026-02-12T10:00:00Z,2026-02-12T10:00:00Z,estimated,,,,calculated,71319001.51,128304773.31,86751130.05,CPI-U 2024 (314.69),,2026-02-12T10:00:00Z,2026-02-12T10:00:00Z,TWR,12.8,11.79,11,10.87,11.84,446639,770482,S&P 500 Information Technology,0.005396,-0.058954,-0.078109,0.004261,0.01598,-3.2673,0.2606,1,FALSE,0.019571,0.023644,,2026-02-12T10:00:00Z,2026-02-12T10:00:00Z
2024-0910-001,malware,26.51,,,"email,HR_systems",,Trojanized installer via SEO-poisoned download ? fileless PowerShell execution ? registry run-key persistence ? credential dumping via LSASS ? data staged for exfil,153166417.74,699,351189086.44,TRUE,29720358.89,12309876.16,14139316.16,3271166.57,,8420855.48,-0.009689,-0.021175,-0.03132,71,3.0653,1,76.83,Silver,2,Thompson Bank Group Inc.,PH,52,51,THOM.PH,2024-09-10,FALSE,2024-09-14,2024-09-30,,,https://www.thompson-bank-group-inc.com/newsroom/2024/01/security-update,,company_pr,,Company undergoing M&A at time of incident; financial attribution complex,2026-02-12T10:00:00Z,2026-02-12T10:00:00Z,estimated,,,,disclosed,24618542.4,51927544.04,30363517.69,CPI-U 2024 (314.69),,2026-02-12T10:00:00Z,2026-02-12T10:00:00Z,THOM.PH,9.7,10.1,10,9.89,9.78,1720683,5274437,S&P 500 Financials,0.020073,-0.011972,-0.021175,-0.03132,-0.004562,-0.6238,-1.9199,1,FALSE,0.031124,0.039825,,2026-02-12T10:00:00Z,2026-02-12T10:00:00Z
2024-0920-001,supply_chain,203.17,,,"ERP,payment_systems",,,208580343.2,1344,1177341674.31,TRUE,67341034.05,35492525.87,27083890.26,4764617.92,,30371489.08,-0.027637,-0.032172,-0.004185,57,1.8672,0.0002,93.17,Gold,2,Obsidian Bravo Components Corp.,CA,31-33,,OBC.TO,2024-09-20,FALSE,2024-09-22,2024-10-08,DarkSide,confirmed,https://www.obsidian-bravo-components.com/newsroom/2024/08/security-update,https://unit42.paloaltonetworks.com/threat-brief-obsidian-bravo-compo-2024/,company_pr,,OT/ICS systems affected; physical operations suspended for 21 days,2026-02-12T10:00:00Z,2026-02-12T10:00:00Z,disclosed,,,,estimated,54158270.32,106380063.69,68798317.22,CPI-U 2024 (314.69),,2026-02-12T10:00:00Z,2026-02-12T10:00:00Z,OBC.TO,11.73,11.5,11.18,11.13,11.45,1619974,3024755,S&P 500 Industrials,-0.013264,-0.024408,-0.032172,-0.004185,-0.003292,-5.5274,-0.1315,1,FALSE,0.036355,0.063809,Analyst downgrade issued 45 days after disclosure; may amplify CAR,2026-02-12T10:00:00Z,2026-02-12T10:00:00Z
2024-0922-001,ransomware,,1911,mixed,"payment_systems,SSO",,Phishing email with weaponized attachment ? credential theft via Mimikatz ? lateral movement via RDP/SMB ? Active Directory compromise ? ransomware deployment across domain-joined hosts,1079372515.16,1664,7468942147.44,TRUE,9575639.8,2861551.29,2593208.02,540097.25,,,-0.060279,-0.080805,-0.081664,260,2.7246,0.0002,66.06,Bronze,4,Lindgren Petroleum Inc.,US,21,62,LIN1,2024-09-22,FALSE,2024-09-30,2024-11-02,Lazarus_Group,probable,https://www.bleepingcomputer.com/news/security/lindgren-petroleum-inc-hit-by-cyberattack-2024/,,verified_media,,,2026-02-12T10:00:00Z,2026-02-12T10:00:00Z,disclosed,5727604.17,3580783.24,company statement,disclosed,7374472.04,11506799.92,9782859.94,CPI-U 2024 (314.69),,2026-02-12T10:00:00Z,2026-02-12T10:00:00Z,LIN1,8.18,7.72,7.25,7.1,7.09,223586,609181,S&P 500 Energy,0.003741,-0.051391,-0.080805,-0.081664,-0.037002,-4.5663,-3.2327,0.38365,FALSE,0.010135,0.016536,,2026-02-12T10:00:00Z,2026-02-12T10:00:00Z
2024-0925-001,ransomware,26.94,67180,health,"cloud_infrastructure,email",,,95802416.86,943,439998173.04,TRUE,18224653.17,9197576.85,8448882.66,578193.66,,8072697.39,-0.021185,-0.017766,-0.022105,290,1.6933,0.9112,83.86,Silver,4,Lyon Carriers SAS,FR,48-49,,LYON.PA,2024-09-25,FALSE,2024-10-06,2024-11-12,,,https://www.bleepingcomputer.com/news/security/lyon-carriers-sas-hit-by-cyberattack-2024/,,verified_media,,Concurrent with public CVE disclosure (CVE-2024-2024-37307),2026-02-12T10:00:00Z,2026-02-12T10:00:00Z,calculated,18421274.59,,,estimated,14057934.03,30757509.27,18619040.94,CPI-U 2024 (314.69),Recovery costs include $16.6M for forensic investigation by CrowdStrike,2026-02-12T10:00:00Z,2026-02-12T10:00:00Z,LYON.PA,8.63,8.41,8.23,8.26,8.22,950118,1608805,S&P 500 Industrials,-0.019607,-0.017519,-0.017766,-0.022105,-0.020311,-2.1776,-0.7817,1,FALSE,0.018608,0.035079,Company share buyback program active during post-incident window,2026-02-12T10:00:00Z,2026-02-12T10:00:00Z
2024-0928-001,apt,30.69,,,"website,manufacturing_OT",data_breach,,56223497136.58,348780,254970643901.98,TRUE,109224470.21,62026902.3,25912032.33,21285535.58,,53981232.26,-0.057712,-0.034084,-0.005191,42,1.5532,0.25125,90.34,Gold,4,Turner Stores Group PLC,GB,44-45,,TURN.L,2024-09-28,FALSE,2024-10-08,2024-11-17,,,https://therecord.media/2024/08/16/turner-stores-group-plc-breached,,verified_media,,,2026-02-12T10:00:00Z,2026-02-12T10:00:00Z,calculated,,,,estimated,87463420.17,163462689.01,111588125.37,CPI-U 2024 (314.69),,2026-02-12T10:00:00Z,2026-02-12T10:00:00Z,TURN.L,587.33,564.42,531.85,545.18,561.49,1704693,2647729,S&P 500 Consumer Discretionary,0.019209,-0.054484,-0.034084,-0.005191,0.009747,-3.4975,-0.2422,1,FALSE,0.038499,0.068777,,2026-02-12T10:00:00Z,2026-02-12T10:00:00Z
2024-0928-002,data_breach,,1086701,mixed,"backup_systems,ERP,CRM",,,1607311967.76,13438,7613324464.62,TRUE,628199540.31,313425833.71,252378504.42,62395202.18,,,-0.014464,0.00359,-0.019851,,1.9818,1,78.62,Silver,1,Glasgow Association Group PLC,GB,81,,GLAS.L,2024-09-28,FALSE,2024-10-04,2024-10-23,Play,unknown,https://www.sec.gov/cgi-bin/browse-edgar?action=getcompany&CIK=0001802391&type=8-K&dateb=20240912&owner=include&count=10,,sec_filing,,,2026-02-12T10:00:00Z,2026-02-12T10:00:00Z,disclosed,,,,disclosed,421727398.91,1040938000.66,641793994.76,CPI-U 2024 (314.69),Regulatory fine imposed under GDPR Article 83(5)(a) by ICO,2026-02-12T10:00:00Z,2026-02-12T10:00:00Z,GLAS.L,9.6,9.33,9.2,9.36,9.14,1069632,2119784,S&P 500,0.018759,-0.012539,0.00359,-0.019851,-0.034807,-0.7794,-3.4238,0.2881,FALSE,0.038822,0.053388,Post-incident volatility spike consistent with uncertainty resolution over 14 trading days,2026-02-12T10:00:00Z,2026-02-12T10:00:00Z
2024-0929-001,ransomware,113.51,112301,financial,"email,SCADA,ERP,VPN",,Phishing email with weaponized attachment ? credential theft via Mimikatz ? lateral movement via RDP/SMB ? Active Directory compromise ? ransomware deployment across domain-joined hosts,100621190908.54,952504,271737769020.02,TRUE,25905480.21,11665249.09,11769398.43,2040453.42,,13251326.76,-0.077072,-0.056858,-0.017459,21,2.6071,0.0002,64.22,Bronze,3,Sendai Distribution Corp.,JP,44-45,,SEND.T,2024-09-29,FALSE,2024-10-30,2024-12-05,,,https://www.crowdstrike.com/blog/sendai-distribution--intrusion-analysis-2024/,,cybersecurity_firm,,Multiple subsidiaries affected across 9 jurisdictions,2026-02-12T10:00:00Z,2026-02-12T10:00:00Z,disclosed,1109371.01,430379.27,FBI disclosure,disclosed,21349844.16,45474031.67,26466083.73,CPI-U 2024 (314.69),,2026-02-12T10:00:00Z,2026-02-12T10:00:00Z,SEND.T,551.28,533.4,492.29,503.07,524.09,343745,896187,S&P 500 Consumer Discretionary,0.021666,-0.0776,-0.056858,-0.017459,-0.031415,-4.9233,-0.6458,1,FALSE,0.021836,0.031419,,2026-02-12T10:00:00Z,2026-02-12T10:00:00Z
2024-1001-001,backdoor,,,,manufacturing_OT,,,16435381465.2,79862,102070534532.84,TRUE,89734577.99,47300000,39796027.64,2638550.35,,,-0.04992,-0.026169,0.021327,60,3.5293,0.42675,80.24,Silver,2,MarketWealth Securities Inc.,US,52,61,MARK,2024-10-01,FALSE,2025-01-02,2025-01-07,Volt_Typhoon,probable,https://www.marketwealth-securities-i.com/newsroom/2024/10/security-update,https://www.crowdstrike.com/blog/marketwealth-securit-intrusion-analysis-2024/,company_pr,,,2026-02-12T10:00:00Z,2026-02-12T10:00:00Z,calculated,,,,disclosed,67536392.33,127607542.51,91676465.17,CPI-U 2024 (314.69),,2026-02-12T10:00:00Z,2026-02-12T10:00:00Z,MARK,189.44,176.95,168.12,172.32,180.72,82898,292572,S&P 500 Financials,-0.0084,-0.057342,-0.026169,0.021327,0.025834,-3.1465,1.2434,1,FALSE,0.013349,0.020348,,2026-02-12T10:00:00Z,2026-02-12T10:00:00Z
2024-1004-001,ddos,,,,"SSO,HR_systems,file_servers,website",trojan,Multi-vector botnet activation ? volumetric UDP reflection (900 Gbps peak) ? application-layer HTTP/2 flood ? 18-hour service degradation,760011461.36,3539,2382905053.19,TRUE,59162259.51,35400000,15631104.11,8131155.4,,,-0.014556,-0.012045,0.016299,23,2.6733,1,82.92,Silver,2,Timber Baltic Labs Corp.,US,62,52,TBL,2024-10-04,FALSE,2025-01-02,2025-01-07,,,https://www.timber-baltic-labs-corp.com/newsroom/2024/01/security-update,https://therecord.media/2024/01/07/timber-baltic-labs-corp-breached,company_pr,,,2026-02-12T10:00:00Z,2026-02-12T10:00:00Z,calculated,,,,disclosed,41897847.34,69225411.25,60442551.19,CPI-U 2024 (314.69),Recovery includes infrastructure rebuild; company migrated to new cloud provider,2026-02-12T10:00:00Z,2026-02-12T10:00:00Z,TBL,8.44,7.85,7.74,7.76,7.98,3180539,8502599,S&P 500 Health Care,0.01026,-0.012307,-0.012045,0.016299,0.004173,-0.7026,1.8601,1,FALSE,0.018046,0.024256,Elevated options activity detected 10 days before public disclosure,2026-02-12T10:00:00Z,2026-02-12T10:00:00Z
2024-1015-001,ddos,7.74,,,"VPN,manufacturing_OT",,,5283759405.23,31919,32503460855.13,TRUE,11330023.03,6071327.54,4794974.39,463721.1,,2482740.15,-0.016486,-0.018748,-0.018477,41,3.3032,0.3514,77.08,Silver,1,Zimmer Production Group Inc.,US,31-33,,ZIM1,2024-10-15,FALSE,2024-10-18,2024-11-03,,,https://www.sec.gov/cgi-bin/browse-edgar?action=getcompany&CIK=0001083387&type=8-K&dateb=20241014&owner=include&count=10,https://www.zimmer-production-group-i.com/newsroom/2024/07/security-update,sec_filing,,Partial remediation completed within 48h; full recovery took 21 days,2026-02-12T10:00:00Z,2026-02-12T10:00:00Z,calculated,,,,estimated,7726756.85,14236245.94,11575208.63,CPI-U 2024 (314.69),,2026-02-12T10:00:00Z,2026-02-12T10:00:00Z,ZIM1,28.53,28.94,28.46,28.4,28.41,24716553,81642571,S&P 500 Industrials,0.021153,-0.017612,-0.018748,-0.018477,0.002513,-3.2972,-0.6775,1,FALSE,0.035918,0.042788,,2026-02-12T10:00:00Z,2026-02-12T10:00:00Z
2024-1020-001,ransomware,,,,"customer_database,SCADA,backup_systems,active_directory",,Phishing email with weaponized attachment ? credential theft via Mimikatz ? lateral movement via RDP/SMB ? Active Directory compromise ? ransomware deployment across domain-joined hosts,4274722396.02,20881,12033051706.99,TRUE,29017955.71,12826805.87,12575260.8,3615889.04,,4462995.37,-0.03807,-0.030984,-0.036828,347,2.4106,0.0002,73.33,Silver,1,Maple Weld Industrial Co.,US,31-33,71,MWI,2024-10-20,FALSE,2025-01-20,2025-02-07,APT41,suspected,https://www.aepd.es/decisions/2024/06/INQ-2024-00251,,gdpr_notification,,,2026-02-12T10:00:00Z,2026-02-12T10:00:00Z,estimated,9823028.54,,,calculated,19635140,45124870.87,29645914.27,CPI-U 2024 (314.69),,2026-02-12T10:00:00Z,2026-02-12T10:00:00Z,MWI,25.38,24.84,23.89,24.07,23.93,2747488,6622982,S&P 500 Industrials,-0.008199,-0.037966,-0.030984,-0.036828,-0.021576,-7.2927,-1.1616,1,FALSE,0.016498,0.020724,,2026-02-12T10:00:00Z,2026-02-12T10:00:00Z
2024-1028-001,ransomware,,,,"email,manufacturing_OT,SCADA,CRM",,Phishing email with weaponized attachment ? credential theft via Mimikatz ? lateral movement via RDP/SMB ? Active Directory compromise ? ransomware deployment across domain-joined hosts,901886399.41,1575,5184875730.59,TRUE,172156851.89,95400000,61435482.32,15321369.57,,100655676.02,-0.049472,-0.085142,0.004357,13,1.5081,0.0002,55.89,Bronze,3,VectorWire Security Ltd.,AU,51,,VECT.AX,2024-10-28,FALSE,2024-11-01,2024-12-09,,,https://unit42.paloaltonetworks.com/threat-brief-vectorwire-security--2024/,,cybersecurity_firm,low_quality_score,,2026-02-12T10:00:00Z,2026-02-12T10:00:00Z,estimated,104764.45,,,estimated,123478376.83,296536483.6,175882385.47,CPI-U 2024 (314.69),Cyber insurance policy sublimit of $1.1M applied; excess borne by company,2026-02-12T10:00:00Z,2026-02-12T10:00:00Z,VECT.AX,12.97,11.56,10.99,10.58,11.61,4474001,6747104,S&P 500 Information Technology,0.024308,-0.05564,-0.085142,0.004357,0.016878,-6.6298,0.1443,1,FALSE,0.011469,0.02162,,2026-02-12T10:00:00Z,2026-02-12T10:00:00Z
2024-1029-001,malware,53.17,45521,mixed,"active_directory,backup_systems,SSO,ERP",,Trojanized installer via SEO-poisoned download ? fileless PowerShell execution ? registry run-key persistence ? credential dumping via LSASS ? data staged for exfil,12362150212.23,100161,91215023920.57,TRUE,72967026.09,41189725.23,23984293.76,2652074.98,5140932.12,28411118.72,-0.039275,-0.045904,-0.028099,199,3.0325,0.88685,74.28,Silver,2,Vertex Thera Labs Inc.,CA,62,,VTL.TO,2024-10-29,TRUE,2024-11-03,2024-11-16,BlackBasta,suspected,https://www.vertex-thera-labs-inc.com/newsroom/2024/07/security-update,,company_pr,,,2026-02-12T10:00:00Z,2026-02-12T10:00:00Z,disclosed,,,,estimated,58806791.97,116361063.18,74546057.67,CPI-U 2024 (314.69),,2026-02-12T10:00:00Z,2026-02-12T10:00:00Z,VTL.TO,126.96,115.28,110.75,109.99,112.04,1168988,3545005,S&P 500 Health Care,0.015702,-0.032308,-0.045904,-0.028099,0.00008,-2.2263,-1.1269,1,FALSE,0.029788,0.057304,,2026-02-12T10:00:00Z,2026-02-12T10:00:00Z
2024-1030-001,ransomware,,5700,PII,ERP,,,421789088.24,937,3372997432.57,TRUE,23620609.43,9698489.62,10429201.97,2405200.28,,7643904.68,-0.059465,-0.026643,-0.030836,150,3.6174,0.1263,86.07,Gold,1,Bristol Software Holdings PLC,GB,51,,BRIS.L,2024-10-30,FALSE,2024-11-13,2025-01-20,Sandworm,probable,https://www.bristol-software-holdings.com/newsroom/2024/08/security-update,https://www.theregister.com/2024/05/17/bristol-software-hol_security_incident/,company_pr,,Partial remediation completed within 48h; full recovery took 45 days,2026-02-12T10:00:00Z,2026-02-12T10:00:00Z,disclosed,1410618.92,1087717.56,congressional testimony,disclosed,14295469.44,37802273.15,24131767.55,CPI-U 2024 (314.69),,2026-02-12T10:00:00Z,2026-02-12T10:00:00Z,BRIS.L,9.72,9.35,8.79,9.1,9.06,955411,3456096,S&P 500 Information Technology,0.01099,-0.058333,-0.026643,-0.030836,-0.03707,-3.7474,-2.1913,0.90435,FALSE,0.022538,0.032352,,2026-02-12T10:00:00Z,2026-02-12T10:00:00Z
2024-1109-001,ransomware,30.87,41089,health,CRM,,,18050798790.53,123352,52873857928.96,TRUE,211521155.73,136945106.32,65633819.91,8942229.5,,,-0.07931,-0.050949,-0.025699,134,2.1668,0.0002,93.52,Gold,3,MarketValue Commerce Ltd.,SG,44-45,,MARK.SI,2024-11-09,FALSE,2025-02-08,2025-03-29,,,https://unit42.paloaltonetworks.com/threat-brief-marketvalue-commerce-2024/,https://www.theregister.com/2024/06/08/marketvalue-commerce_security_incident/,cybersecurity_firm,,,2026-02-12T10:00:00Z,2026-02-12T10:00:00Z,calculated,2833527.09,,,estimated,158390836.86,308744591.82,216098546.4,CPI-U 2024 (314.69),Insurance claim partially denied; payout reflects negotiated settlement at 32% of claim,2026-02-12T10:00:00Z,2026-02-12T10:00:00Z,MARK.SI,132.22,124.27,114.41,117.94,121.08,2443747,5295207,S&P 500 Consumer Discretionary,-0.008476,-0.085362,-0.050949,-0.025699,-0.036766,-7.2879,-1.4529,1,FALSE,0.034171,0.062964,Stock halted for 8 hours on disclosure day per exchange circuit breaker,2026-02-12T10:00:00Z,2026-02-12T10:00:00Z
2024-1110-001,ddos,799.58,,,customer_database,trojan,Multi-vector botnet activation ? volumetric UDP reflection (900 Gbps peak) ? application-layer HTTP/2 flood ? 18-hour service degradation,22486315765.24,113755,63632967410.08,TRUE,3110705.33,1800000,869851.1,440854.23,,1170843.9,-0.004794,0.00865,0.025635,,2.7584,1,64.39,Bronze,3,Crawford Defense Corp.,MX,31-33,,CRAW.MX,2024-11-10,FALSE,2024-11-25,2024-12-06,,,https://unit42.paloaltonetworks.com/threat-brief-crawford-defense-cor-2024/,,cybersecurity_firm,,,2026-02-12T10:00:00Z,2026-02-12T10:00:00Z,estimated,,,,calculated,2395736.38,5491770.6,3178022.06,CPI-U 2024 (314.69),Regulatory fine imposed under GDPR Article 83(5)(a) by EDPS,2026-02-12T10:00:00Z,2026-02-12T10:00:00Z,CRAW.MX,263.05,259.88,258.63,262.13,266.54,3893168,10739107,S&P 500 Industrials,0.001317,-0.004479,0.00865,0.025635,0.004773,-0.2271,1.4404,1,FALSE,0.032582,0.04824,,2026-02-12T10:00:00Z,2026-02-12T10:00:00Z
2024-1111-001,data_breach,,1555,credentials,"website,customer_database",apt,Misconfigured cloud storage bucket discovered by automated scanner ? bulk data download over 72 hours ? data posted to dark web marketplace,76762678830.76,254977,436966118316.22,TRUE,53813062.65,26575137.16,25056255.86,2181669.63,,16200910.23,-0.027285,-0.051009,-0.045003,101,2.5145,1,86.69,Gold,4,Bravo Zephyr Engineering Holdings PLC,GB,31-33,,BZE.L,2024-11-11,FALSE,2024-11-20,2025-01-14,Volt_Typhoon,unknown,https://therecord.media/2024/10/09/bravo-zephyr-engineering--breached,https://www.bravo-zephyr-engineering-.com/newsroom/2024/06/security-update,verified_media,,,2026-02-12T10:00:00Z,2026-02-12T10:00:00Z,estimated,,,,disclosed,38489454.75,82541078.53,54977595.86,CPI-U 2024 (314.69),Insurance claim partially denied; payout reflects negotiated settlement at 42% of claim,2026-02-12T10:00:00Z,2026-02-12T10:00:00Z,BZE.L,342.25,334.5,325.37,317.44,319.45,980942,2466563,S&P 500 Industrials,-0.015117,-0.02999,-0.051009,-0.045003,-0.03124,-1.5964,-1.9542,1,FALSE,0.011844,0.015348,,2026-02-12T10:00:00Z,2026-02-12T10:00:00Z
2024-1113-001,phishing,,14388,financial,"customer_database,backup_systems,SCADA",,Spear-phishing campaign targeting finance team ? credential harvesting through cloned SSO portal ? email account compromise ? BEC wire transfer or data exfiltration,2449257326.29,5425,18828308151.83,TRUE,13497135.46,6458271.39,5577472.27,1461391.8,,3193263.83,0.009984,0.016927,0.026117,,2.5255,1,85.35,Gold,4,Ember Signal Microsystems S.r.l.,IT,51,,ESM.MI,2024-11-13,FALSE,2024-12-18,2025-01-04,Akira,probable,https://www.bleepingcomputer.com/news/security/ember-signal-microsystems-hit-by-cyberattack-2024/,https://www.ember-signal-microsystems.com/newsroom/2024/09/security-update,verified_media,,,2026-02-12T10:00:00Z,2026-02-12T10:00:00Z,estimated,,,,disclosed,10089676.07,16215970.29,13789218.12,CPI-U 2024 (314.69),,2026-02-12T10:00:00Z,2026-02-12T10:00:00Z,ESM.MI,18.34,17.68,17.86,17.98,18.14,9887232,24970474,S&P 500 Information Technology,-0.016227,0.012444,0.016927,0.026117,0.001726,0.6937,0.9066,1,FALSE,0.027144,0.038159,,2026-02-12T10:00:00Z,2026-02-12T10:00:00Z
2024-1127-001,data_breach,,,,"backup_systems,customer_database,CRM,SCADA,email",,Misconfigured cloud storage bucket discovered by automated scanner ? bulk data download over 72 hours ? data posted to dark web marketplace,733412842.38,8169,1711283027.9,TRUE,315126.62,130000,145267.37,39859.25,,,-0.038084,-0.03628,0.005875,23,2.6345,0.6109,70.25,Silver,3,Stuttgart Distribution SE,DE,44-45,,STUT.DE,2024-11-27,TRUE,2024-12-14,2025-01-17,,,https://unit42.paloaltonetworks.com/threat-brief-stuttgart-distributi-2024/,,cybersecurity_firm,,,2026-02-12T10:00:00Z,2026-02-12T10:00:00Z,estimated,,,,estimated,242679.73,490035.17,321946.07,CPI-U 2024 (314.69),,2026-02-12T10:00:00Z,2026-02-12T10:00:00Z,STUT.DE,5.31,5.59,5.38,5.39,5.62,1554696,4095780,S&P 500 Consumer Discretionary,-0.009339,-0.044571,-0.03628,0.005875,-0.006395,-2.7782,0.222,1,FALSE,0.015639,0.025728,,2026-02-12T10:00:00Z,2026-02-12T10:00:00Z
2024-1130-001,trojan,,2780721,PII,"active_directory,payment_systems",,,1108412106.38,10564,7634130942.76,TRUE,18735143.75,9694710.92,4770245.89,2819577.38,1450609.56,,-0.034889,-0.013519,0.001998,20,2.5082,0.0002,84.76,Silver,1,Lumen Quick Commerce Inc.,US,44-45,,LQC,2024-11-30,FALSE,2025-01-01,2025-01-20,BianLian,suspected,https://www.sec.gov/cgi-bin/browse-edgar?action=getcompany&CIK=0001863929&type=8-K&dateb=20240321&owner=include&count=10,,sec_filing,,,2026-02-12T10:00:00Z,2026-02-12T10:00:00Z,calculated,,,,estimated,15520686.3,29789066.67,19140578.71,CPI-U 2024 (314.69),Regulatory fine imposed under GDPR Article 83(5)(a) by OPC,2026-02-12T10:00:00Z,2026-02-12T10:00:00Z,LQC,14.44,14.08,13.59,13.89,14.11,5529773,13869671,S&P 500 Consumer Discretionary,0.0062,-0.035896,-0.013519,0.001998,0.001753,-6.9071,0.0871,1,FALSE,0.02731,0.043114,,2026-02-12T10:00:00Z,2026-02-12T10:00:00Z
2024-1202-001,ransomware,4,44647095,health,backup_systems,,,314057889.27,1759,1924290259.57,TRUE,9041257.41,5400000,1856058,1785199.41,,3654172.91,-0.044712,-0.014872,0.001871,17,2.5319,0.14025,71.61,Silver,1,Munich Genomics GmbH,DE,62,,MUNI.DE,2024-12-02,FALSE,2024-12-12,2024-12-25,,,https://www.ico.org.uk/decisions/2024/10/INQ-2024-00049,https://krebsonsecurity.com/2024/04/munich-genomics-gmbh-breach-exposes-data/,gdpr_notification,,,2026-02-12T10:00:00Z,2026-02-12T10:00:00Z,calculated,208735.35,,,estimated,7506870.85,11438832.38,9236913.33,CPI-U 2024 (314.69),,2026-02-12T10:00:00Z,2026-02-12T10:00:00Z,MUNI.DE,8.96,8.94,8.54,8.81,8.96,1045477,2647005,S&P 500 Health Care,-0.00632,-0.051419,-0.014872,0.001871,-0.006502,-3.7195,0.3742,1,FALSE,0.038065,0.063543,,2026-02-12T10:00:00Z,2026-02-12T10:00:00Z
2024-1202-002,data_breach,,585999,PII,"SSO,website,HR_systems",,Misconfigured cloud storage bucket discovered by automated scanner ? bulk data download over 72 hours ? data posted to dark web marketplace,2196148600.08,6144,16281300692.45,TRUE,41963468.38,23279929.86,11917568.9,6765969.62,,,-0.052048,-0.036825,-0.046916,283,3.3055,0.56875,66.06,Bronze,1,Sequoia Lynx Corp PLC,GB,22,,SEQU.L,2024-12-02,FALSE,2025-01-02,2025-01-26,Play,probable,https://www.ico.org.uk/decisions/2024/06/INQ-2024-00760,,gdpr_notification,,,2026-02-12T10:00:00Z,2026-02-12T10:00:00Z,estimated,,,,estimated,32562370.73,62455535.32,42871572.29,CPI-U 2024 (314.69),,2026-02-12T10:00:00Z,2026-02-12T10:00:00Z,SEQU.L,24.21,23.66,22.43,22.79,22.55,274874,908603,S&P 500 Utilities,-0.012056,-0.067111,-0.036825,-0.046916,-0.019109,-2.8625,-2.087,0.9565,FALSE,0.026507,0.051871,,2026-02-12T10:00:00Z,2026-02-12T10:00:00Z
2024-1203-001,ransomware,76.8,7435,credentials,"ERP,email,SSO,customer_database",,Phishing email with weaponized attachment ? credential theft via Mimikatz ? lateral movement via RDP/SMB ? Active Directory compromise ? ransomware deployment across domain-joined hosts,37708958.69,566,189760164.56,TRUE,21992851.37,10181418.85,9692733.33,2118699.19,,,-0.04099,-0.029038,0.021683,28,1.5929,0.3632,94.05,Gold,3,Chen Staffing Group Inc.,US,56,,CHEN,2024-12-03,FALSE,2025-06-04,2025-06-21,,,https://blog.talosintelligence.com/2024/05/chen-staffing-group--campaign.html,,cybersecurity_firm,,,2026-02-12T10:00:00Z,2026-02-12T10:00:00Z,calculated,3069794.47,,,estimated,14351716.02,35580447.82,22468784.25,CPI-U 2024 (314.69),,2026-02-12T10:00:00Z,2026-02-12T10:00:00Z,CHEN,8.13,8.15,7.82,7.91,8.33,2764585,4403604,S&P 500,-0.00257,-0.049357,-0.029038,0.021683,0.029495,-3.2736,1.3829,1,FALSE,0.024715,0.043486,,2026-02-12T10:00:00Z,2026-02-12T10:00:00Z
2024-1205-001,phishing,,14916,financial,active_directory,,Spear-phishing campaign targeting finance team ? credential harvesting through cloned SSO portal ? email account compromise ? BEC wire transfer or data exfiltration,8794897087.49,101275,17718994291.17,TRUE,12466314.27,4160912.25,4862210.62,1288445.84,2154745.56,,-0.021588,-0.006077,-0.000867,13,3.2841,1,79.36,Silver,2,Pune Outlets Ltd.,IN,44-45,,PUNE.NS,2024-12-05,FALSE,2025-01-08,2025-04-08,Cuba_Ransomware,probable,https://www.pune-outlets-ltd.com/newsroom/2024/02/security-update,https://www.sec.gov/cgi-bin/browse-edgar?action=getcompany&CIK=0001871051&type=8-K&dateb=20240215&owner=include&count=10,company_pr,,OT/ICS systems affected; physical operations suspended for 21 days,2026-02-12T10:00:00Z,2026-02-12T10:00:00Z,disclosed,,,,estimated,8367813.65,20434321.95,12736089.61,CPI-U 2024 (314.69),Costs allocated across FY2024 and FY2025 per company 10-K,2026-02-12T10:00:00Z,2026-02-12T10:00:00Z,PUNE.NS,92.8,93.12,91.11,92.55,93.04,4361983,14325139,S&P 500 Consumer Discretionary,0.028664,-0.027316,-0.006077,-0.000867,0.005309,-1.0873,-0.0353,1,FALSE,0.034046,0.046655,,2026-02-12T10:00:00Z,2026-02-12T10:00:00Z
2024-1207-001,data_breach,,16816,mixed,"backup_systems,customer_database,SSO",,Misconfigured cloud storage bucket discovered by automated scanner ? bulk data download over 72 hours ? data posted to dark web marketplace,140534401.47,296,775278050.03,TRUE,4603235.52,2600000,1359458.27,643777.25,,968444.65,-0.065628,-0.026979,0.000853,7,2.9675,0.0002,57.91,Bronze,1,Bravo Spark Energy Holdings Inc.,US,22,,BSE,2024-12-07,FALSE,2025-03-10,2025-06-16,Royal,confirmed,https://www.cnil.fr/decisions/2024/01/INQ-2024-00750,,gdpr_notification,low_quality_score,Incident date based on forensic timeline reconstruction (+-2 days),2026-02-12T10:00:00Z,2026-02-12T10:00:00Z,estimated,,,,disclosed,3779084.34,7299442.68,4702851.12,CPI-U 2024 (314.69),,2026-02-12T10:00:00Z,2026-02-12T10:00:00Z,BSE,12.34,12.42,11.6,12.08,12.43,740042,2196075,S&P 500 Utilities,0.01246,-0.053963,-0.026979,0.000853,-0.011332,-7.3589,0.0475,1,FALSE,0.022433,0.043344,Company share buyback program active during post-incident window,2026-02-12T10:00:00Z,2026-02-12T10:00:00Z
2024-1210-001,data_breach,,8233944,mixed,"active_directory,customer_database,VPN",,Misconfigured cloud storage bucket discovered by automated scanner ? bulk data download over 72 hours ? data posted to dark web marketplace,8988470795.46,45206,45018205506.22,TRUE,19171770.15,8234612.8,8657373.3,2279784.05,,9768917.73,-0.068067,-0.069748,-0.042848,101,2.6161,0.20095,83.28,Silver,1,Coleman Rail SA,CH,48-49,,COLE.SW,2024-12-10,FALSE,2025-02-13,2025-02-18,DarkSide,suspected,https://www.sec.gov/cgi-bin/browse-edgar?action=getcompany&CIK=0001677255&type=8-K&dateb=20241124&owner=include&count=10,,sec_filing,,,2026-02-12T10:00:00Z,2026-02-12T10:00:00Z,calculated,,,,disclosed,13535883.37,26773946.5,19586653.86,CPI-U 2024 (314.69),,2026-02-12T10:00:00Z,2026-02-12T10:00:00Z,COLE.SW,64.2,61.67,57.47,57.37,59.03,77481,202698,S&P 500 Industrials,-0.007967,-0.077325,-0.069748,-0.042848,-0.049226,-3.5981,-1.5156,1,FALSE,0.032632,0.058687,,2026-02-12T10:00:00Z,2026-02-12T10:00:00Z
2024-1224-002,phishing,,,,"ERP,HR_systems,customer_database,manufacturing_OT,website",,Spear-phishing campaign targeting finance team ? credential harvesting through cloned SSO portal ? email account compromise ? BEC wire transfer or data exfiltration,142160459.57,1915,1130763114.12,TRUE,1174857.61,758655.34,356338.03,59864.24,,651818.7,0.002123,0.008605,0.012295,,1.91,1,81.1,Silver,1,Henderson Resources Group Inc.,AT,56,,HEND.VI,2024-12-24,TRUE,2025-03-24,2025-04-16,,,https://www.sec.gov/cgi-bin/browse-edgar?action=getcompany&CIK=0001059782&type=8-K&dateb=20240901&owner=include&count=10,https://www.bleepingcomputer.com/news/security/henderson-resources-group-hit-by-cyberattack-2024/,sec_filing,,,2026-02-12T10:00:00Z,2026-02-12T10:00:00Z,estimated,,,,calculated,784262.33,2027912.73,1200281.93,CPI-U 2024 (314.69),,2026-02-12T10:00:00Z,2026-02-12T10:00:00Z,HEND.VI,8.71,8.66,8.68,8.73,8.77,505451,965429,S&P 500,-0.017018,0.002184,0.008605,0.012295,-0.002795,0.1296,0.3487,1,FALSE,0.016204,0.030542,,2026-02-12T10:00:00Z,2026-02-12T10:00:00Z
2024-1227-002,ransomware,76.27,4672448,mixed,"cloud_infrastructure,VPN,active_directory",,Phishing email with weaponized attachment ? credential theft via Mimikatz ? lateral movement via RDP/SMB ? Active Directory compromise ? ransomware deployment across domain-joined hosts,12193458596.34,56828,78023804149.07,TRUE,16342131.73,7760597.63,6035873.22,2545660.88,,,-0.050832,-0.005957,-0.033829,38,3.8053,0.38135,74.92,Silver,1,Atlanta Therapeutics Corp.,US,62,,ATL1,2024-12-27,FALSE,2025-04-01,2025-06-06,Volt_Typhoon,unknown,https://www.sec.gov/cgi-bin/browse-edgar?action=getcompany&CIK=0001527094&type=8-K&dateb=20240221&owner=include&count=10,,sec_filing,,,2026-02-12T10:00:00Z,2026-02-12T10:00:00Z,estimated,6644885.64,,,calculated,11225388.74,26199983.8,16695781.09,CPI-U 2024 (314.69),,2026-02-12T10:00:00Z,2026-02-12T10:00:00Z,ATL1,69.23,71.11,67.5,70.69,68.7,335539,1276813,S&P 500 Health Care,-0.015591,-0.052916,-0.005957,-0.033829,-0.017483,-3.2373,-6.7658,0.0002,FALSE,0.028462,0.036798,Thinly traded stock (avg volume < 100K); abnormal returns subject to higher noise,2026-02-12T10:00:00Z,2026-02-12T10:00:00Z
2024-1230-001,ransomware,147.82,46614,health,"SCADA,backup_systems,website,active_directory,email",,,23952647135.95,59575,81440391485.72,TRUE,119304691.3,54208997.05,62119456.54,2976237.71,,,-0.025423,-0.016693,0.005009,32,2.114,0.60185,83.18,Silver,3,CurrentTherm Electric Co.,US,22,,CURR,2024-12-30,FALSE,2025-01-10,2025-01-24,Cl0p,probable,https://unit42.paloaltonetworks.com/threat-brief-currenttherm-electri-2024/,https://www.sec.gov/cgi-bin/browse-edgar?action=getcompany&CIK=0001920895&type=8-K&dateb=20240827&owner=include&count=10,cybersecurity_firm,,,2026-02-12T10:00:00Z,2026-02-12T10:00:00Z,estimated,14874357.14,,,calculated,94452905.17,198307779.85,121886485.92,CPI-U 2024 (314.69),,2026-02-12T10:00:00Z,2026-02-12T10:00:00Z,CURR,259.61,252.32,245.91,248.11,253.58,917790,1940199,S&P 500 Utilities,-0.011138,-0.026438,-0.016693,0.005009,0.019095,-2.7963,0.2579,1,FALSE,0.017713,0.022065,Company issued unrelated M&A announcement 14 days before disclosure,2026-02-12T10:00:00Z,2026-02-12T10:00:00Z
2024-1231-001,ransomware,77.72,7476,credentials,email,,Phishing email with weaponized attachment ? credential theft via Mimikatz ? lateral movement via RDP/SMB ? Active Directory compromise ? ransomware deployment across domain-joined hosts,3051445901.36,12216,11511359842.93,TRUE,69028155.65,29510095.26,33465781.67,6052278.72,,35786585.58,-0.06718,-0.071521,-0.064071,116,3.972,0.3545,78.65,Silver,2,Coleman Sciences Holdings Inc.,CA,62,,COLE.TO,2024-12-31,FALSE,2025-01-10,2025-02-28,,,https://www.coleman-sciences-holdings.com/newsroom/2024/06/security-update,,company_pr,,Company undergoing M&A at time of incident; financial attribution complex,2026-02-12T10:00:00Z,2026-02-12T10:00:00Z,estimated,10725699.45,,,estimated,49894841.38,122009539.84,70521948.72,CPI-U 2024 (314.69),,2026-02-12T10:00:00Z,2026-02-12T10:00:00Z,COLE.TO,27.79,26.54,24.76,24.64,24.84,1174731,4666086,S&P 500 Health Care,0.024759,-0.072583,-0.071521,-0.064071,-0.055252,-3.291,-3.3467,0.32665,FALSE,0.016112,0.021843,,2026-02-12T10:00:00Z,2026-02-12T10:00:00Z
2025-0102-001,supply_chain,4.66,,,"payment_systems,manufacturing_OT,cloud_infrastructure",backdoor,Compromised third-party software update ? trojanized DLL sideloaded ? C2 beacon established ? persistent access across customer environments,8362619754.24,22615,39830360983.93,TRUE,433328103.83,192374593.98,178556684.68,62396825.17,,,-0.011495,0.0017,0.025894,,2.1128,1,70.21,Silver,1,Redwood Ore Petroleum SA,CH,21,,ROP.SW,2025-01-02,FALSE,2025-07-02,2025-07-13,Lazarus_Group,confirmed,https://www.sec.gov/cgi-bin/browse-edgar?action=getcompany&CIK=0001017440&type=8-K&dateb=20250105&owner=include&count=10,https://www.redwood-ore-petroleum-sa.com/newsroom/2025/10/security-update,sec_filing,,Company undergoing M&A at time of incident; financial attribution complex,2026-02-12T10:00:00Z,2026-02-12T10:00:00Z,disclosed,,,,estimated,342073913.27,621412371.02,433328103.83,CPI-U 2025 (321.5),Insurance claim partially denied; payout reflects negotiated settlement at 60% of claim,2026-02-12T10:00:00Z,2026-02-12T10:00:00Z,ROP.SW,94.94,93.32,92.25,93.48,95.74,191079,403710,S&P 500 Energy,-0.002791,-0.013881,0.0017,0.025894,0.003697,-0.7194,1.0534,1,FALSE,0.02746,0.045915,,2026-02-12T10:00:00Z,2026-02-12T10:00:00Z
2025-0112-002,ddos,21.75,,,"SSO,HR_systems",,,15348833448.41,455296,91656525501.03,TRUE,11394879.16,5347288.23,4963176.21,1084414.72,,4487039.25,-0.016689,-0.013553,0.005281,46,3.4571,1,99.12,Gold,2,Peregrine Inn Restaurants Holdings PLC,GB,72,,PIR.L,2025-01-12,FALSE,2025-03-14,2025-04-18,Scattered_Spider,confirmed,https://blog.talosintelligence.com/2025/02/peregrine-inn-restau-campaign.html,https://www.sec.gov/cgi-bin/browse-edgar?action=getcompany&CIK=0001388069&type=8-K&dateb=20250203&owner=include&count=10,cybersecurity_firm,,,2026-02-12T10:00:00Z,2026-02-12T10:00:00Z,estimated,,,,estimated,7510278.66,16359941.69,11394879.16,CPI-U 2025 (321.5),,2026-02-12T10:00:00Z,2026-02-12T10:00:00Z,PIR.L,84.03,82.9,81.52,81.78,83.34,450713,1558138,S&P 500 Consumer Discretionary,-0.016237,-0.015212,-0.013553,0.005281,0.00849,-1.0169,0.3999,1,FALSE,0.020913,0.026679,,2026-02-12T10:00:00Z,2026-02-12T10:00:00Z
2025-0115-001,backdoor,,,,"cloud_infrastructure,file_servers,ERP,payment_systems",,Exploitation of unpatched VPN appliance ? web shell implant ? SSH backdoor installed ? persistent access maintained for 6+ months ? bulk data exfiltration,266954363.77,1246,1385500644.43,TRUE,78953376.24,44047470.02,27985145.58,6920760.64,,23311171.32,-0.013448,-0.032787,0.011677,10,3.3837,1,70.88,Silver,2,MoveTransport Logistics Ltd.,AU,48-49,72,MOVE.AX,2025-01-15,FALSE,2025-07-15,2025-08-05,,,https://unit42.paloaltonetworks.com/threat-brief-movetransport-logist-2025/,https://www.movetransport-logistics-l.com/newsroom/2025/08/security-update,cybersecurity_firm,,,2026-02-12T10:00:00Z,2026-02-12T10:00:00Z,calculated,,,,calculated,52570938.92,103326915.53,78953376.24,CPI-U 2025 (321.5),,2026-02-12T10:00:00Z,2026-02-12T10:00:00Z,MOVE.AX,9,9.37,9.24,9.06,9.48,8473051,28669930,S&P 500 Industrials,0.011565,-0.01319,-0.032787,0.011677,-0.009906,-1.0764,1.1707,1,TRUE,0.032068,0.059332,Elevated options activity detected 10 days before public disclosure,2026-02-12T10:00:00Z,2026-02-12T10:00:00Z
2025-0118-001,apt,51.81,,,"website,active_directory",,Zero-day exploit in edge device ? fileless implant in memory ? scheduled task persistence ? low-and-slow data staging ? encrypted exfiltration over DNS tunneling,12026456785.13,31936,55774950740.78,TRUE,13305852.04,8800000,3961521.28,544330.76,,,-0.039363,-0.032676,-0.013208,45,1.8989,0.58525,71.68,Silver,1,Raptor Rock Resources AG,CH,21,,RRR.SW,2025-01-18,FALSE,2025-01-26,2025-03-05,Turla,suspected,https://www.edpb.europa.eu/decisions/2025/04/INQ-2025-00313,,gdpr_notification,,,2026-02-12T10:00:00Z,2026-02-12T10:00:00Z,disclosed,,,,calculated,8550292.91,22825244.05,13305852.04,CPI-U 2025 (321.5),,2026-02-12T10:00:00Z,2026-02-12T10:00:00Z,RRR.SW,102.57,94.8,91.07,91.7,93.55,312330,593084,S&P 500 Energy,0.021943,-0.038797,-0.032676,-0.013208,0.002426,-2.8295,-0.7418,1,FALSE,0.028484,0.033865,Sector-wide sell-off during 30-day window (market correction),2026-02-12T10:00:00Z,2026-02-12T10:00:00Z
2025-0119-002,ransomware,11.88,709575,PII,"file_servers,SSO,ERP,website,payment_systems",,Phishing email with weaponized attachment ? credential theft via Mimikatz ? lateral movement via RDP/SMB ? Active Directory compromise ? ransomware deployment across domain-joined hosts,7105371810.07,116716,38121155561.47,TRUE,292343951.97,165600000,101583318.98,23627011.25,409691.85,,-0.012091,-0.025222,-0.041869,335,3.1989,1,72.4,Silver,4,Lynx Wolverine Solutions Co.,AE,56,,LWS.DU,2025-01-19,FALSE,2025-02-19,2025-04-07,Akira,probable,https://www.theregister.com/2025/09/07/lynx-wolverine-solut_security_incident/,https://www.edpb.europa.eu/decisions/2025/01/INQ-2025-00582,verified_media,,,2026-02-12T10:00:00Z,2026-02-12T10:00:00Z,disclosed,5540157.77,1123929.89,FBI disclosure,estimated,183112519.55,490629220.98,292343951.97,CPI-U 2025 (321.5),Costs allocated across FY2025 and FY2026 per company 10-K,2026-02-12T10:00:00Z,2026-02-12T10:00:00Z,LWS.DU,93.36,91.38,90.28,89.08,87.55,2670084,8541435,S&P 500,0.005174,-0.009751,-0.025222,-0.041869,-0.029678,-0.8167,-3.8608,0.0696,FALSE,0.029302,0.039255,,2026-02-12T10:00:00Z,2026-02-12T10:00:00Z
2025-0121-001,apt,79.2,122520,mixed,"backup_systems,SSO,ERP,email,customer_database",,,2425137971.27,6169,14046864562.44,TRUE,1187258.92,623469.94,445350.99,118437.99,,537731.72,-0.064281,-0.068586,-0.048903,184,3.3242,0.0132,94.18,Gold,1,SolarFlux Services Holdings Inc.,MX,22,62,SOLA.MX,2025-01-21,FALSE,2025-01-30,2025-05-03,,,https://www.sec.gov/cgi-bin/browse-edgar?action=getcompany&CIK=0001910013&type=8-K&dateb=20250521&owner=include&count=10,,sec_filing,,Revenue estimated from Dun & Bradstreet industry median,2026-02-12T10:00:00Z,2026-02-12T10:00:00Z,estimated,,,,disclosed,933785.4,1434213.27,1187258.92,CPI-U 2025 (321.5),,2026-02-12T10:00:00Z,2026-02-12T10:00:00Z,SOLA.MX,15.88,16.38,15.33,15.26,15.58,153038,508729,S&P 500 Utilities,0.02662,-0.052615,-0.068586,-0.048903,-0.03699,-3.9736,-3.2978,0.3511,FALSE,0.02366,0.044698,CEO resignation announced 7 days post-disclosure; confounding event flagged,2026-02-12T10:00:00Z,2026-02-12T10:00:00Z
2025-0126-001,data_breach,,38513,PII,"HR_systems,SSO,ERP,file_servers,customer_database",,Misconfigured cloud storage bucket discovered by automated scanner ? bulk data download over 72 hours ? data posted to dark web marketplace,18658919650.92,143972,51480230868.84,TRUE,16823447.78,9335326.69,4612080.71,2876040.38,,9765516.98,-0.020977,-0.000859,0.02423,26,1.6186,1,82.73,Silver,3,Singapore Sciences Pte. Ltd.,SG,62,51,SIN2.SI,2025-01-26,FALSE,2025-01-27,2025-03-06,APT29,probable,https://www.bleepingcomputer.com/news/security/singapore-sciences-pte-lt-hit-by-cyberattack-2025/,https://unit42.paloaltonetworks.com/threat-brief-singapore-sciences-p-2025/,verified_media,,Employee count approximate; sourced from LinkedIn company page,2026-02-12T10:00:00Z,2026-02-12T10:00:00Z,disclosed,,,,calculated,11099922.08,27862539.84,16823447.78,CPI-U 2025 (321.5),,2026-02-12T10:00:00Z,2026-02-12T10:00:00Z,SIN2.SI,147.98,146.16,143.09,146.03,149.7,4063144,6576788,S&P 500 Health Care,0.005146,-0.018631,-0.000859,0.02423,0.022418,-1.775,1.2868,1,FALSE,0.035598,0.070303,Post-incident volatility spike consistent with uncertainty resolution over 14 trading days,2026-02-12T10:00:00Z,2026-02-12T10:00:00Z
2025-0129-001,ddos,,,,"SSO,HR_systems,file_servers",,,6758190236.75,228627,18531358972.47,TRUE,4119273.4,2381468.44,1085167.04,652637.92,,1181743.62,-0.000818,0.003218,0.019133,,1.7032,1,97.38,Gold,1,Amsterdam Services N.V.,NL,56,,AMST.AS,2025-01-29,FALSE,2025-02-17,2025-02-21,,,https://www.sec.gov/cgi-bin/browse-edgar?action=getcompany&CIK=0001541422&type=8-K&dateb=20251212&owner=include&count=10,https://www.bleepingcomputer.com/news/security/amsterdam-services-nv-hit-by-cyberattack-2025/,sec_filing,,,2026-02-12T10:00:00Z,2026-02-12T10:00:00Z,estimated,,,,estimated,2832705.66,5651412.91,4119273.4,CPI-U 2025 (321.5),,2026-02-12T10:00:00Z,2026-02-12T10:00:00Z,AMST.AS,62.58,60.46,60.41,60.65,61.62,376191,640723,S&P 500,0.019437,-0.000951,0.003218,0.019133,0.022537,-0.099,2.9118,0.5441,TRUE,0.032675,0.039846,,2026-02-12T10:00:00Z,2026-02-12T10:00:00Z
2025-0130-001,backdoor,,,,VPN,apt,Exploitation of unpatched VPN appliance ? web shell implant ? SSH backdoor installed ? persistent access maintained for 6+ months ? bulk data exfiltration,8315859874.51,34182,36486612659.32,TRUE,56307758.84,25277060.88,27775114.67,3255583.29,,16864133.13,-0.028799,-0.016872,-0.014259,31,2.5376,0.7197,82.86,Silver,1,Granite Hawk Labs Group Inc.,US,62,54,GHL,2025-01-30,FALSE,2025-02-08,2025-03-18,BlackCat/ALPHV,suspected,https://www.sec.gov/cgi-bin/browse-edgar?action=getcompany&CIK=0001058213&type=8-K&dateb=20250213&owner=include&count=10,https://www.bfdi.bund.de/decisions/2025/02/INQ-2025-00648,sec_filing,,,2026-02-12T10:00:00Z,2026-02-12T10:00:00Z,calculated,,,,estimated,47629968.1,92079488.89,56307758.84,CPI-U 2025 (321.5),,2026-02-12T10:00:00Z,2026-02-12T10:00:00Z,GHL,103.77,102.07,99.13,100.35,100.61,868518,2203975,S&P 500 Health Care,-0.013807,-0.03414,-0.016872,-0.014259,-0.005648,-2.5606,-0.4198,1,FALSE,0.018799,0.02499,,2026-02-12T10:00:00Z,2026-02-12T10:00:00Z
2025-0203-001,phishing,,19754,mixed,"file_servers,SCADA,ERP,cloud_infrastructure",ddos,Spear-phishing campaign targeting finance team ? credential harvesting through cloned SSO portal ? email account compromise ? BEC wire transfer or data exfiltration,5618788970.24,24110,39844005078.88,TRUE,544910320.45,308563766.24,168484591.51,67861962.7,,176364717.21,-0.00696,0.008555,0.01182,,2.6562,1,63.28,Bronze,1,AeroShip Airlines Ltd.,AU,48-49,,AERO.AX,2025-02-03,FALSE,2025-05-04,2025-05-18,,,https://www.sec.gov/cgi-bin/browse-edgar?action=getcompany&CIK=0001352287&type=8-K&dateb=20251107&owner=include&count=10,,sec_filing,,Concurrent with public CVE disclosure (CVE-2025-2025-51644),2026-02-12T10:00:00Z,2026-02-12T10:00:00Z,estimated,,,,estimated,337389615.38,918408374.32,544910320.45,CPI-U 2025 (321.5),Legal fees reflect engagement of AmLaw 100 firm for class-action defense,2026-02-12T10:00:00Z,2026-02-12T10:00:00Z,AERO.AX,55.31,55.38,54.99,55.85,56.03,291606,774568,S&P 500 Industrials,0.020447,-0.006405,0.008555,0.01182,0.020343,-0.798,0.4808,1,FALSE,0.037334,0.062368,Sector-wide sell-off during 30-day window (market correction),2026-02-12T10:00:00Z,2026-02-12T10:00:00Z
2025-0210-001,data_breach,,1000,PII,"payment_systems,CRM,cloud_infrastructure",phishing,,17719168176.26,159863,71068380822.99,TRUE,68414058.87,32954409.45,25299334.74,10160314.68,,,-0.024752,-0.014942,-0.02605,72,2.91,1,83.38,Silver,1,Ridge Mantis MedTech Inc.,MX,62,,RMM.MX,2025-02-10,FALSE,2025-08-12,2025-10-14,APT29,unknown,https://www.edpb.europa.eu/decisions/2025/10/INQ-2025-00562,,gdpr_notification,,,2026-02-12T10:00:00Z,2026-02-12T10:00:00Z,estimated,,,,estimated,45889281.08,110400291.05,68414058.87,CPI-U 2025 (321.5),Regulatory fine imposed under GDPR Article 83(5)(a) by FTC,2026-02-12T10:00:00Z,2026-02-12T10:00:00Z,RMM.MX,99.36,100.89,98.39,99.38,98.26,204089,593898,S&P 500 Health Care,0.023447,-0.028781,-0.014942,-0.02605,0.007348,-1.7143,-1.3123,1,FALSE,0.030389,0.036204,,2026-02-12T10:00:00Z,2026-02-12T10:00:00Z
2025-0215-002,ransomware,22.66,4099,credentials,"CRM,backup_systems,file_servers,SCADA",,,653390672.4,5704,3440696386.48,TRUE,30063570.05,13662720.99,14004153.43,2396695.63,,,-0.013472,-0.008541,-0.025036,301,2.1328,1,72.3,Silver,4,Raleigh Biotech Co.,US,62,,RALE,2025-02-15,FALSE,2025-05-17,2025-07-26,BianLian,unknown,https://therecord.media/2025/01/01/raleigh-biotech-co-breached,https://www.raleigh-biotech-co.com/newsroom/2025/07/security-update,verified_media,,,2026-02-12T10:00:00Z,2026-02-12T10:00:00Z,estimated,533863.78,,,disclosed,24992095.83,43420719.16,30063570.05,CPI-U 2025 (321.5),"Loss methodology: Monte Carlo simulation with 10,000 iterations (95th percentile)",2026-02-12T10:00:00Z,2026-02-12T10:00:00Z,RALE,9.31,9,8.88,8.92,8.77,685758,1462581,S&P 500 Health Care,-0.010514,-0.013085,-0.008541,-0.025036,-0.014591,-0.7073,-0.9786,1,FALSE,0.035364,0.065853,,2026-02-12T10:00:00Z,2026-02-12T10:00:00Z
2025-0220-001,supply_chain,64.9,,,HR_systems,,Compromised third-party software update ? trojanized DLL sideloaded ? C2 beacon established ? persistent access across customer environments,1883762059.25,4166,5653738417.22,TRUE,10439588.25,4800000,4829623.93,809964.32,,,-0.038499,-0.04157,-0.03521,90,3.8485,0.85965,71.71,Silver,1,SparkAmp Power Corp.,JP,22,,SPAR.T,2025-02-20,FALSE,2025-08-19,2025-08-22,,,https://www.ico.org.uk/decisions/2025/07/INQ-2025-00148,,gdpr_notification,,,2026-02-12T10:00:00Z,2026-02-12T10:00:00Z,estimated,,,,estimated,7588434.43,13821450.5,10439588.25,CPI-U 2025 (321.5),Recovery includes infrastructure rebuild; company migrated to new cloud provider,2026-02-12T10:00:00Z,2026-02-12T10:00:00Z,SPAR.T,14.89,15.05,14.47,14.42,14.52,8426981,32431061,S&P 500 Utilities,-0.017421,-0.038314,-0.04157,-0.03521,-0.032384,-2.2807,-1.9507,1,FALSE,0.031301,0.03799,,2026-02-12T10:00:00Z,2026-02-12T10:00:00Z
2025-0302-001,apt,55.32,24967,PII,"payment_systems,email,active_directory,customer_database",,Zero-day exploit in edge device ? fileless implant in memory ? scheduled task persistence ? low-and-slow data staging ? encrypted exfiltration over DNS tunneling,45648907853.35,196078,317081012551.47,TRUE,49943019.96,24836445.26,18854097.72,6252476.98,,25459800.71,-0.040107,-0.067507,-0.001902,35,1.6043,0.0002,74.76,Silver,2,Edmonton BioSciences Inc.,CA,62,,EDMO.TO,2025-03-02,TRUE,2025-06-04,2025-08-08,,,https://www.edmonton-biosciences-inc.com/newsroom/2025/06/security-update,https://www.sec.gov/cgi-bin/browse-edgar?action=getcompany&CIK=0001146837&type=8-K&dateb=20250623&owner=include&count=10,company_pr,,,2026-02-12T10:00:00Z,2026-02-12T10:00:00Z,estimated,,,,estimated,31490133.13,89358094.86,49943019.96,CPI-U 2025 (321.5),,2026-02-12T10:00:00Z,2026-02-12T10:00:00Z,EDMO.TO,496.8,477.98,458.81,445.71,477.07,1142072,1832210,S&P 500 Health Care,0.021241,-0.037597,-0.067507,-0.001902,-0.019162,-4.5141,-0.0768,1,FALSE,0.016488,0.029588,,2026-02-12T10:00:00Z,2026-02-12T10:00:00Z
2025-0305-001,phishing,,10570,PII,"VPN,customer_database,CRM,ERP,manufacturing_OT",malware,Spear-phishing campaign targeting finance team ? credential harvesting through cloned SSO portal ? email account compromise ? BEC wire transfer or data exfiltration,3339458178.45,12117,25137883439.45,TRUE,22988788.35,9853235.18,11389902.95,1745650.22,,5083713.23,0.005949,-0.010154,0.008492,48,3.1306,1,82.91,Silver,3,Sierra Diamond Group Group Inc.,US,54,,SIER,2025-03-05,FALSE,2025-03-11,2025-04-13,Rhysida,probable,https://www.mandiant.com/resources/blog/sierra-diamond-group-incident-response-2025,,cybersecurity_firm,,Data exfiltration confirmed via dark web monitoring service,2026-02-12T10:00:00Z,2026-02-12T10:00:00Z,estimated,,,,estimated,17894070.39,36028236.44,22988788.35,CPI-U 2025 (321.5),Direct costs confirmed via SEC 8-K filing on 2025-01-03,2026-02-12T10:00:00Z,2026-02-12T10:00:00Z,SIER,27.05,24.38,24.53,24.13,24.59,1853786,5803423,S&P 500,0.017377,0.005993,-0.010154,0.008492,-0.008613,0.2878,0.5822,1,FALSE,0.032817,0.063859,,2026-02-12T10:00:00Z,2026-02-12T10:00:00Z
2025-0314-001,ddos,172.23,,,"payment_systems,SCADA,cloud_infrastructure,file_servers,active_directory",apt,Multi-vector botnet activation ? volumetric UDP reflection (900 Gbps peak) ? application-layer HTTP/2 flood ? 18-hour service degradation,12362150212.23,100161,85953577543.07,TRUE,484836.2,304474.42,103898.16,76463.62,,94186.68,0.008207,0.018103,0.01879,,3.1456,1,72.22,Silver,4,Vertex Thera Labs Inc.,CA,62,,VTL.TO,2025-03-14,TRUE,2025-05-16,2025-05-21,REvil,unknown,https://www.theregister.com/2025/09/21/vertex-thera-labs-in_security_incident/,,verified_media,,,2026-02-12T10:00:00Z,2026-02-12T10:00:00Z,estimated,,,,estimated,310975.73,565378.48,484836.2,CPI-U 2025 (321.5),,2026-02-12T10:00:00Z,2026-02-12T10:00:00Z,VTL.TO,143.61,131.45,132.53,133.83,133.92,1210954,3809220,S&P 500 Health Care,0.017528,0.008748,0.018103,0.01879,0.009294,0.4377,0.7788,1,FALSE,0.027387,0.032212,,2026-02-12T10:00:00Z,2026-02-12T10:00:00Z
2025-0321-001,phishing,,3676,PII,"ERP,cloud_infrastructure,active_directory",,,4107616100.79,44811,32731247124.53,TRUE,16530761.44,9648506.5,5937804.2,944450.74,,10207815.09,0.005928,0.004296,-0.001356,,2.3721,1,54.26,Bronze,1,Crawford Hospitality S.p.A.,IT,72,62,CRAW.MI,2025-03-21,FALSE,2025-04-07,2025-04-10,,,https://www.crawford-hospitality-spa.com/newsroom/2025/10/security-update,https://www.bfdi.bund.de/decisions/2025/08/INQ-2025-00765,company_pr,low_quality_score,,2026-02-12T10:00:00Z,2026-02-12T10:00:00Z,estimated,,,,estimated,11266410.74,25438711.64,16530761.44,CPI-U 2025 (321.5),,2026-02-12T10:00:00Z,2026-02-12T10:00:00Z,CRAW.MI,33.56,31.75,31.94,31.89,31.71,25426687,60315301,S&P 500 Consumer Discretionary,0.007782,0.00598,0.004296,-0.001356,-0.000362,1.1856,-0.0888,1,FALSE,0.023109,0.037557,,2026-02-12T10:00:00Z,2026-02-12T10:00:00Z
2025-0323-001,ransomware,46.67,2452,mixed,"active_directory,CRM,ERP",,,45642240866.38,97390,198091569425.31,TRUE,145305569.6,60694967.59,66756553.33,17854048.68,,72812639.44,-0.061992,-0.06171,-0.017207,15,2.906,0.5788,63.91,Bronze,2,Nakamura Technologies Corp.,US,51,,NAK1,2025-03-23,FALSE,2025-03-23,2025-04-05,,,https://www.nakamura-technologies-cor.com/newsroom/2025/02/security-update,,company_pr,,,2026-02-12T10:00:00Z,2026-02-12T10:00:00Z,calculated,2021727.16,,,estimated,111225559.38,180600233.46,145305569.6,CPI-U 2025 (321.5),,2026-02-12T10:00:00Z,2026-02-12T10:00:00Z,NAK1,293.46,291.45,273.38,273.46,286.44,84886,246675,S&P 500 Information Technology,0.015194,-0.060115,-0.06171,-0.017207,-0.028028,-2.8424,-0.6774,1,FALSE,0.03097,0.059688,Post-incident volatility spike consistent with uncertainty resolution over 14 trading days,2026-02-12T10:00:00Z,2026-02-12T10:00:00Z
2025-0329-001,ddos,13.9,,,VPN,,Multi-vector botnet activation ? volumetric UDP reflection (900 Gbps peak) ? application-layer HTTP/2 flood ? 18-hour service degradation,3331142041.31,7270,6270895512.54,TRUE,2652365.26,1365954.82,919227.93,367182.51,,830591.46,0.009732,-0.00438,0.009277,11,1.766,1,84.63,Silver,1,Henderson Holdings SA,FR,52,,HEND.PA,2025-03-29,FALSE,2025-04-16,2025-05-01,Hunters_International,suspected,https://www.ico.org.uk/decisions/2025/07/INQ-2025-00823,https://www.sec.gov/cgi-bin/browse-edgar?action=getcompany&CIK=0001551794&type=8-K&dateb=20250924&owner=include&count=10,gdpr_notification,,Partial remediation completed within 48h; full recovery took 30 days,2026-02-12T10:00:00Z,2026-02-12T10:00:00Z,disclosed,,,,estimated,1830214.59,4562211.12,2652365.26,CPI-U 2025 (321.5),,2026-02-12T10:00:00Z,2026-02-12T10:00:00Z,HEND.PA,30.46,30.15,30.44,30.02,30.43,1209511,2135964,S&P 500 Financials,0.000527,0.00871,-0.00438,0.009277,0.01202,0.6469,0.4425,1,FALSE,0.015333,0.025201,,2026-02-12T10:00:00Z,2026-02-12T10:00:00Z
2025-0331-001,apt,33.12,307225,credentials,file_servers,,Zero-day exploit in edge device ? fileless implant in memory ? scheduled task persistence ? low-and-slow data staging ? encrypted exfiltration over DNS tunneling,20438774030.52,97775,85449789170.1,TRUE,32856174.19,19800000,9059119.9,3997054.29,,10513415.45,-0.06131,-0.042705,-0.024143,164,2.1445,0.0002,80.82,Silver,3,Kowalski Electric Holdings Inc.,US,22,,KOWA,2025-03-31,FALSE,2025-05-03,2025-05-14,,,https://www.mandiant.com/resources/blog/kowalski-electric-ho-incident-response-2025,,cybersecurity_firm,,,2026-02-12T10:00:00Z,2026-02-12T10:00:00Z,disclosed,,,,disclosed,20674821.52,48746614.24,32856174.19,CPI-U 2025 (321.5),,2026-02-12T10:00:00Z,2026-02-12T10:00:00Z,KOWA,152.44,146.84,137.84,140.57,143.29,7263232,15576359,S&P 500 Utilities,0.024826,-0.060779,-0.042705,-0.024143,-0.031756,-4.9885,-3.8239,0.08805,FALSE,0.020593,0.03258,Cross-listed on multiple exchanges; primary exchange data used for return calculation,2026-02-12T10:00:00Z,2026-02-12T10:00:00Z
2025-0404-001,ransomware,15.86,2976493,PII,"HR_systems,CRM,VPN,email,ERP",,Phishing email with weaponized attachment ? credential theft via Mimikatz ? lateral movement via RDP/SMB ? Active Directory compromise ? ransomware deployment across domain-joined hosts,9405958488.3,26483,61217083808.28,TRUE,20893314.3,9490670.48,8430384.41,2972259.41,,10565503.6,-0.019978,-0.010448,-0.006089,26,3.8142,1,67.16,Bronze,4,Tanaka Analytics Inc.,US,51,54,TANA,2025-04-04,FALSE,2025-04-07,2025-05-25,,,https://therecord.media/2025/11/03/tanaka-analytics-inc-breached,https://www.sec.gov/cgi-bin/browse-edgar?action=getcompany&CIK=0001780002&type=8-K&dateb=20251202&owner=include&count=10,verified_media,,,2026-02-12T10:00:00Z,2026-02-12T10:00:00Z,estimated,1166748.88,,,estimated,16187757.79,27110165.36,20893314.3,CPI-U 2025 (321.5),,2026-02-12T10:00:00Z,2026-02-12T10:00:00Z,TANA,86.38,80.86,79.24,80.02,80.37,3787507,14446455,S&P 500 Information Technology,-0.014222,-0.025746,-0.010448,-0.006089,-0.010254,-1.7529,-0.4165,1,TRUE,0.033203,0.037585,,2026-02-12T10:00:00Z,2026-02-12T10:00:00Z
2025-0405-001,phishing,,3243,PII,"file_servers,CRM,backup_systems,SSO,customer_database",malware,,2262192552.81,8823,10067289248.11,TRUE,1996427.86,934830.19,742657.69,318939.98,,433891.18,-0.01015,-0.025535,0.021042,33,2.717,1,78.2,Silver,1,Archer Lynx Group S.A.,BR,54,,ARCH.SA,2025-04-05,FALSE,2025-04-21,2025-06-09,,,https://www.sec.gov/cgi-bin/browse-edgar?action=getcompany&CIK=0001967656&type=8-K&dateb=20250122&owner=include&count=10,https://unit42.paloaltonetworks.com/threat-brief-archer-lynx-group-sa-2025/,sec_filing,,,2026-02-12T10:00:00Z,2026-02-12T10:00:00Z,calculated,,,,estimated,1249104.33,3141613.74,1996427.86,CPI-U 2025 (321.5),,2026-02-12T10:00:00Z,2026-02-12T10:00:00Z,ARCH.SA,18.62,19.29,19.09,18.8,19.7,2533647,6883824,S&P 500,-0.00956,-0.010699,-0.025535,0.021042,0.026799,-1.0345,0.6208,1,FALSE,0.027863,0.051151,,2026-02-12T10:00:00Z,2026-02-12T10:00:00Z
2025-0416-001,data_breach,,1864785,mixed,"file_servers,SCADA,active_directory,email",,Misconfigured cloud storage bucket discovered by automated scanner ? bulk data download over 72 hours ? data posted to dark web marketplace,680568894.3,4979,2227453386,TRUE,5168160.64,2446133.33,2427119.34,244907.97,50000,,-0.053648,-0.043239,-0.019876,30,1.649,0.0002,79.06,Silver,3,Titan Shop Trading Corp.,US,44-45,,TST,2025-04-16,FALSE,2025-06-18,2025-08-12,Akira,probable,https://unit42.paloaltonetworks.com/threat-brief-titan-shop-trading-c-2025/,,cybersecurity_firm,,,2026-02-12T10:00:00Z,2026-02-12T10:00:00Z,estimated,,,,estimated,3660661.28,7368609.73,5168160.64,CPI-U 2025 (321.5),,2026-02-12T10:00:00Z,2026-02-12T10:00:00Z,TST,13.4,12.9,12.21,12.34,12.64,521867,860537,S&P 500 Consumer Discretionary,0.010941,-0.052271,-0.043239,-0.019876,-0.007057,-4.5153,-1.2559,1,FALSE,0.014846,0.024366,,2026-02-12T10:00:00Z,2026-02-12T10:00:00Z
2025-0418-001,phishing,,2096498,mixed,"CRM,ERP,payment_systems,SSO",ransomware,,26044585897.11,47573,76943345325.72,TRUE,140552441.73,83871883.97,36564373.3,19522058.21,594126.25,28826747.55,-0.011671,0.001089,0.027645,,3.2227,0.91525,89.73,Gold,1,Graham Platforms AG,DE,51,62,GRAH.DE,2025-04-18,FALSE,2025-04-25,2025-05-08,,,https://www.sec.gov/cgi-bin/browse-edgar?action=getcompany&CIK=0001742803&type=8-K&dateb=20250821&owner=include&count=10,,sec_filing,,,2026-02-12T10:00:00Z,2026-02-12T10:00:00Z,estimated,,,,estimated,107153067.76,203235137.81,140552441.73,CPI-U 2025 (321.5),,2026-02-12T10:00:00Z,2026-02-12T10:00:00Z,GRAH.DE,148.5,136.6,135.01,136.75,140.38,3530067,11376410,S&P 500 Information Technology,0.025191,-0.01365,0.001089,0.027645,0.018661,-2.1695,1.1556,1,FALSE,0.018862,0.034052,,2026-02-12T10:00:00Z,2026-02-12T10:00:00Z
2025-0503-001,ransomware,,293884,financial,"customer_database,VPN,email",data_breach,,55653360171.93,96689,198148179610.83,TRUE,23440560.41,10644484.25,4548887.28,3569323.64,4677865.24,9601766.46,-0.025897,-0.009268,-0.03642,174,3.5568,1,94.75,Gold,4,LinkCloud Intelligence AG,CH,51,62,LINK.SW,2025-05-03,FALSE,2025-06-05,2025-06-18,,,https://krebsonsecurity.com/2025/09/linkcloud-intelligen-breach-exposes-data/,,verified_media,,Employee count approximate; sourced from LinkedIn company page,2026-02-12T10:00:00Z,2026-02-12T10:00:00Z,disclosed,300717.73,,,calculated,14600901.92,29524449.49,23440560.41,CPI-U 2025 (321.5),,2026-02-12T10:00:00Z,2026-02-12T10:00:00Z,LINK.SW,598.16,581.3,566.25,575.91,560.13,63502,225867,S&P 500 Information Technology,-0.007474,-0.032387,-0.009268,-0.03642,-0.006929,-1.5597,-1.4771,1,FALSE,0.027045,0.046968,,2026-02-12T10:00:00Z,2026-02-12T10:00:00Z
2025-0508-001,apt,42.86,1063579,mixed,"ERP,email,active_directory",,,3864631401.33,29336,28090154191.92,TRUE,85828706.34,50600000,28434599.25,6512019.66,282087.43,46702494.52,-0.059794,-0.046651,-0.046802,205,3.3561,0.0002,92.76,Gold,3,Austin Advisory Co.,US,54,,AUST,2025-05-08,FALSE,2025-05-26,2025-06-14,REvil,suspected,https://unit42.paloaltonetworks.com/threat-brief-austin-advisory-co-2025/,https://www.austin-advisory-co.com/newsroom/2025/09/security-update,cybersecurity_firm,,,2026-02-12T10:00:00Z,2026-02-12T10:00:00Z,disclosed,,,,disclosed,68359883.8,143534144.37,85828706.34,CPI-U 2025 (321.5),,2026-02-12T10:00:00Z,2026-02-12T10:00:00Z,AUST,38.42,38.14,35.86,36.36,36.35,1579581,5301209,S&P 500,0.008098,-0.054281,-0.046651,-0.046802,-0.033142,-5.3949,-3.42,0.29,FALSE,0.023071,0.042918,,2026-02-12T10:00:00Z,2026-02-12T10:00:00Z
2025-0510-001,backdoor,,,,"active_directory,VPN,payment_systems,SCADA",phishing,,48578250641.23,121295,356425347558.88,TRUE,1033138777.89,412427438.13,480033355.86,140677983.9,,,-0.036212,-0.023851,0.006667,32,3.4076,1,67.64,Bronze,2,Sierra Node Ventures SA,CH,51,,SNV.SW,2025-05-10,FALSE,2025-06-13,2025-07-07,,,https://www.sierra-node-ventures-sa.com/newsroom/2025/01/security-update,,company_pr,,,2026-02-12T10:00:00Z,2026-02-12T10:00:00Z,estimated,,,,disclosed,826895769.39,1496154165.81,1033138777.89,CPI-U 2025 (321.5),Insurance claim partially denied; payout reflects negotiated settlement at 42% of claim,2026-02-12T10:00:00Z,2026-02-12T10:00:00Z,SNV.SW,645.48,632.61,609.7,617.52,636.83,21908620,74656699,S&P 500 Information Technology,0.013422,-0.030705,-0.023851,0.006667,0.013122,-1.7387,0.2282,1,FALSE,0.034594,0.060793,,2026-02-12T10:00:00Z,2026-02-12T10:00:00Z
2025-0512-001,ransomware,23.33,9179,credentials,"website,payment_systems,manufacturing_OT,customer_database,VPN",,Phishing email with weaponized attachment ? credential theft via Mimikatz ? lateral movement via RDP/SMB ? Active Directory compromise ? ransomware deployment across domain-joined hosts,3622725612.6,17990,8743803050.53,TRUE,37914466.01,23092973.96,10555768.73,4265723.32,,,-0.03973,-0.042959,-0.00722,28,3.8447,0.33175,78.92,Silver,1,Eagle Neuro Diagnostics Corp.,DK,62,,END.CO,2025-05-12,FALSE,2025-11-13,2025-11-28,FIN7,suspected,https://www.sec.gov/cgi-bin/browse-edgar?action=getcompany&CIK=0001418787&type=8-K&dateb=20251112&owner=include&count=10,,sec_filing,,Employee count approximate; sourced from LinkedIn company page,2026-02-12T10:00:00Z,2026-02-12T10:00:00Z,estimated,378819.21,,,calculated,28157353.05,64549887.62,37914466.01,CPI-U 2025 (321.5),"Loss methodology: Monte Carlo simulation with 10,000 iterations (95th percentile)",2026-02-12T10:00:00Z,2026-02-12T10:00:00Z,END.CO,48.86,45.05,43.26,43.11,44.72,306766,1179413,S&P 500 Health Care,-0.005933,-0.051476,-0.042959,-0.00722,0.000082,-3.3365,-0.5107,1,FALSE,0.017669,0.035325,,2026-02-12T10:00:00Z,2026-02-12T10:00:00Z
2025-0522-001,supply_chain,127.23,,,"website,backup_systems,SSO",,Compromised third-party software update ? trojanized DLL sideloaded ? C2 beacon established ? persistent access across customer environments,280046701.77,2476,473583741.16,TRUE,16585984.09,8000000,6671887.46,1914096.63,,5846513.84,-0.034756,-0.04896,-0.027339,87,3.66,1,86.42,Gold,1,Florence Healthcare S.p.A.,IT,62,,FLOR.MI,2025-05-22,FALSE,2025-05-30,2025-06-13,,,https://www.edpb.europa.eu/decisions/2025/06/INQ-2025-00240,https://www.florence-healthcare-spa.com/newsroom/2025/03/security-update,gdpr_notification,,,2026-02-12T10:00:00Z,2026-02-12T10:00:00Z,disclosed,,,,calculated,11290992.29,21507318.29,16585984.09,CPI-U 2025 (321.5),,2026-02-12T10:00:00Z,2026-02-12T10:00:00Z,FLOR.MI,15.17,14.29,13.79,13.59,13.9,705238,2581199,S&P 500 Health Care,0.005034,-0.043303,-0.04896,-0.027339,-0.021013,-1.5552,-5.4678,0.0002,FALSE,0.013202,0.023774,,2026-02-12T10:00:00Z,2026-02-12T10:00:00Z
2025-0526-001,ransomware,300.26,8869,mixed,"VPN,cloud_infrastructure,file_servers,manufacturing_OT",,Phishing email with weaponized attachment ? credential theft via Mimikatz ? lateral movement via RDP/SMB ? Active Directory compromise ? ransomware deployment across domain-joined hosts,480467811.64,2145,2267723848.26,TRUE,13938221.64,2267769.11,2019592.39,361171.26,,810964.86,-0.048527,-0.052252,-0.030516,122,1.733,0.7102,89.9,Gold,2,SparkSolar Corp Inc.,AT,22,,SPAR.VI,2025-05-26,FALSE,2025-05-30,2025-07-03,Lazarus_Group,suspected,https://www.sparksolar-corp-inc.com/newsroom/2025/04/security-update,,company_pr,,Incident date based on forensic timeline reconstruction (+-2 days),2026-02-12T10:00:00Z,2026-02-12T10:00:00Z,estimated,14055650.88,9289688.88,court filing,estimated,11293866.94,23309693.65,13938221.64,CPI-U 2025 (321.5),,2026-02-12T10:00:00Z,2026-02-12T10:00:00Z,SPAR.VI,15.09,14.76,14.04,13.99,14.31,379593,657850,S&P 500 Utilities,0.027903,-0.060065,-0.052252,-0.030516,-0.03462,-2.5796,-1.1135,1,FALSE,0.018336,0.023507,,2026-02-12T10:00:00Z,2026-02-12T10:00:00Z
2025-0526-002,ransomware,151.33,490240,PII,"website,customer_database",,,6486016176.02,17810,40604358361.73,TRUE,28164282.07,14293744.21,10716417.09,3154120.77,,,-0.015016,-0.019306,-0.027783,330,3.0936,1,74.98,Silver,4,Sequoia Crown Financial Corp.,JP,52,,SCF.T,2025-05-26,FALSE,2025-06-13,2025-07-04,,,https://therecord.media/2025/11/14/sequoia-crown-financial-c-breached,,verified_media,,,2026-02-12T10:00:00Z,2026-02-12T10:00:00Z,calculated,284457.84,,,estimated,20886066.97,49105198.4,28164282.07,CPI-U 2025 (321.5),,2026-02-12T10:00:00Z,2026-02-12T10:00:00Z,SCF.T,84.56,83.13,81.88,81.53,80.82,4232828,13094545,S&P 500 Financials,0.02215,-0.012676,-0.019306,-0.027783,-0.031942,-0.8172,-1.8067,1,FALSE,0.020155,0.030877,,2026-02-12T10:00:00Z,2026-02-12T10:00:00Z
2025-0529-001,ransomware,91.85,30907,financial,"email,cloud_infrastructure,ERP,file_servers",,,39914029678.95,776266,219429554460.57,TRUE,75048970.02,34926502.77,30382641.61,7305976.36,2181266.22,,-0.069433,-0.028831,-0.02627,313,2.6298,0.38275,82.4,Silver,1,BazaarBrand Stores Co.,US,44-45,,BAZA,2025-05-29,TRUE,2025-06-05,2025-06-25,Killnet,suspected,https://www.sec.gov/cgi-bin/browse-edgar?action=getcompany&CIK=0001180222&type=8-K&dateb=20250111&owner=include&count=10,,sec_filing,,,2026-02-12T10:00:00Z,2026-02-12T10:00:00Z,estimated,816664.33,252583.06,insurance claim record,disclosed,57139339.65,93510896.07,75048970.02,CPI-U 2025 (321.5),Insurance claim partially denied; payout reflects negotiated settlement at 52% of claim,2026-02-12T10:00:00Z,2026-02-12T10:00:00Z,BAZA,465.19,441.08,410.45,428.36,429.49,1235984,3250371,S&P 500 Consumer Discretionary,-0.017191,-0.057521,-0.028831,-0.02627,-0.040106,-3.2345,-3.2225,0.38875,FALSE,0.025212,0.038232,,2026-02-12T10:00:00Z,2026-02-12T10:00:00Z
2025-0601-001,ransomware,42.38,,,"HR_systems,website,file_servers",,,5283759405.23,31919,35608769165.95,TRUE,13558575.51,7141290.42,5838857.83,453265.42,,7093994.09,-0.060525,-0.064554,-0.037641,84,1.8395,0.9189,87.01,Gold,4,Zimmer Production Group Inc.,US,31-33,,ZIM1,2025-06-01,FALSE,2025-06-02,2025-06-20,RansomHub,confirmed,https://www.bleepingcomputer.com/news/security/zimmer-production-group-i-hit-by-cyberattack-2025/,https://www.ico.org.uk/decisions/2025/01/INQ-2025-00312,verified_media,,,2026-02-12T10:00:00Z,2026-02-12T10:00:00Z,calculated,584745.37,125161.84,court filing,estimated,11244949.44,23173959.19,13558575.51,CPI-U 2025 (321.5),,2026-02-12T10:00:00Z,2026-02-12T10:00:00Z,ZIM1,35.62,35.47,33.32,33.18,34.13,2967140,5457941,S&P 500 Industrials,0.028046,-0.063278,-0.064554,-0.037641,-0.007711,-2.1622,-1.6513,1,FALSE,0.038796,0.077072,,2026-02-12T10:00:00Z,2026-02-12T10:00:00Z
2025-0606-001,apt,24.79,874147,PII,"customer_database,SSO",,Zero-day exploit in edge device ? fileless implant in memory ? scheduled task persistence ? low-and-slow data staging ? encrypted exfiltration over DNS tunneling,6486016176.02,17810,17980221918.77,TRUE,517136517.72,255857877.36,225799580.54,35479059.82,,,-0.061682,-0.014351,-0.032724,74,2.3159,0.14955,52.94,Bronze,4,Sequoia Crown Financial Corp.,JP,52,,SCF.T,2025-06-06,FALSE,2025-06-09,2025-06-21,Akira,unknown,https://www.theregister.com/2025/10/05/sequoia-crown-financ_security_incident/,https://www.edpb.europa.eu/decisions/2025/04/INQ-2025-00090,verified_media,low_quality_score,,2026-02-12T10:00:00Z,2026-02-12T10:00:00Z,estimated,,,,estimated,407783043.75,928850995.91,517136517.72,CPI-U 2025 (321.5),,2026-02-12T10:00:00Z,2026-02-12T10:00:00Z,SCF.T,90.76,85.91,80.61,84.68,83.1,392468,908922,S&P 500 Financials,0.010876,-0.068102,-0.014351,-0.032724,-0.01323,-3.7009,-4.9537,0.0002,FALSE,0.012508,0.023321,,2026-02-12T10:00:00Z,2026-02-12T10:00:00Z
2025-0611-001,ddos,,,,"SSO,ERP,file_servers",,,14999380161.68,25904,77758129794.55,TRUE,7942825.52,3600000,3998647.27,344178.25,,3646904.23,-0.024134,-0.009898,-0.010196,28,3.8274,1,83.55,Silver,2,Campbell Intelligence Group Inc.,BE,51,,CAMP.BR,2025-06-11,FALSE,2025-07-15,2025-08-24,Conti,unknown,https://www.campbell-intelligence-gro.com/newsroom/2025/04/security-update,,company_pr,,,2026-02-12T10:00:00Z,2026-02-12T10:00:00Z,estimated,,,,estimated,5079993.75,11985793.49,7942825.52,CPI-U 2025 (321.5),,2026-02-12T10:00:00Z,2026-02-12T10:00:00Z,CAMP.BR,220.56,207.67,202.66,205.61,205.55,17177958,65746151,S&P 500 Information Technology,-0.001032,-0.026365,-0.009898,-0.010196,0.011403,-0.8974,-0.6215,1,TRUE,0.036568,0.072735,Sector-wide sell-off during 30-day window (market correction),2026-02-12T10:00:00Z,2026-02-12T10:00:00Z
2025-0619-001,phishing,,15801,mixed,"payment_systems,manufacturing_OT",,Spear-phishing campaign targeting finance team ? credential harvesting through cloned SSO portal ? email account compromise ? BEC wire transfer or data exfiltration,6510445976.28,12617,29241847479.31,TRUE,246167085.37,107562751.82,102534422.34,36069911.21,,,-0.010463,-0.004314,-0.008536,53,3.2,1,84.82,Silver,1,Orlando Systems Holdings Inc.,ZA,51,,ORLA.JO,2025-06-19,FALSE,2025-06-29,2025-07-08,BianLian,confirmed,https://www.orlando-systems-holdings-.com/newsroom/2025/08/security-update,https://www.edpb.europa.eu/decisions/2025/07/INQ-2025-00351,company_pr,,,2026-02-12T10:00:00Z,2026-02-12T10:00:00Z,disclosed,,,,estimated,167149505.78,291727586.78,246167085.37,CPI-U 2025 (321.5),,2026-02-12T10:00:00Z,2026-02-12T10:00:00Z,ORLA.JO,43.35,41.61,41.17,41.43,41.25,2684492,8590437,S&P 500 Information Technology,-0.006789,-0.010044,-0.004314,-0.008536,0.008545,-0.5977,-0.6129,1,FALSE,0.02718,0.047886,,2026-02-12T10:00:00Z,2026-02-12T10:00:00Z
2025-0626-001,data_breach,,61262,credentials,"HR_systems,customer_database,VPN,SSO",,Misconfigured cloud storage bucket discovered by automated scanner ? bulk data download over 72 hours ? data posted to dark web marketplace,901886399.41,1575,7204249515.63,TRUE,5844869.23,2600000,2805967.97,388901.26,50000,,-0.026375,-0.006312,-0.002686,8,2.5653,1,60.26,Bronze,1,VectorWire Security Ltd.,AU,51,,VECT.AX,2025-06-26,FALSE,2025-07-08,2025-08-16,Killnet,suspected,https://www.sec.gov/cgi-bin/browse-edgar?action=getcompany&CIK=0001307696&type=8-K&dateb=20250802&owner=include&count=10,https://www.vectorwire-security-ltd.com/newsroom/2025/01/security-update,sec_filing,,,2026-02-12T10:00:00Z,2026-02-12T10:00:00Z,calculated,,,,calculated,4814181.33,8190526.89,5844869.23,CPI-U 2025 (321.5),,2026-02-12T10:00:00Z,2026-02-12T10:00:00Z,VECT.AX,14.27,14.24,13.86,14.15,14.2,343496,881166,S&P 500 Information Technology,-0.003939,-0.030196,-0.006312,-0.002686,-0.019773,-1.4498,-0.1844,1,TRUE,0.018237,0.036146,,2026-02-12T10:00:00Z,2026-02-12T10:00:00Z
2025-0626-002,data_breach,,1422,credentials,"CRM,ERP,SSO,HR_systems,backup_systems",apt,Misconfigured cloud storage bucket discovered by automated scanner ? bulk data download over 72 hours ? data posted to dark web marketplace,108613602.56,525,315055665.8,TRUE,2002572.31,1300000,405987.2,296585.11,,,-0.042327,-0.029861,-0.02087,202,3.7827,0.98495,68.99,Bronze,3,Keystone Clinical Therapeutics SE,DE,62,,KCT.DE,2025-06-26,FALSE,2025-07-02,2025-07-21,BlackBasta,suspected,https://blog.talosintelligence.com/2025/06/keystone-clinical-th-campaign.html,,cybersecurity_firm,,,2026-02-12T10:00:00Z,2026-02-12T10:00:00Z,estimated,,,,estimated,1633429.36,3562778.89,2002572.31,CPI-U 2025 (321.5),,2026-02-12T10:00:00Z,2026-02-12T10:00:00Z,KCT.DE,6.54,6,5.75,5.82,5.87,107427,406361,S&P 500 Health Care,-0.019555,-0.039668,-0.029861,-0.02087,-0.010136,-2.0301,-1.0429,1,FALSE,0.010919,0.019407,,2026-02-12T10:00:00Z,2026-02-12T10:00:00Z
2025-0701-001,apt,21.39,33003,financial,"SCADA,backup_systems,active_directory",,Zero-day exploit in edge device ? fileless implant in memory ? scheduled task persistence ? low-and-slow data staging ? encrypted exfiltration over DNS tunneling,5411624752.41,40148,37447673357.01,TRUE,14234493.82,8610869.43,5139510.75,484113.64,,,-0.079707,-0.098356,-0.050621,96,1.7578,0.3375,77.47,Silver,4,Nakamura Retail Co.,US,44-45,,NAKA,2025-07-01,FALSE,2025-08-31,2025-09-20,APT41,suspected,https://therecord.media/2025/02/05/nakamura-retail-co-breached,,verified_media,,,2026-02-12T10:00:00Z,2026-02-12T10:00:00Z,calculated,,,,estimated,10167940.01,24064112.02,14234493.82,CPI-U 2025 (321.5),,2026-02-12T10:00:00Z,2026-02-12T10:00:00Z,NAKA,69.05,71.58,65.87,64.54,67.96,1922950,3380082,S&P 500 Consumer Discretionary,-0.003706,-0.097229,-0.098356,-0.050621,-0.018245,-3.325,-2.5898,0.7051,FALSE,0.016327,0.02786,,2026-02-12T10:00:00Z,2026-02-12T10:00:00Z
2025-0702-001,malware,,19885,credentials,manufacturing_OT,,Trojanized installer via SEO-poisoned download ? fileless PowerShell execution ? registry run-key persistence ? credential dumping via LSASS ? data staged for exfil,26792083199.11,227768,180328533176.18,TRUE,5473639.88,2782118.01,1763551.08,877773.26,50197.53,3140106.04,-0.021028,-0.011311,-0.015736,36,3.743,1,90.41,Gold,1,BazaarGoods Distribution Co.,US,44-45,,BAZ1,2025-07-02,FALSE,2025-07-03,2025-07-17,,,https://www.sec.gov/cgi-bin/browse-edgar?action=getcompany&CIK=0001229009&type=8-K&dateb=20251020&owner=include&count=10,,sec_filing,,,2026-02-12T10:00:00Z,2026-02-12T10:00:00Z,estimated,,,,disclosed,3550890.87,7922478.17,5473639.88,CPI-U 2025 (321.5),,2026-02-12T10:00:00Z,2026-02-12T10:00:00Z,BAZ1,135.25,134.12,131.3,132.6,132.01,4613510,17268210,S&P 500 Consumer Discretionary,0.021078,-0.022806,-0.011311,-0.015736,0.002319,-1.1088,-0.6433,1,FALSE,0.01269,0.021527,,2026-02-12T10:00:00Z,2026-02-12T10:00:00Z
2025-0704-002,ddos,21.9,,,"CRM,active_directory,backup_systems,file_servers",,Multi-vector botnet activation ? volumetric UDP reflection (900 Gbps peak) ? application-layer HTTP/2 flood ? 18-hour service degradation,68002071296.92,207422,277720668554.36,TRUE,713039199.26,351683190.22,312387297.64,48968711.4,,157523936.5,0.005212,-0.005624,0.011857,32,2.1828,1,83.97,Silver,4,Seoul Microsystems Co. Ltd.,KR,51,,SEOU.KS,2025-07-04,FALSE,2025-07-23,2025-08-31,Conti,probable,https://therecord.media/2025/08/18/seoul-microsystems-co-ltd-breached,,verified_media,,Employee count approximate; sourced from LinkedIn company page,2026-02-12T10:00:00Z,2026-02-12T10:00:00Z,disclosed,,,,calculated,509275350.82,1252068074.69,713039199.26,CPI-U 2025 (321.5),,2026-02-12T10:00:00Z,2026-02-12T10:00:00Z,SEOU.KS,594.06,567.94,570.9,564.75,574.67,31312645,68350380,S&P 500 Information Technology,0.002762,0.004228,-0.005624,0.011857,-0.009237,0.3789,0.8014,1,FALSE,0.021323,0.024168,,2026-02-12T10:00:00Z,2026-02-12T10:00:00Z
2025-0705-002,phishing,,276983,financial,"website,HR_systems,ERP,payment_systems,active_directory",,Spear-phishing campaign targeting finance team ? credential harvesting through cloned SSO portal ? email account compromise ? BEC wire transfer or data exfiltration,43519617.07,511,252509430.09,TRUE,8042270.45,4822703.51,2695008.19,474558.75,50000,,-0.002794,-0.019181,-0.020359,351,2.6829,1,83.47,Silver,2,Cypress Aero Shipping Ltd.,AU,48-49,62,CAS.AX,2025-07-05,FALSE,2025-07-20,2025-07-28,Volt_Typhoon,suspected,https://www.cypress-aero-shipping-ltd.com/newsroom/2025/01/security-update,,company_pr,,,2026-02-12T10:00:00Z,2026-02-12T10:00:00Z,calculated,,,,disclosed,5107735.68,10133007.55,8042270.45,CPI-U 2025 (321.5),,2026-02-12T10:00:00Z,2026-02-12T10:00:00Z,CAS.AX,10.66,9.41,9.38,9.23,9.22,63598,170627,S&P 500 Industrials,0.002822,-0.00273,-0.019181,-0.020359,-0.010356,-0.1488,-0.7097,1,FALSE,0.030209,0.057902,,2026-02-12T10:00:00Z,2026-02-12T10:00:00Z
2025-0712-001,ransomware,41.24,492158,mixed,"active_directory,email,file_servers,SSO,backup_systems",,,32208739029.21,96399,174968719462.58,TRUE,57257809.68,35630751.16,15758470.5,3919713.87,,,-0.03637,-0.052473,-0.048916,145,2.1834,0.6605,51.75,Bronze,4,Timber Net Platforms Co.,PL,51,56,TNP.WA,2025-07-12,FALSE,2025-10-12,2025-10-19,Cl0p,probable,https://krebsonsecurity.com/2025/06/timber-net-platforms-breach-exposes-data/,,verified_media,low_quality_score,,2026-02-12T10:00:00Z,2026-02-12T10:00:00Z,calculated,3273209.84,1948874.15,company statement,estimated,42491359.81,91754149.85,57257809.68,CPI-U 2025 (321.5),,2026-02-12T10:00:00Z,2026-02-12T10:00:00Z,TNP.WA,446.58,394.22,379.88,373.53,374.94,2105850,4597883,S&P 500 Information Technology,0.025862,-0.040556,-0.052473,-0.048916,-0.065512,-2.679,-1.6333,1,FALSE,0.030805,0.059551,Earnings announcement within event window may confound abnormal returns,2026-02-12T10:00:00Z,2026-02-12T10:00:00Z
2025-0716-001,ransomware,24.62,484821,credentials,HR_systems,,Phishing email with weaponized attachment ? credential theft via Mimikatz ? lateral movement via RDP/SMB ? Active Directory compromise ? ransomware deployment across domain-joined hosts,9098294881.29,54201,63044935461.73,TRUE,2877642.35,546616.38,428339.86,147299.48,1337353.91,,-0.057612,-0.0765,-0.014576,16,2.2141,0.5656,76.91,Silver,4,Sable Hawk Medical Corp.,US,62,,SHM,2025-07-16,FALSE,2025-07-17,2025-08-03,Scattered_Spider,suspected,https://www.bleepingcomputer.com/news/security/sable-hawk-medical-corp-hit-by-cyberattack-2025/,https://www.bfdi.bund.de/decisions/2025/07/INQ-2025-00573,verified_media,,Initially reported as IT maintenance outage; later reclassified as security incident,2026-02-12T10:00:00Z,2026-02-12T10:00:00Z,estimated,1253376.36,418032.72,FBI disclosure,estimated,1785753.33,3992427.29,2877642.35,CPI-U 2025 (321.5),Legal fees reflect engagement of AmLaw 100 firm for class-action defense,2026-02-12T10:00:00Z,2026-02-12T10:00:00Z,SHM,46.5,46.39,43.72,42.84,45.71,7236986,16023577,S&P 500 Health Care,0.003876,-0.074437,-0.0765,-0.014576,-0.021671,-2.8688,-0.4972,1,FALSE,0.027367,0.036243,Post-incident volatility spike consistent with uncertainty resolution over 14 trading days,2026-02-12T10:00:00Z,2026-02-12T10:00:00Z
2025-0722-001,data_breach,,15952,health,cloud_infrastructure,ddos,,5217618618.47,16044,23109279998.14,TRUE,25715931.42,12252657.44,11078333.88,2035617.19,349322.91,,-0.068774,-0.09538,-0.107945,221,1.5387,0.60175,77.69,Silver,1,Mantis Secura Bancorp Group SA,FR,52,44-45,MSB.PA,2025-07-22,FALSE,2025-10-23,2025-12-22,BlackCat/ALPHV,unknown,https://www.mantis-secura-bancorp-gro.com/newsroom/2025/02/security-update,https://www.sec.gov/cgi-bin/browse-edgar?action=getcompany&CIK=0001043826&type=8-K&dateb=20250805&owner=include&count=10,company_pr,,,2026-02-12T10:00:00Z,2026-02-12T10:00:00Z,calculated,,,,estimated,18433617.96,31398441.63,25715931.42,CPI-U 2025 (321.5),,2026-02-12T10:00:00Z,2026-02-12T10:00:00Z,MSB.PA,75.22,71.97,67.02,65.11,64.2,3439125,5291659,S&P 500 Financials,0.008228,-0.065279,-0.09538,-0.107945,-0.051314,-2.7965,-3.2276,0.3862,FALSE,0.011592,0.018513,Company share buyback program active during post-incident window,2026-02-12T10:00:00Z,2026-02-12T10:00:00Z
2025-0725-001,malware,7.09,60300,health,"VPN,customer_database,SSO,backup_systems",,Trojanized installer via SEO-poisoned download ? fileless PowerShell execution ? registry run-key persistence ? credential dumping via LSASS ? data staged for exfil,35664152045.95,146628,129460739742.44,TRUE,19514013.43,13000000,4857477.28,1185001.55,471534.6,,-0.037681,-0.034133,-0.022013,64,3.2032,0.0002,73.32,Silver,1,Belfast Fabrication Group PLC,GB,31-33,,BELF.L,2025-07-25,FALSE,2025-09-25,2025-10-02,DarkSide,suspected,https://www.bfdi.bund.de/decisions/2025/05/INQ-2025-00306,https://unit42.paloaltonetworks.com/threat-brief-belfast-fabrication--2025/,gdpr_notification,,,2026-02-12T10:00:00Z,2026-02-12T10:00:00Z,estimated,,,,disclosed,15912959.66,29999982.29,19514013.43,CPI-U 2025 (321.5),Insurance claim partially denied; payout reflects negotiated settlement at 55% of claim,2026-02-12T10:00:00Z,2026-02-12T10:00:00Z,BELF.L,455.43,442.24,425.58,427.15,432.5,1644304,5266984,S&P 500 Industrials,-0.011452,-0.036669,-0.034133,-0.022013,-0.025082,-7.5362,-0.6823,1,TRUE,0.021047,0.024743,,2026-02-12T10:00:00Z,2026-02-12T10:00:00Z
2025-0725-002,phishing,,457614,mixed,"website,VPN",,,503866073.27,3865,1679708064.01,TRUE,2588446.18,800000,350663.23,244507.34,1193275.61,779945.35,-0.00671,-0.00471,0.019069,8,2.6958,1,92.43,Gold,2,Osprey Elite Advisory Inc.,US,54,,OEA,2025-07-25,TRUE,2025-08-03,2025-08-11,BlackSuit,confirmed,https://www.osprey-elite-advisory-inc.com/newsroom/2025/04/security-update,,company_pr,,,2026-02-12T10:00:00Z,2026-02-12T10:00:00Z,estimated,,,,disclosed,1771154.17,3016714.45,2588446.18,CPI-U 2025 (321.5),,2026-02-12T10:00:00Z,2026-02-12T10:00:00Z,OEA,5.57,5.27,5.23,5.25,5.37,961225,2591247,S&P 500,0.000073,-0.006408,-0.00471,0.019069,-0.004397,-0.3424,0.7878,1,TRUE,0.025785,0.046289,,2026-02-12T10:00:00Z,2026-02-12T10:00:00Z
2025-0730-002,phishing,,4476651,mixed,"VPN,SCADA,website,manufacturing_OT,customer_database",,Spear-phishing campaign targeting finance team ? credential harvesting through cloned SSO portal ? email account compromise ? BEC wire transfer or data exfiltration,37139009978.7,182120,221633168166.22,TRUE,3452827.71,1429547.58,1632707.5,390572.63,,1222981.26,-0.012604,0.010561,-0.008358,,2.2696,1,94.63,Gold,1,Guardian Orbit Bancorp Pvt. Ltd.,IN,52,,GOB.NS,2025-07-30,TRUE,2025-11-02,2025-12-19,,,https://www.sec.gov/cgi-bin/browse-edgar?action=getcompany&CIK=0001571710&type=8-K&dateb=20250605&owner=include&count=10,https://krebsonsecurity.com/2025/03/guardian-orbit-banco-breach-exposes-data/,sec_filing,,,2026-02-12T10:00:00Z,2026-02-12T10:00:00Z,disclosed,,,,estimated,2298438.45,5608124.6,3452827.71,CPI-U 2025 (321.5),,2026-02-12T10:00:00Z,2026-02-12T10:00:00Z,GOB.NS,310.22,299.13,295.36,302.29,296.63,4469568,10144262,S&P 500 Financials,0.027188,-0.01052,0.010561,-0.008358,0.009162,-0.6755,-1.0496,1,FALSE,0.021183,0.033031,,2026-02-12T10:00:00Z,2026-02-12T10:00:00Z
2025-0810-001,ransomware,106.43,,,"website,HR_systems,manufacturing_OT",data_breach,,107194946506.97,830594,479375712261.15,TRUE,68871426.71,36626897.89,24374587.93,6814919.29,,24265447.12,-0.026753,-0.040311,-0.038507,54,3.9899,1,99.23,Gold,1,Forge Shop Outlets Co.,US,44-45,,FSO,2025-08-10,FALSE,2025-08-24,2025-10-16,Hunters_International,unknown,https://www.sec.gov/cgi-bin/browse-edgar?action=getcompany&CIK=0001161684&type=8-K&dateb=20251019&owner=include&count=10,https://www.mandiant.com/resources/blog/forge-shop-outlets-c-incident-response-2025,sec_filing,,,2026-02-12T10:00:00Z,2026-02-12T10:00:00Z,calculated,2937382.61,1055021.6,congressional testimony,disclosed,49319554.53,94431346.62,68871426.71,CPI-U 2025 (321.5),,2026-02-12T10:00:00Z,2026-02-12T10:00:00Z,FSO,732.51,714.15,695.04,685.36,686.65,465360,1856750,S&P 500 Consumer Discretionary,0.00248,-0.027647,-0.040311,-0.038507,-0.035353,-1.392,-1.5855,1,TRUE,0.017222,0.027986,,2026-02-12T10:00:00Z,2026-02-12T10:00:00Z
2025-0810-002,phishing,,5778,credentials,"SSO,website,ERP",,Spear-phishing campaign targeting finance team ? credential harvesting through cloned SSO portal ? email account compromise ? BEC wire transfer or data exfiltration,23784797536.89,198045,159962092369.37,TRUE,6184432.04,3432876.34,2275825.69,475730.01,,,-0.004442,0.006145,-0.020656,238,3.5572,1,89.14,Gold,1,Barrett Labs Pty Ltd.,AU,62,,BARR.AX,2025-08-10,TRUE,2025-08-28,2025-10-21,Rhysida,suspected,https://www.sec.gov/cgi-bin/browse-edgar?action=getcompany&CIK=0001954695&type=8-K&dateb=20251128&owner=include&count=10,https://www.bleepingcomputer.com/news/security/barrett-labs-pty-ltd-hit-by-cyberattack-2025/,sec_filing,,,2026-02-12T10:00:00Z,2026-02-12T10:00:00Z,estimated,,,,estimated,5237886.96,7701974.39,6184432.04,CPI-U 2025 (321.5),,2026-02-12T10:00:00Z,2026-02-12T10:00:00Z,BARR.AX,120.32,114.23,113.72,114.93,111.87,142342,506336,S&P 500 Health Care,0.006591,-0.004825,0.006145,-0.020656,-0.013677,-0.4086,-2.7499,0.62505,FALSE,0.039934,0.048681,,2026-02-12T10:00:00Z,2026-02-12T10:00:00Z
2025-0810-003,data_breach,,278464,PII,"backup_systems,customer_database,file_servers,HR_systems,active_directory",,,2328656435.02,19734,7640567207.63,TRUE,15610245.92,7800000,5719333.09,2090912.83,,,-0.029219,-0.051204,-0.029181,117,3.7878,1,58.6,Bronze,4,Lindgren Corp Group Inc.,US,81,,LIND,2025-08-10,FALSE,2026-02-07,2026-03-12,RansomHub,suspected,https://www.bleepingcomputer.com/news/security/lindgren-corp-group-inc-hit-by-cyberattack-2025/,,verified_media,low_quality_score,Initially reported as IT maintenance outage; later reclassified as security incident,2026-02-12T10:00:00Z,2026-02-12T10:00:00Z,disclosed,,,,disclosed,9719157.1,26857767.21,15610245.92,CPI-U 2025 (321.5),,2026-02-12T10:00:00Z,2026-02-12T10:00:00Z,LIND,22.18,23.07,22.4,21.89,22.4,1964460,7440917,S&P 500,-0.01364,-0.02519,-0.051204,-0.029181,-0.031717,-1.7931,-1.3856,1,FALSE,0.020555,0.037346,,2026-02-12T10:00:00Z,2026-02-12T10:00:00Z
2025-0815-001,phishing,,,,"SSO,VPN,email,CRM",data_breach,Spear-phishing campaign targeting finance team ? credential harvesting through cloned SSO portal ? email account compromise ? BEC wire transfer or data exfiltration,680568894.3,4979,5101037410.24,TRUE,5602581.07,2400000,2771986.96,430594.11,,,0.009801,0.015634,0.031861,,1.821,1,94.73,Gold,1,Titan Shop Trading Corp.,US,44-45,,TST,2025-08-15,FALSE,2025-08-16,2025-09-19,BlackCat/ALPHV,confirmed,https://www.sec.gov/cgi-bin/browse-edgar?action=getcompany&CIK=0001977205&type=8-K&dateb=20251212&owner=include&count=10,,sec_filing,,,2026-02-12T10:00:00Z,2026-02-12T10:00:00Z,calculated,,,,estimated,4593700.32,8160636.06,5602581.07,CPI-U 2025 (321.5),,2026-02-12T10:00:00Z,2026-02-12T10:00:00Z,TST,9.86,9.19,9.28,9.33,9.48,1028668,1873160,S&P 500 Consumer Discretionary,-0.014115,0.010697,0.015634,0.031861,0.029721,0.8381,1.914,1,FALSE,0.02202,0.027824,Peer company breach in same week provides natural comparison group,2026-02-12T10:00:00Z,2026-02-12T10:00:00Z
2025-0818-001,apt,134.16,143751,IP,HR_systems,ddos,Zero-day exploit in edge device ? fileless implant in memory ? scheduled task persistence ? low-and-slow data staging ? encrypted exfiltration over DNS tunneling,108537488953.55,723769,565405877461.17,TRUE,56019254.36,33032603.33,21055688.46,1930962.57,,,-0.090252,-0.047341,-0.059287,298,3.0799,0.0002,54.42,Bronze,1,MarketFresh Stores Corp.,CA,44-45,,MAR1.TO,2025-08-18,FALSE,2025-08-26,2025-09-16,BlackBasta,suspected,https://www.sec.gov/cgi-bin/browse-edgar?action=getcompany&CIK=0001168099&type=8-K&dateb=20250225&owner=include&count=10,https://www.marketfresh-stores-corp.com/newsroom/2025/07/security-update,sec_filing,low_quality_score,,2026-02-12T10:00:00Z,2026-02-12T10:00:00Z,calculated,,,,disclosed,42714130.84,93238302.11,56019254.36,CPI-U 2025 (321.5),"Loss methodology: Monte Carlo simulation with 10,000 iterations (95th percentile)",2026-02-12T10:00:00Z,2026-02-12T10:00:00Z,MAR1.TO,474.38,435.67,396.35,415.04,409.84,1201465,3700376,S&P 500 Consumer Discretionary,0.021834,-0.098151,-0.047341,-0.059287,-0.055955,-5.0588,-2.1588,0.9206,FALSE,0.015619,0.026574,Concurrent dividend announcement partially offset negative price reaction,2026-02-12T10:00:00Z,2026-02-12T10:00:00Z
2025-0819-001,backdoor,,,,"backup_systems,customer_database,HR_systems,CRM,SSO",,,9958701367.53,80902,15952502734.68,TRUE,32561818.35,20011334.59,9133353.56,3417130.2,,12890919.28,-0.030661,-0.038113,0.011636,54,3.903,0.78065,94.99,Gold,4,NeuroPharma Healthcare Group Inc.,US,62,,NEUR,2025-08-19,TRUE,2025-10-22,2025-12-16,,,https://www.bleepingcomputer.com/news/security/neuropharma-healthcare-gr-hit-by-cyberattack-2025/,,verified_media,,,2026-02-12T10:00:00Z,2026-02-12T10:00:00Z,disclosed,,,,disclosed,25177209.41,56336115.59,32561818.35,CPI-U 2025 (321.5),,2026-02-12T10:00:00Z,2026-02-12T10:00:00Z,NEUR,116.66,114.48,110.97,110.12,115.81,58023,226462,S&P 500 Health Care,-0.013696,-0.025438,-0.038113,0.011636,0.007543,-2.4387,0.561,1,TRUE,0.013524,0.020514,Elevated options activity detected 3 days before public disclosure,2026-02-12T10:00:00Z,2026-02-12T10:00:00Z
2025-0819-002,supply_chain,42.35,,,"SSO,ERP,manufacturing_OT",,Compromised third-party software update ? trojanized DLL sideloaded ? C2 beacon established ? persistent access across customer environments,7630918316.4,12613,11711529808.48,TRUE,16326150.26,7886435.88,6451271.27,1988443.11,,,-0.053203,-0.074504,-0.054624,109,2.801,0.25225,77.53,Silver,1,Henderson Corp Holdings Inc.,US,21,,HEND,2025-08-19,FALSE,2025-09-21,2025-11-21,,,https://www.sec.gov/cgi-bin/browse-edgar?action=getcompany&CIK=0001454611&type=8-K&dateb=20250423&owner=include&count=10,https://unit42.paloaltonetworks.com/threat-brief-henderson-corp-holdi-2025/,sec_filing,,,2026-02-12T10:00:00Z,2026-02-12T10:00:00Z,calculated,,,,calculated,12701077.31,23301485.46,16326150.26,CPI-U 2025 (321.5),,2026-02-12T10:00:00Z,2026-02-12T10:00:00Z,HEND,68.97,66.15,62.63,61.22,62.54,287132,804246,S&P 500 Energy,0.015457,-0.056257,-0.074504,-0.054624,-0.021108,-3.4955,-3.1286,0.4357,TRUE,0.012018,0.020359,,2026-02-12T10:00:00Z,2026-02-12T10:00:00Z
2025-0828-001,supply_chain,,,,active_directory,backdoor,Compromised third-party software update ? trojanized DLL sideloaded ? C2 beacon established ? persistent access across customer environments,83698192457.46,370679,356055476699.05,TRUE,6376383.36,4219506.44,1511428.58,645448.34,,,-0.054431,-0.034865,0.014299,55,2.4505,0.3828,83.75,Silver,1,Lambert Investments Co.,US,52,,LAMB,2025-08-28,FALSE,2025-09-01,2025-12-07,,,https://www.sec.gov/cgi-bin/browse-edgar?action=getcompany&CIK=0001803533&type=8-K&dateb=20250613&owner=include&count=10,https://www.mandiant.com/resources/blog/lambert-investments--incident-response-2025,sec_filing,,,2026-02-12T10:00:00Z,2026-02-12T10:00:00Z,calculated,,,,calculated,4981594.27,10043108.41,6376383.36,CPI-U 2025 (321.5),,2026-02-12T10:00:00Z,2026-02-12T10:00:00Z,LAMB,357.85,348.02,329.08,335.89,353,297646,729377,S&P 500 Financials,0.008642,-0.0636,-0.034865,0.014299,0.011003,-3.2344,0.5224,1,FALSE,0.033138,0.060237,,2026-02-12T10:00:00Z,2026-02-12T10:00:00Z
2025-0831-001,ransomware,17.2,63748,PII,"customer_database,backup_systems,VPN,email,cloud_infrastructure",,Phishing email with weaponized attachment ? credential theft via Mimikatz ? lateral movement via RDP/SMB ? Active Directory compromise ? ransomware deployment across domain-joined hosts,420339692.5,1196,2247352726.7,TRUE,6610570.82,4409230.97,1559485.68,401021.54,,1500714.51,-0.02015,0.006143,0.033373,,3.325,0.2455,54.58,Bronze,2,Nashville Securities Co.,US,52,,NAS1,2025-08-31,FALSE,2025-09-15,2025-10-15,Sandworm,suspected,https://www.nashville-securities-co.com/newsroom/2025/07/security-update,,company_pr,low_quality_score,Multiple subsidiaries affected across 3 jurisdictions,2026-02-12T10:00:00Z,2026-02-12T10:00:00Z,disclosed,1090423.82,240832.63,insurance claim record,estimated,4534150.88,11410941.48,6610570.82,CPI-U 2025 (321.5),,2026-02-12T10:00:00Z,2026-02-12T10:00:00Z,NAS1,10.75,11.31,11.08,11.38,11.69,4004858,13316330,S&P 500 Financials,0.009579,-0.023537,0.006143,0.033373,0.008866,-3.509,2.7994,0.6003,TRUE,0.014469,0.023387,,2026-02-12T10:00:00Z,2026-02-12T10:00:00Z
2025-0912-001,ddos,25.8,,,"VPN,file_servers,customer_database,CRM",,Multi-vector botnet activation ? volumetric UDP reflection (900 Gbps peak) ? application-layer HTTP/2 flood ? 18-hour service degradation,53031152845.64,87212,233735627224.68,TRUE,234600266.1,106138965.14,103616449.39,24844851.57,,86953042.73,-0.013728,-0.026161,-0.036105,335,2.3345,1,56.29,Bronze,4,Orbit Vanguard Mining Group Inc.,US,21,,OVM,2025-09-12,FALSE,2025-09-30,2025-10-08,Cuba_Ransomware,probable,https://krebsonsecurity.com/2025/06/orbit-vanguard-minin-breach-exposes-data/,,verified_media,low_quality_score,,2026-02-12T10:00:00Z,2026-02-12T10:00:00Z,estimated,,,,disclosed,157974257.63,334729845.51,234600266.1,CPI-U 2025 (321.5),,2026-02-12T10:00:00Z,2026-02-12T10:00:00Z,OVM,624.04,557.06,549.41,542.49,536.95,462764,1080325,S&P 500 Energy,0.008374,-0.011736,-0.026161,-0.036105,-0.049346,-1.0802,-1.6438,1,FALSE,0.022537,0.034774,,2026-02-12T10:00:00Z,2026-02-12T10:00:00Z
2025-0925-001,data_breach,,100826,IP,"ERP,payment_systems,file_servers,SCADA,email",,Misconfigured cloud storage bucket discovered by automated scanner ? bulk data download over 72 hours ? data posted to dark web marketplace,71797826947.64,403559,254772381493.2,TRUE,29907436.13,11984180.02,13567895.42,2703155.66,1652205.03,,-0.05829,-0.083786,-0.089343,51,3.8963,0.0002,61.4,Bronze,1,Pacific Value Retail Co.,US,44-45,,PVR,2025-09-25,FALSE,2026-03-28,2026-04-02,Cuba_Ransomware,probable,https://www.sec.gov/cgi-bin/browse-edgar?action=getcompany&CIK=0001961460&type=8-K&dateb=20251022&owner=include&count=10,,sec_filing,,,2026-02-12T10:00:00Z,2026-02-12T10:00:00Z,calculated,,,,calculated,20285323.97,44202746.98,29907436.13,CPI-U 2025 (321.5),,2026-02-12T10:00:00Z,2026-02-12T10:00:00Z,PVR,641.29,616.32,580.39,564.68,561.26,1498114,5837123,S&P 500 Consumer Discretionary,-0.007943,-0.062156,-0.083786,-0.089343,-0.060749,-6.8462,-5.6079,0.0002,FALSE,0.013638,0.023882,,2026-02-12T10:00:00Z,2026-02-12T10:00:00Z
2025-0930-001,phishing,,142906,financial,"VPN,file_servers,cloud_infrastructure,SCADA",,,18764843673.93,109966,81103162871.92,TRUE,32413937.28,18077190.74,8960863.38,5375883.16,,16470031.47,-0.03876,-0.038304,-0.010678,32,3.4231,0.9413,83.88,Silver,1,Haifa Therapeutics Ltd.,IL,62,,HAIF.TA,2025-09-30,FALSE,2025-11-04,2025-11-08,Turla,unknown,https://www.sec.gov/cgi-bin/browse-edgar?action=getcompany&CIK=0001767036&type=8-K&dateb=20250426&owner=include&count=10,https://therecord.media/2025/12/11/haifa-therapeutics-ltd-breached,sec_filing,,,2026-02-12T10:00:00Z,2026-02-12T10:00:00Z,calculated,,,,calculated,22707707.78,40694167.03,32413937.28,CPI-U 2025 (321.5),,2026-02-12T10:00:00Z,2026-02-12T10:00:00Z,HAIF.TA,243.64,253.27,243.45,243.57,250.57,159679,546602,S&P 500 Health Care,-0.018386,-0.037782,-0.038304,-0.010678,-0.011272,-2.1174,-1.4797,1,FALSE,0.018718,0.032575,Company issued unrelated M&A announcement 45 days before disclosure,2026-02-12T10:00:00Z,2026-02-12T10:00:00Z
2025-1013-001,ransomware,51.65,30091,credentials,"ERP,website,active_directory",,Phishing email with weaponized attachment ? credential theft via Mimikatz ? lateral movement via RDP/SMB ? Active Directory compromise ? ransomware deployment across domain-joined hosts,5996687396.03,45311,37247935571.81,TRUE,55516418.52,21464889.13,19725690.13,6882655.19,7443184.07,21344648.51,-0.044565,-0.070688,-0.062266,174,1.6968,0.45025,80.72,Silver,1,DraftConstruct Corp Group Inc.,US,23,54,DRAF,2025-10-13,FALSE,2025-10-28,2025-11-10,Royal,probable,https://www.sec.gov/cgi-bin/browse-edgar?action=getcompany&CIK=0001726873&type=8-K&dateb=20251022&owner=include&count=10,,sec_filing,,Data exfiltration confirmed via dark web monitoring service,2026-02-12T10:00:00Z,2026-02-12T10:00:00Z,estimated,33432916.18,,,disclosed,38912599.73,73905657.8,55516418.52,CPI-U 2025 (321.5),,2026-02-12T10:00:00Z,2026-02-12T10:00:00Z,DRAF,46.36,44.43,42.45,41.29,41.66,766693,1300924,S&P 500,0.003946,-0.056912,-0.070688,-0.062266,-0.016298,-3.0995,-2.8306,0.5847,FALSE,0.028697,0.047319,Sector-wide sell-off during 30-day window (market correction),2026-02-12T10:00:00Z,2026-02-12T10:00:00Z
2025-1018-001,apt,38.73,36780,PII,"SCADA,manufacturing_OT,CRM,customer_database",,,2902506570.51,14863,9089346766.31,TRUE,22050977.84,11198817.63,8437321.41,1912851.27,501987.53,,-0.022062,0.003438,0.011013,,2.9553,1,95.19,Gold,4,Patriot Compass Diagnostics Group Inc.,US,62,,PCD,2025-10-18,FALSE,2025-10-25,2025-12-11,,,https://therecord.media/2025/11/03/patriot-compass-diagnosti-breached,https://www.bfdi.bund.de/decisions/2025/04/INQ-2025-00686,verified_media,,Incident scope expanded during investigation; initial disclosure understated impact,2026-02-12T10:00:00Z,2026-02-12T10:00:00Z,estimated,,,,disclosed,17104037.1,32233473.89,22050977.84,CPI-U 2025 (321.5),,2026-02-12T10:00:00Z,2026-02-12T10:00:00Z,PCD,27.58,27.57,26.96,27.66,27.87,692832,2047542,S&P 500 Health Care,0.015295,-0.022356,0.003438,0.011013,0.000931,-1.0289,0.6652,1,FALSE,0.016579,0.031483,,2026-02-12T10:00:00Z,2026-02-12T10:00:00Z
2025-1020-002,ransomware,34.82,2213,PII,"file_servers,HR_systems",backdoor,Phishing email with weaponized attachment ? credential theft via Mimikatz ? lateral movement via RDP/SMB ? Active Directory compromise ? ransomware deployment across domain-joined hosts,1558493823.9,19760,4665033101.97,TRUE,644697.22,259478.74,299690.21,85528.27,,,-0.037234,-0.055512,-0.03981,87,2.8386,0.91555,52.16,Bronze,1,Eagle Vanguard Hotels Inc.,US,72,,EVH,2025-10-20,FALSE,2025-10-22,2025-10-31,Cl0p,probable,https://www.sec.gov/cgi-bin/browse-edgar?action=getcompany&CIK=0001179699&type=8-K&dateb=20250701&owner=include&count=10,https://www.eagle-vanguard-hotels-inc.com/newsroom/2025/11/security-update,sec_filing,low_quality_score,,2026-02-12T10:00:00Z,2026-02-12T10:00:00Z,disclosed,2282086.18,,,disclosed,545479.53,1112845.61,644697.22,CPI-U 2025 (321.5),,2026-02-12T10:00:00Z,2026-02-12T10:00:00Z,EVH,17.38,16.01,15.41,15.12,15.37,815774,2315671,S&P 500 Consumer Discretionary,0.016671,-0.04705,-0.055512,-0.03981,-0.051705,-2.1689,-2.8184,0.5908,FALSE,0.031008,0.060608,,2026-02-12T10:00:00Z,2026-02-12T10:00:00Z
2025-1022-003,ransomware,,632434,financial,"website,CRM,cloud_infrastructure,customer_database,active_directory",,Phishing email with weaponized attachment ? credential theft via Mimikatz ? lateral movement via RDP/SMB ? Active Directory compromise ? ransomware deployment across domain-joined hosts,108537488953.55,723769,860101033940.04,TRUE,57078089.82,30305395.36,19552886.38,7120948.29,98859.79,,-0.057828,-0.026014,-0.035152,300,1.6727,0.0002,60.48,Bronze,3,MarketFresh Stores Corp.,CA,44-45,,MAR1.TO,2025-10-22,FALSE,2025-10-29,2025-11-17,Akira,suspected,https://www.crowdstrike.com/blog/marketfresh-stores-c-intrusion-analysis-2025/,,cybersecurity_firm,,,2026-02-12T10:00:00Z,2026-02-12T10:00:00Z,disclosed,1883096.06,,,calculated,45438731.35,87781844.19,57078089.82,CPI-U 2025 (321.5),,2026-02-12T10:00:00Z,2026-02-12T10:00:00Z,MAR1.TO,349.83,317.44,299.08,309.18,306.28,1072916,1794616,S&P 500 Consumer Discretionary,-0.018991,-0.06347,-0.026014,-0.035152,-0.040367,-6.1268,-2.1087,0.94565,FALSE,0.015401,0.021992,,2026-02-12T10:00:00Z,2026-02-12T10:00:00Z
2025-1023-001,data_breach,,,,"VPN,email,HR_systems,SSO",,Misconfigured cloud storage bucket discovered by automated scanner ? bulk data download over 72 hours ? data posted to dark web marketplace,293475203.68,3902,1091940296.53,TRUE,14077757.51,6500000,6198261.83,1379495.68,,,-0.029457,-0.004798,-0.016099,59,3.2008,1,81.06,Silver,4,Boston Retail Holdings Inc.,MY,44-45,,BOST.KL,2025-10-23,TRUE,2026-01-26,2026-02-02,Rhysida,probable,https://www.theregister.com/2025/07/18/boston-retail-holdin_security_incident/,,verified_media,,,2026-02-12T10:00:00Z,2026-02-12T10:00:00Z,calculated,,,,estimated,9879072.12,21498673.72,14077757.51,CPI-U 2025 (321.5),,2026-02-12T10:00:00Z,2026-02-12T10:00:00Z,BOST.KL,6.59,6.54,6.35,6.51,6.43,913524,2924047,S&P 500 Consumer Discretionary,-0.013118,-0.03667,-0.004798,-0.016099,0.008032,-1.6565,-0.825,1,FALSE,0.028981,0.051305,Peer company breach in same week provides natural comparison group,2026-02-12T10:00:00Z,2026-02-12T10:00:00Z
2025-1023-002,malware,,842421,mixed,VPN,phishing,,41612340786.18,369057,229071434062.16,TRUE,100160032.94,64000000,28528542.49,7631490.45,,45025280.45,-0.03593,-0.022764,-0.025124,284,3.1051,0.8027,72.11,Silver,2,Trident Care BioSciences Corp.,TW,62,,TCB.TW,2025-10-23,FALSE,2025-11-23,2025-12-04,Hunters_International,probable,https://unit42.paloaltonetworks.com/threat-brief-trident-care-bioscie-2025/,https://www.bleepingcomputer.com/news/security/trident-care-biosciences--hit-by-cyberattack-2025/,cybersecurity_firm,,Partial remediation completed within 48h; full recovery took 60 days,2026-02-12T10:00:00Z,2026-02-12T10:00:00Z,estimated,,,,calculated,61636445.03,161983476.72,100160032.94,CPI-U 2025 (321.5),,2026-02-12T10:00:00Z,2026-02-12T10:00:00Z,TCB.TW,211.46,202.73,195.45,198.12,197.64,17416258,54079265,S&P 500 Health Care,0.023203,-0.032729,-0.022764,-0.025124,-0.028611,-2.3946,-1.0412,1,FALSE,0.037239,0.054555,,2026-02-12T10:00:00Z,2026-02-12T10:00:00Z
2025-1027-001,phishing,,,,"website,active_directory,cloud_infrastructure,manufacturing_OT,payment_systems",,Spear-phishing campaign targeting finance team ? credential harvesting through cloned SSO portal ? email account compromise ? BEC wire transfer or data exfiltration,22433274090.19,223257,163223120713.9,TRUE,2583392.34,1096953.1,1188788.52,297650.72,,,-0.020317,-0.01034,-0.007085,36,3.7062,1,86.78,Gold,3,PathOncus Medical Co. Ltd.,KR,62,,PATH.KS,2025-10-27,FALSE,2025-11-26,2025-12-11,,,https://www.mandiant.com/resources/blog/pathoncus-medical-co-incident-response-2025,https://www.pathoncus-medical-co-ltd.com/newsroom/2025/10/security-update,cybersecurity_firm,,,2026-02-12T10:00:00Z,2026-02-12T10:00:00Z,estimated,,,,calculated,1778934.18,4548773.85,2583392.34,CPI-U 2025 (321.5),,2026-02-12T10:00:00Z,2026-02-12T10:00:00Z,PATH.KS,124.41,124.22,121.7,122.94,123.34,356932,1322869,S&P 500 Health Care,-0.005443,-0.021048,-0.01034,-0.007085,-0.015812,-1.1094,-1.417,1,FALSE,0.01745,0.029582,,2026-02-12T10:00:00Z,2026-02-12T10:00:00Z
2025-1101-001,data_breach,,132869,financial,"VPN,customer_database",supply_chain,Misconfigured cloud storage bucket discovered by automated scanner ? bulk data download over 72 hours ? data posted to dark web marketplace,233124942.7,2809,1455749472.33,TRUE,14142832.14,3776275.28,3151261.82,216237.26,6999057.78,1231863.7,-0.014396,-0.006521,0.010252,6,2.0225,1,96.65,Gold,1,Schneider Trading Group Inc.,AT,44-45,31-33,SCHN.VI,2025-11-01,FALSE,2025-12-01,2025-12-12,,,https://www.schneider-trading-group-i.com/newsroom/2025/04/security-update,https://www.aepd.es/decisions/2025/09/INQ-2025-00070,company_pr,,,2026-02-12T10:00:00Z,2026-02-12T10:00:00Z,estimated,,,,estimated,11378516.32,18099931.36,14142832.14,CPI-U 2025 (321.5),,2026-02-12T10:00:00Z,2026-02-12T10:00:00Z,SCHN.VI,5.85,6.21,6.12,6.17,6.27,1054421,2132591,S&P 500 Consumer Discretionary,-0.014436,-0.015389,-0.006521,0.010252,0.005469,-0.9801,0.3514,1,FALSE,0.01424,0.024619,,2026-02-12T10:00:00Z,2026-02-12T10:00:00Z
2025-1112-001,data_breach,,5526288,PII,ERP,,Misconfigured cloud storage bucket discovered by automated scanner ? bulk data download over 72 hours ? data posted to dark web marketplace,1207103521.72,16078,3327990916.78,TRUE,1029594.89,740926.8,243853.82,44814.27,,601306.07,-0.019875,-0.0222,0.023199,19,2.5376,1,77.61,Silver,1,Vista Dynamo Outlets SA,FR,44-45,,VDO.PA,2025-11-12,TRUE,2025-11-22,2026-01-31,APT29,confirmed,https://www.bfdi.bund.de/decisions/2025/02/INQ-2025-00847,https://www.sec.gov/cgi-bin/browse-edgar?action=getcompany&CIK=0001907829&type=8-K&dateb=20250222&owner=include&count=10,gdpr_notification,,Employee count approximate; sourced from LinkedIn company page,2026-02-12T10:00:00Z,2026-02-12T10:00:00Z,estimated,,,,disclosed,780945.58,1501039.33,1029594.89,CPI-U 2025 (321.5),,2026-02-12T10:00:00Z,2026-02-12T10:00:00Z,VDO.PA,15.17,13.81,13.54,13.5,14.13,444506,1127967,S&P 500 Consumer Discretionary,0.027917,-0.025715,-0.0222,0.023199,0.016647,-1.6555,0.8693,1,FALSE,0.030708,0.044332,,2026-02-12T10:00:00Z,2026-02-12T10:00:00Z
2025-1114-001,malware,918.13,116203,mixed,"CRM,website,payment_systems",,Trojanized installer via SEO-poisoned download ? fileless PowerShell execution ? registry run-key persistence ? credential dumping via LSASS ? data staged for exfil,274830055.3,1708,1841991812.72,TRUE,71321375.36,41224508.3,20697832,9399035.06,,36479101.8,-0.045012,-0.003328,0.012293,7,3.6291,0.0002,93.67,Gold,1,Arrow Med Pharmaceuticals SAS,FR,62,,AMP.PA,2025-11-14,FALSE,2026-01-17,2026-03-12,APT28,unknown,https://www.aepd.es/decisions/2025/10/INQ-2025-00291,https://www.arrow-med-pharmaceuticals.com/newsroom/2025/12/security-update,gdpr_notification,,,2026-02-12T10:00:00Z,2026-02-12T10:00:00Z,disclosed,,,,estimated,55693899.94,92150218.37,71321375.36,CPI-U 2025 (321.5),,2026-02-12T10:00:00Z,2026-02-12T10:00:00Z,AMP.PA,13.93,14,13.37,13.95,14.17,1112804,4038437,S&P 500 Health Care,0.002277,-0.043836,-0.003328,0.012293,0.014548,-4.0432,0.517,1,FALSE,0.013957,0.025122,Sector-wide sell-off during 30-day window (market correction),2026-02-12T10:00:00Z,2026-02-12T10:00:00Z
2025-1114-002,data_breach,,,,"manufacturing_OT,active_directory,HR_systems,SSO,website",,Misconfigured cloud storage bucket discovered by automated scanner ? bulk data download over 72 hours ? data posted to dark web marketplace,7482448638.74,38948,58511996625.33,TRUE,86577721.16,42315077.39,33749292.13,10513351.64,,,-0.032154,-0.027653,-0.030163,300,1.833,0.6346,93.36,Gold,3,Tempest Condor Builders SE,DE,23,,TCB.DE,2025-11-14,FALSE,2025-12-15,2025-12-27,RansomHub,probable,https://blog.talosintelligence.com/2025/05/tempest-condor-build-campaign.html,https://www.tempest-condor-builders-s.com/newsroom/2025/05/security-update,cybersecurity_firm,,,2026-02-12T10:00:00Z,2026-02-12T10:00:00Z,estimated,,,,calculated,55312793.91,113572952.94,86577721.16,CPI-U 2025 (321.5),,2026-02-12T10:00:00Z,2026-02-12T10:00:00Z,TCB.DE,105.54,102.94,99.63,100.09,99.84,49328,90417,S&P 500,0.018977,-0.031742,-0.027653,-0.030163,-0.033395,-2.7308,-1.7478,1,FALSE,0.022468,0.032827,Low pre-incident trading volume reduces baseline reliability; interpret with caution,2026-02-12T10:00:00Z,2026-02-12T10:00:00Z
2025-1117-001,data_breach,,31233,financial,"email,CRM",backdoor,Misconfigured cloud storage bucket discovered by automated scanner ? bulk data download over 72 hours ? data posted to dark web marketplace,10402622113.45,19010,18564022306.01,TRUE,203544190.96,123087808.4,54689029.46,25767353.1,,,-0.032788,-0.039921,-0.019729,7,1.8853,1,77.3,Silver,2,LogicTrace Technologies Pty Ltd.,AU,51,,LOGI.AX,2025-11-17,FALSE,2025-11-20,2025-12-28,,,https://www.logictrace-technologies-p.com/newsroom/2025/12/security-update,https://www.sec.gov/cgi-bin/browse-edgar?action=getcompany&CIK=0001458752&type=8-K&dateb=20250823&owner=include&count=10,company_pr,,,2026-02-12T10:00:00Z,2026-02-12T10:00:00Z,calculated,,,,calculated,149686700.91,294152159.68,203544190.96,CPI-U 2025 (321.5),,2026-02-12T10:00:00Z,2026-02-12T10:00:00Z,LOGI.AX,145.58,137.59,133.08,132.1,134.88,8999002,16966077,S&P 500 Information Technology,-0.010507,-0.030872,-0.039921,-0.019729,-0.018697,-1.5589,-0.7397,1,FALSE,0.038134,0.048078,,2026-02-12T10:00:00Z,2026-02-12T10:00:00Z
2025-1118-001,ransomware,96.91,227736,IP,SCADA,ddos,Phishing email with weaponized attachment ? credential theft via Mimikatz ? lateral movement via RDP/SMB ? Active Directory compromise ? ransomware deployment across domain-joined hosts,436944048.87,4880,2221743056.12,TRUE,4884726.53,2614493.96,1757908.91,512323.66,,1758274.7,-0.078387,-0.085559,-0.09956,283,3.3194,0.0002,82.03,Silver,2,Eriksson Health Holdings Inc.,US,62,,ERIK,2025-11-18,FALSE,2026-02-20,2026-03-04,,,https://www.eriksson-health-holdings-.com/newsroom/2025/06/security-update,https://www.aepd.es/decisions/2025/05/INQ-2025-00149,company_pr,,,2026-02-12T10:00:00Z,2026-02-12T10:00:00Z,disclosed,727441.52,,,estimated,4017337.73,7629008.24,4884726.53,CPI-U 2025 (321.5),Loss estimate based on Ponemon per-record cost methodology ($7.42/record),2026-02-12T10:00:00Z,2026-02-12T10:00:00Z,ERIK,13.83,13.17,12.14,12.04,11.86,680928,2260244,S&P 500 Health Care,-0.009152,-0.099546,-0.085559,-0.09956,-0.049254,-4.0342,-5.5761,0.0002,FALSE,0.01883,0.033342,,2026-02-12T10:00:00Z,2026-02-12T10:00:00Z
2025-1119-001,backdoor,,,,"manufacturing_OT,SCADA,ERP,SSO",phishing,Exploitation of unpatched VPN appliance ? web shell implant ? SSH backdoor installed ? persistent access maintained for 6+ months ? bulk data exfiltration,13828316574.01,112233,83126711585.29,TRUE,344453944.17,168383500.11,153867092.26,22203351.8,,165241286.38,-0.026274,-0.00204,0.017331,10,3.3652,1,75.84,Silver,1,MatrixPress Components Group Inc.,US,31-33,,MATR,2025-11-19,FALSE,2025-11-27,2026-01-31,,,https://www.sec.gov/cgi-bin/browse-edgar?action=getcompany&CIK=0001457836&type=8-K&dateb=20251218&owner=include&count=10,,sec_filing,,,2026-02-12T10:00:00Z,2026-02-12T10:00:00Z,calculated,,,,disclosed,258222046.48,544372077.74,344453944.17,CPI-U 2025 (321.5),Ransom negotiated down 43% from initial demand via third-party negotiator,2026-02-12T10:00:00Z,2026-02-12T10:00:00Z,MATR,129.65,134.29,130.76,134.02,136.62,578442,1946549,S&P 500 Industrials,0.026761,-0.023811,-0.00204,0.017331,-0.00726,-1.1833,0.6887,1,FALSE,0.020636,0.038455,,2026-02-12T10:00:00Z,2026-02-12T10:00:00Z
2025-1201-001,phishing,,4291,PII,active_directory,,,307240029.02,621,2101767096.58,TRUE,15684199.97,6859602.15,7259803.24,1564794.58,,6194056.42,0.003605,0.00768,0.012503,,1.6284,1,75.45,Silver,3,Wolverine Risk Bancorp Co.,US,52,,WRB,2025-12-01,FALSE,2026-01-02,2026-02-02,,,https://www.mandiant.com/resources/blog/wolverine-risk-banco-incident-response-2025,https://www.sec.gov/cgi-bin/browse-edgar?action=getcompany&CIK=0001833510&type=8-K&dateb=20250712&owner=include&count=10,cybersecurity_firm,,Third-party managed service provider was initial entry point,2026-02-12T10:00:00Z,2026-02-12T10:00:00Z,estimated,,,,disclosed,11617774.15,22878231.79,15684199.97,CPI-U 2025 (321.5),,2026-02-12T10:00:00Z,2026-02-12T10:00:00Z,WRB,8.99,9.26,9.29,9.33,9.38,1561913,2543400,S&P 500 Financials,0.028603,0.00375,0.00768,0.012503,0.017186,0.1918,0.5896,1,FALSE,0.017266,0.02789,Analyst downgrade issued 30 days after disclosure; may amplify CAR,2026-02-12T10:00:00Z,2026-02-12T10:00:00Z
2025-1201-002,trojan,,,,"file_servers,VPN,active_directory",,Drive-by download from compromised ad network ? remote access trojan deployment ? keylogger activation ? credential theft ? lateral movement to file servers,421568969.82,885,1092412500.66,TRUE,23487242.53,15511062.78,6581094.02,1395085.73,,14590585.66,-0.019274,-0.028834,-0.00956,18,2.3692,1,85.98,Gold,1,RiskCredit Partners Corp.,US,52,,RISK,2025-12-01,FALSE,2026-01-05,2026-01-12,,,https://www.sec.gov/cgi-bin/browse-edgar?action=getcompany&CIK=0001063399&type=8-K&dateb=20250107&owner=include&count=10,,sec_filing,,Employee count approximate; sourced from LinkedIn company page,2026-02-12T10:00:00Z,2026-02-12T10:00:00Z,calculated,,,,estimated,14837395.5,27820593.93,23487242.53,CPI-U 2025 (321.5),,2026-02-12T10:00:00Z,2026-02-12T10:00:00Z,RISK,11.64,11.44,11.22,11.11,11.33,705092,1670470,S&P 500 Financials,0.012398,-0.02365,-0.028834,-0.00956,0.003958,-1.1979,-0.6717,1,FALSE,0.023417,0.034249,,2026-02-12T10:00:00Z,2026-02-12T10:00:00Z
2025-1203-001,apt,43.94,39632,mixed,"SSO,active_directory,CRM,manufacturing_OT,payment_systems",,,466255284.86,988,2436583723.73,TRUE,44227941.74,21113963.77,16398539.09,6715438.88,,17705611.18,-0.098128,-0.092833,-0.014987,53,2.7565,0.0002,79.28,Silver,1,Phoenix Prism Ventures B.V.,NL,51,,PPV.AS,2025-12-03,FALSE,2025-12-14,2026-02-16,Scattered_Spider,suspected,https://www.cnil.fr/decisions/2025/07/INQ-2025-00359,,gdpr_notification,,Incident scope expanded during investigation; initial disclosure understated impact,2026-02-12T10:00:00Z,2026-02-12T10:00:00Z,calculated,,,,estimated,29797481.65,55078954.02,44227941.74,CPI-U 2025 (321.5),,2026-02-12T10:00:00Z,2026-02-12T10:00:00Z,PPV.AS,8.22,7.95,7.17,7.21,7.83,1063576,2931712,S&P 500 Information Technology,-0.008997,-0.106924,-0.092833,-0.014987,0.000572,-6.118,-0.4691,1,FALSE,0.011077,0.020285,,2026-02-12T10:00:00Z,2026-02-12T10:00:00Z
2025-1207-001,phishing,,14632,PII,manufacturing_OT,,,904129536.87,1445,5133252309.52,TRUE,73900680.96,13600000,7014797.12,2139447.5,51146436.34,,-0.020393,-0.032944,-0.01059,28,1.6758,1,83.22,Silver,4,Vertex Depth Resources SE,DE,21,,VDR.DE,2025-12-07,FALSE,2025-12-09,2026-03-10,,,https://krebsonsecurity.com/2025/03/vertex-depth-resourc-breach-exposes-data/,,verified_media,,,2026-02-12T10:00:00Z,2026-02-12T10:00:00Z,calculated,,,,calculated,56933113.35,101734762.59,73900680.96,CPI-U 2025 (321.5),,2026-02-12T10:00:00Z,2026-02-12T10:00:00Z,VDR.DE,8.99,8.7,8.52,8.41,8.61,1682634,2819751,S&P 500 Energy,-0.006879,-0.022776,-0.032944,-0.01059,-0.017342,-1.2357,-0.5255,1,FALSE,0.029647,0.049211,Company share buyback program active during post-incident window,2026-02-12T10:00:00Z,2026-02-12T10:00:00Z
2025-1219-001,ransomware,39.54,51025,credentials,"cloud_infrastructure,ERP,customer_database,file_servers,VPN",,Phishing email with weaponized attachment ? credential theft via Mimikatz ? lateral movement via RDP/SMB ? Active Directory compromise ? ransomware deployment across domain-joined hosts,2311636729.32,26070,5001037143.19,TRUE,4483160.85,1800000,661733.93,357087.11,1664339.81,1110115.96,-0.020654,-0.023613,-0.028905,86,2.5005,1,96.59,Gold,1,Monroe Group SAS,FR,72,,MONR.PA,2025-12-19,TRUE,2026-03-21,2026-05-20,Sandworm,suspected,https://www.sec.gov/cgi-bin/browse-edgar?action=getcompany&CIK=0001693390&type=8-K&dateb=20251016&owner=include&count=10,,sec_filing,,,2026-02-12T10:00:00Z,2026-02-12T10:00:00Z,disclosed,46370456.39,,,calculated,3071469.69,7527662.03,4483160.85,CPI-U 2025 (321.5),,2026-02-12T10:00:00Z,2026-02-12T10:00:00Z,MONR.PA,34.09,32.91,32.23,32.13,31.96,1774448,4437028,S&P 500 Consumer Discretionary,0.002622,-0.017232,-0.023613,-0.028905,-0.009782,-0.9716,-1.7154,1,FALSE,0.023829,0.02851,,2026-02-12T10:00:00Z,2026-02-12T10:00:00Z
2025-1221-001,ransomware,83.12,285219,PII,"payment_systems,email",,Phishing email with weaponized attachment ? credential theft via Mimikatz ? lateral movement via RDP/SMB ? Active Directory compromise ? ransomware deployment across domain-joined hosts,5939133834.19,23797,25303881743.01,TRUE,168157703.11,72206371.42,80771391.19,11871942.43,,,-0.013615,0.008501,0.004764,,1.6264,1,93.84,Gold,3,CompositeForge Products Ltd.,IE,31-33,,COMP.IR,2025-12-21,FALSE,2025-12-27,2026-01-15,APT29,unknown,https://blog.talosintelligence.com/2025/02/compositeforge-produ-campaign.html,,cybersecurity_firm,,,2026-02-12T10:00:00Z,2026-02-12T10:00:00Z,estimated,4218899.44,3307998.07,congressional testimony,calculated,109334979.35,194787368.4,168157703.11,CPI-U 2025 (321.5),Direct costs confirmed via SEC 8-K filing on 2025-05-28,2026-02-12T10:00:00Z,2026-02-12T10:00:00Z,COMP.IR,84.29,85.78,84.61,86.51,86.19,6966730,11330904,S&P 500 Industrials,0.027166,-0.015927,0.008501,0.004764,-0.007906,-0.8513,0.1671,1,FALSE,0.017273,0.02549,,2026-02-12T10:00:00Z,2026-02-12T10:00:00Z
2025-1225-001,apt,,3392784,PII,"payment_systems,SCADA,CRM",,,326625998.19,1374,1610312156.81,TRUE,1810789.86,819834.32,828953.95,162001.59,,,-0.0262,-0.007321,0.010159,32,3.7014,0.93255,92.93,Gold,1,Atlanta Components Holdings Inc.,US,31-33,,ATL2,2025-12-25,FALSE,2026-01-26,2026-05-01,Akira,probable,https://www.sec.gov/cgi-bin/browse-edgar?action=getcompany&CIK=0001845220&type=8-K&dateb=20250713&owner=include&count=10,,sec_filing,,,2026-02-12T10:00:00Z,2026-02-12T10:00:00Z,calculated,,,,calculated,1418950.24,2747782.03,1810789.86,CPI-U 2025 (321.5),,2026-02-12T10:00:00Z,2026-02-12T10:00:00Z,ATL2,13.44,12.06,11.74,11.97,12.18,422338,1563221,S&P 500 Industrials,0.001547,-0.03064,-0.007321,0.010159,-0.009406,-2.1349,0.7174,1,FALSE,0.030778,0.056576,,2026-02-12T10:00:00Z,2026-02-12T10:00:00Z
2025-1225-002,data_breach,,,,"CRM,payment_systems,cloud_infrastructure,VPN",,,420339692.5,1196,2723004371.26,TRUE,1083150.87,551398.06,401478.52,130274.29,,631737.89,-0.063601,-0.079461,-0.062183,182,3.9882,0.0002,88.75,Gold,1,Nashville Securities Co.,US,52,,NAS1,2025-12-25,FALSE,2025-12-30,2026-01-23,,,https://www.sec.gov/cgi-bin/browse-edgar?action=getcompany&CIK=0001971733&type=8-K&dateb=20250123&owner=include&count=10,https://www.aepd.es/decisions/2025/05/INQ-2025-00602,sec_filing,,,2026-02-12T10:00:00Z,2026-02-12T10:00:00Z,estimated,,,,disclosed,852162.19,1444518,1083150.87,CPI-U 2025 (321.5),Regulatory fine imposed under GDPR Article 83(5)(a) by PDPC,2026-02-12T10:00:00Z,2026-02-12T10:00:00Z,NAS1,9.31,8.86,8.3,8.16,8.31,533948,2129492,S&P 500 Financials,0.026784,-0.058108,-0.079461,-0.062183,-0.033879,-5.9798,-3.8813,0.05935,FALSE,0.024676,0.045625,,2026-02-12T10:00:00Z,2026-02-12T10:00:00Z
2025-1227-001,supply_chain,6.05,,,"SCADA,payment_systems",,,5411624752.41,40148,31647821691.17,TRUE,94692272.84,43536609.85,42245003.39,8910659.6,,47202487.06,-0.031041,-0.033751,-0.024258,144,2.5244,0.43815,98.22,Gold,1,Nakamura Retail Co.,US,44-45,,NAKA,2025-12-27,FALSE,2026-03-30,2026-04-11,,,https://www.sec.gov/cgi-bin/browse-edgar?action=getcompany&CIK=0001900070&type=8-K&dateb=20250524&owner=include&count=10,https://www.theregister.com/2025/07/28/nakamura-retail-co_security_incident/,sec_filing,,,2026-02-12T10:00:00Z,2026-02-12T10:00:00Z,estimated,,,,estimated,79848642.88,157169991.53,94692272.84,CPI-U 2025 (321.5),,2026-02-12T10:00:00Z,2026-02-12T10:00:00Z,NAKA,38.39,37.71,36.54,36.44,36.8,10357888,26147519,S&P 500 Consumer Discretionary,-0.014696,-0.035782,-0.033751,-0.024258,-0.033981,-3.1237,-1.0117,1,FALSE,0.010872,0.020354,,2026-02-12T10:00:00Z,2026-02-12T10:00:00Z
2025-1231-002,data_breach,,54569,mixed,"file_servers,payment_systems,ERP",ddos,Misconfigured cloud storage bucket discovered by automated scanner ? bulk data download over 72 hours ? data posted to dark web marketplace,34641785401.8,101770,91839072714.57,TRUE,53175379.01,31200000,19476929.23,2498449.78,,26954386.31,-0.015567,-0.018844,-0.025309,178,3.6831,1,83.74,Silver,4,Zenith Reserve Holdings Holdings PLC,GB,52,,ZEN1.L,2025-12-31,FALSE,2026-07-04,2026-07-19,FIN11,probable,https://therecord.media/2025/10/06/zenith-reserve-holdings-h-breached,,verified_media,,Concurrent with public CVE disclosure (CVE-2025-2025-36367),2026-02-12T10:00:00Z,2026-02-12T10:00:00Z,calculated,,,,disclosed,40602651.6,64344656.46,53175379.01,CPI-U 2025 (321.5),,2026-02-12T10:00:00Z,2026-02-12T10:00:00Z,ZEN1.L,343.29,345.68,340.3,339.17,336.93,3272335,12052228,S&P 500 Financials,-0.00067,-0.016643,-0.018844,-0.025309,-0.008264,-0.8317,-2.1226,0.9387,FALSE,0.02794,0.047106,,2026-02-12T10:00:00Z,2026-02-12T10:00:00Z
